full_name,html_url,description,language,stargazers_count,archived,pushed_at,default_branch,candidate_index,queries,license,category,review_level,evidence,inclusion_basis
0xsline/OpenChatCut,https://github.com/0xsline/OpenChatCut,"Open-source, local-first conversational AI video editor with a professional multi-track timeline, Agent Skills, MCP integration, and Remotion rendering.",TypeScript,1583,False,2026-09-04T13:29:30Z,main,2,['video_editor'],AGPL-3.0,editor_compositor,metadata_screened,research/candidates.json,"Open-source, local-first conversational AI video editor with a professional multi-track timeline, Agent Skills, MCP integration, and Remotion rendering."
3d0c/gmf,https://github.com/3d0c/gmf,Go Media Framework,Go,934,False,2022-09-06T17:04:54Z,master,3,['media_framework'],MIT,processing_framework,metadata_screened,research/candidates.json,Go Media Framework
66HEX/frame,https://github.com/66HEX/frame,FFmpeg GUI,Rust,1978,False,2026-08-31T02:37:41Z,master,4,['ffmpeg'],GPL-3.0,integration_wrapper,metadata_screened,research/candidates.json,FFmpeg GUI
75lb/handbrake-js,https://github.com/75lb/handbrake-js,Video encoding / transcoding / converting for node.js,JavaScript,590,False,2026-05-09T16:59:47Z,master,5,['transcoding'],NOASSERTION,transcoding_product,metadata_screened,research/candidates.json,Video encoding / transcoding / converting for node.js
8xFF/atm0s-media-server,https://github.com/8xFF/atm0s-media-server,"Decentralized, Global-Scale Media Server written in Rust (WebRTC/Whip/Whep/Rtmp/Sip)",Rust,329,False,2026-09-04T04:57:14Z,master,6,['rust_media'],MIT,streaming_transport,metadata_screened,research/candidates.json,"Decentralized, Global-Scale Media Server written in Rust (WebRTC/Whip/Whep/Rtmp/Sip)"
a-schild/jave2,https://github.com/a-schild/jave2,The JAVE (Java Audio Video Encoder) library is Java wrapper on the ffmpeg project,Java,1375,False,2026-08-20T12:51:44Z,master,7,['ffmpeg'],GPL-3.0,integration_wrapper,metadata_screened,research/candidates.json,The JAVE (Java Audio Video Encoder) library is Java wrapper on the ffmpeg project
aadsm/jsmediatags,https://github.com/aadsm/jsmediatags,"Media Tags Reader (ID3, MP4, FLAC)",JavaScript,797,False,2026-07-13T19:54:21Z,master,8,['containers'],NOASSERTION,container_metadata,metadata_screened,research/candidates.json,"Media Tags Reader (ID3, MP4, FLAC)"
abema/go-mp4,https://github.com/abema/go-mp4,Go library for reading and writing MP4 file,Go,546,False,2026-09-04T10:49:19Z,master,9,['containers'],MIT,container_metadata,metadata_screened,research/candidates.json,Go library for reading and writing MP4 file
abhiTronix/vidgear,https://github.com/abhiTronix/vidgear,A High-performance cross-platform Video Processing Python framework powerpacked with unique trailblazing features :fire:,Python,3723,False,2026-05-18T07:11:58Z,master,10,"['video_processing', 'filters']",Apache-2.0,processing_framework,metadata_screened,research/candidates.json,A High-performance cross-platform Video Processing Python framework powerpacked with unique trailblazing features :fire:
abus-aikorea/voice-pro,https://github.com/abus-aikorea/voice-pro,"Gradio WebUI for creators and developers, featuring key TTS (Edge-TTS, kokoro) and zero-shot Voice Cloning (E2 & F5-TTS, CosyVoice), with Whisper audio processing, YouTube download, Demucs vocal isolation, and multilingual translation.",Python,12747,False,2026-07-13T01:28:10Z,main,11,['audio'],GPL-3.0,audio_dsp,metadata_screened,research/candidates.json,"Gradio WebUI for creators and developers, featuring key TTS (Edge-TTS, kokoro) and zero-shot Voice Cloning (E2 & F5-TTS, CosyVoice), with Whisper audio processing, YouTube download, Demucs vocal isolation, and multilingual translation."
ac-freeman/adder-codec-rs,https://github.com/ac-freeman/adder-codec-rs,"A unified framework for event-based video. Encoder/transcoder/decoder for ADΔER (Address, Decimation, Δt Event Representation) video streams.",Rust,51,False,2026-06-22T18:30:58Z,main,13,['video_codec'],MIT,transcoding_product,metadata_screened,research/candidates.json,"A unified framework for event-based video. Encoder/transcoder/decoder for ADΔER (Address, Decimation, Δt Event Representation) video streams."
adobe-research/DeepAFx-ST,https://github.com/adobe-research/DeepAFx-ST,DeepAFx-ST - Style transfer of audio effects with differentiable signal processing. Please see https://csteinmetz1.github.io/DeepAFx-ST/,Python,413,False,2023-05-30T17:32:10Z,main,14,['audio'],NOASSERTION,audio_dsp,metadata_screened,research/candidates.json,DeepAFx-ST - Style transfer of audio effects with differentiable signal processing. Please see https://csteinmetz1.github.io/DeepAFx-ST/
AdrianEddy/telemetry-parser,https://github.com/AdrianEddy/telemetry-parser,"A tool to parse real-time metadata embedded in video files or telemetry from other sources like Betaflight blackbox. Supported formats: Sony, GoPro GPMF, Insta360, Betaflight blackbox (csv and binary)",Rust,297,False,2026-09-04T20:08:10Z,master,15,['rust_media'],Apache-2.0,container_metadata,metadata_screened,research/candidates.json,"A tool to parse real-time metadata embedded in video files or telemetry from other sources like Betaflight blackbox. Supported formats: Sony, GoPro GPMF, Insta360, Betaflight blackbox (csv and binary)"
aFarkas/jMediaelement,https://github.com/aFarkas/jMediaelement,jquery multimedia framework,JavaScript,151,False,2014-03-05T19:38:16Z,jme2,16,['media_framework'],GPL-2.0,processing_framework,metadata_screened,research/candidates.json,jquery multimedia framework
AIEraDev/Clypra,https://github.com/AIEraDev/Clypra,"A modern video editor built with Tauri, React, and TypeScript. Focus on building free capabilities of premium capcut functionalities",TypeScript,3169,False,2026-09-04T19:06:44Z,master,18,['video_editor'],MIT,editor_compositor,metadata_screened,research/candidates.json,"A modern video editor built with Tauri, React, and TypeScript. Focus on building free capabilities of premium capcut functionalities"
aiortc/aiortc,https://github.com/aiortc/aiortc,WebRTC and ORTC implementation for Python using asyncio,Python,5098,False,2026-07-17T08:17:35Z,main,19,['streaming'],BSD-3-Clause,streaming_transport,metadata_screened,research/candidates.json,WebRTC and ORTC implementation for Python using asyncio
alemidev/scope-tui,https://github.com/alemidev/scope-tui,oscilloscope/vectorscope/spectroscope for your terminal,Rust,710,False,2026-03-01T08:50:33Z,dev,23,['rust_media'],MIT,processing_framework,metadata_screened,research/candidates.json,oscilloscope/vectorscope/spectroscope for your terminal
AlexxIT/WebRTC,https://github.com/AlexxIT/WebRTC,Home Assistant custom component for real-time viewing of almost any camera stream using WebRTC and other technologies.,JavaScript,2171,False,2025-11-26T10:15:48Z,master,27,['streaming'],MIT,streaming_transport,metadata_screened,research/candidates.json,Home Assistant custom component for real-time viewing of almost any camera stream using WebRTC and other technologies.
alfg/ffmpeg-commander,https://github.com/alfg/ffmpeg-commander,A web-based GUI for quickly generating common FFmpeg command-line operations.,TypeScript,1084,False,2026-09-04T11:43:23Z,master,29,['ffmpeg'],MIT,processing_framework,metadata_screened,research/candidates.json,A web-based GUI for quickly generating common FFmpeg command-line operations.
alfg/mp4-rust,https://github.com/alfg/mp4-rust,MP4 reader + writer library in Rust! 🎥🦀,Rust,354,False,2024-06-15T05:18:14Z,master,30,"['containers', 'rust_media']",MIT,container_metadata,metadata_screened,research/candidates.json,MP4 reader + writer library in Rust! 🎥🦀
alibaba/unified-audio,https://github.com/alibaba/unified-audio,An Open-Source Project to Unify Audio Processing and Generation,Python,510,False,2026-07-07T05:43:04Z,main,31,['audio'],Apache-2.0,audio_dsp,metadata_screened,research/candidates.json,An Open-Source Project to Unify Audio Processing and Generation
allwinner-zh/media-codec,https://github.com/allwinner-zh/media-codec,Video and audio deconde/encode libraries.,C,188,False,2021-11-10T23:44:14Z,master,33,['video_codec'],NOASSERTION,codec_hardware,metadata_screened,research/candidates.json,Video and audio deconde/encode libraries.
alumae/gst-kaldi-nnet2-online,https://github.com/alumae/gst-kaldi-nnet2-online,GStreamer plugin around Kaldi's online neural network decoder,C++,184,False,2020-10-13T13:52:23Z,master,37,['gstreamer'],Apache-2.0,streaming_transport,metadata_screened,research/candidates.json,GStreamer plugin around Kaldi's online neural network decoder
alumae/kaldi-gstreamer-server,https://github.com/alumae/kaldi-gstreamer-server,"Real-time full-duplex speech recognition server, based on the Kaldi toolkit and the GStreamer framwork.",Python,1094,False,2024-06-08T11:29:50Z,master,38,['gstreamer'],BSD-2-Clause,streaming_transport,metadata_screened,research/candidates.json,"Real-time full-duplex speech recognition server, based on the Kaldi toolkit and the GStreamer framwork."
amishshah/prism-media,https://github.com/amishshah/prism-media,Easily transcode media using Node.js 🎶,JavaScript,258,False,2023-07-18T20:37:12Z,main,40,['transcoding'],Apache-2.0,transcoding_product,metadata_screened,research/candidates.json,Easily transcode media using Node.js 🎶
AmitDigga/fabric-video-editor,https://github.com/AmitDigga/fabric-video-editor,"Video editor that runs in the browser: timeline, text, image, video and audio layers, animations, filters, export with sound. Fabric.js + React + Next.js.",TypeScript,574,False,2026-08-30T08:31:24Z,master,41,['video_editor'],MIT,editor_compositor,metadata_screened,research/candidates.json,"Video editor that runs in the browser: timeline, text, image, video and audio layers, animations, filters, export with sound. Fabric.js + React + Next.js."
anacrolix/dms,https://github.com/anacrolix/dms,"A UPnP DLNA Digital Media Server that includes basic video transcoding. Tested on a Panasonic Viera television, several Android UPnP apps, and Chromecast.",Go,749,False,2026-08-13T05:52:41Z,master,43,['transcoding'],BSD-3-Clause,transcoding_product,metadata_screened,research/candidates.json,"A UPnP DLNA Digital Media Server that includes basic video transcoding. Tested on a Panasonic Viera television, several Android UPnP apps, and Chromecast."
andrewrk/libgroove,https://github.com/andrewrk/libgroove,streaming audio processing library,C,295,False,2024-03-28T02:17:35Z,master,45,['audio'],MIT,audio_dsp,metadata_screened,research/candidates.json,streaming audio processing library
andrewrk/node-waveform,https://github.com/andrewrk/node-waveform,simultaneously transcode audio and generate visuals - Node.js module,C,102,False,2016-02-12T22:32:29Z,master,46,['transcoding'],MIT,transcoding_product,metadata_screened,research/candidates.json,simultaneously transcode audio and generate visuals - Node.js module
andrewrk/waveform,https://github.com/andrewrk/waveform,simultaneously transcode and generate visuals for an audio file,C,268,False,2014-10-08T03:47:29Z,master,47,['transcoding'],MIT,transcoding_product,metadata_screened,research/candidates.json,simultaneously transcode and generate visuals for an audio file
Android-Jungle/android-jungle-mediaplayer,https://github.com/Android-Jungle/android-jungle-mediaplayer,"An Android MediaPlayer framework. Can play audio / video, or record audio.",Java,96,False,2017-11-03T02:43:18Z,master,48,['media_framework'],Apache-2.0,audio_dsp,metadata_screened,research/candidates.json,"An Android MediaPlayer framework. Can play audio / video, or record audio."
AngryCarrot789/FramePFX,https://github.com/AngryCarrot789/FramePFX,A non-linear video editor written in C# using Avalonia,C#,274,False,2026-02-06T11:20:34Z,master,50,['video_editor'],GPL-3.0,editor_compositor,metadata_screened,research/candidates.json,A non-linear video editor written in C# using Avalonia
anonbeat/guayadeque,https://github.com/anonbeat/guayadeque,Guayadeque is a music management program designed for all music enthusiasts. It is Full Featured Linux media player that can easily manage large collections and uses the Gstreamer media framework.,C++,131,True,2023-11-23T16:20:15Z,master,51,"['media_framework', 'gstreamer']",GPL-3.0,audio_dsp,metadata_screened,research/candidates.json,Guayadeque is a music management program designed for all music enthusiasts. It is Full Featured Linux media player that can easily manage large collections and uses the Gstreamer media framework.
ant-media/Ant-Media-Server,https://github.com/ant-media/Ant-Media-Server,"Ant Media Server — Ultra-low latency streaming engine with WebRTC (~0.5s), SRT, RTMP, HLS, CMAF, adaptive bitrate, transcoding & scaling",Java,4727,False,2026-09-03T17:05:46Z,master,52,"['transcoding', 'streaming']",NOASSERTION,transcoding_product,metadata_screened,research/candidates.json,"Ant Media Server — Ultra-low latency streaming engine with WebRTC (~0.5s), SRT, RTMP, HLS, CMAF, adaptive bitrate, transcoding & scaling"
anthwlock/untrunc,https://github.com/anthwlock/untrunc,Restore a truncated mp4/mov. Improved version of ponchio/untrunc,C++,3400,False,2026-08-21T21:00:21Z,master,53,['containers'],GPL-2.0,container_metadata,metadata_screened,research/candidates.json,Restore a truncated mp4/mov. Improved version of ponchio/untrunc
anyrtcIO-Community/anyRTC-RTMP-OpenSource,https://github.com/anyrtcIO-Community/anyRTC-RTMP-OpenSource,"RTMP 推流器，RTMP(HLS)秒开播放器，直播点播，跨平台（Win,IOS,Android）开源代码",C++,4910,False,2025-04-22T00:48:39Z,master,54,['streaming'],GPL-3.0,streaming_transport,metadata_screened,research/candidates.json,"RTMP 推流器，RTMP(HLS)秒开播放器，直播点播，跨平台（Win,IOS,Android）开源代码"
AOMediaCodec/avm,https://github.com/AOMediaCodec/avm,AVM (AOM Video Model) is the reference software for AV2 codec from Alliance for Open Media (https://aomedia.org/).,C,212,False,2026-09-04T16:29:56Z,main,55,['video_codec'],BSD-3-Clause-Clear,codec_hardware,metadata_screened,research/candidates.json,AVM (AOM Video Model) is the reference software for AV2 codec from Alliance for Open Media (https://aomedia.org/).
AprilAndFriends/theoraplayer,https://github.com/AprilAndFriends/theoraplayer,"A multi-threaded C++ library that plays video files supporting multiple codecs across platforms. Easy to use, fast, responsive, abstract interface and minimal dependencies, you'll soon be wondering how you lived without it! ;) Audio and Video interfaces are completely abstracted so the library can be used anywhere, regardless of what you use to display video frames and play audio samples (eg. OpenGL / OpenAL, Direct3D / DirectSound?, SDL / SDL_mixer, X11 / alsa ...) The library can pre-cache video frames and decoded audio samples for maximum efficiency and smooth playback, even on single-cpu systems. Currently, the library supports Theora on Windows, Mac, iOS, Linux, Android, WinRT and Windows Phone. H.264 is supported on Mac and iOS.",C,90,False,2022-07-08T07:36:08Z,master,57,['video_codec'],BSD-3-Clause,codec_hardware,metadata_screened,research/candidates.json,"A multi-threaded C++ library that plays video files supporting multiple codecs across platforms. Easy to use, fast, responsive, abstract interface and minimal dependencies, you'll soon be wondering how you lived without it! ;) Audio and Video interfaces are completely abstracted so the library can be used anywhere, regardless of what you use to display video frames and play audio samples (eg. OpenGL / OpenAL, Direct3D / DirectSound?, SDL / SDL_mixer, X11 / alsa ...) The library can pre-cache video frames and decoded audio samples for maximum efficiency and smooth playback, even on single-cpu systems. Currently, the library supports Theora on Windows, Mac, iOS, Linux, Android, WinRT and Windows Phone. H.264 is supported on Mac and iOS."
ar1st0crat/NWaves,https://github.com/ar1st0crat/NWaves,.NET DSP library with a lot of audio processing functions,C#,551,False,2022-09-27T18:42:31Z,master,58,['audio'],MIT,audio_dsp,metadata_screened,research/candidates.json,.NET DSP library with a lot of audio processing functions
aregrid/frame,https://github.com/aregrid/frame,"Frame is an AI-powered, open-source vibe video editor, offering a Professional VIDEO cuting alternative for creators. With Cursor-like interaction, it automates editing, enhances videos, and delivers a seamless vibe video editing experience. ",,272,False,2025-05-06T07:59:38Z,main,59,['video_editor'],MIT,editor_compositor,metadata_screened,research/candidates.json,"Frame is an AI-powered, open-source vibe video editor, offering a Professional VIDEO cuting alternative for creators. With Cursor-like interaction, it automates editing, enhances videos, and delivers a seamless vibe video editing experience. "
argorar/WebMConverter,https://github.com/argorar/WebMConverter,GUI for ffmpeg to convert videos to WebM and mp4. ,C#,303,False,2026-08-30T01:44:43Z,master,60,['containers'],MIT,integration_wrapper,metadata_screened,research/candidates.json,GUI for ffmpeg to convert videos to WebM and mp4. 
arrowpc/palettum,https://github.com/arrowpc/palettum,"Web app and CLI tool that lets you recolor images, GIFs, and videos with any custom palette of your choosing",Rust,488,False,2025-07-28T07:25:05Z,master,62,['rust_media'],AGPL-3.0,processing_framework,metadata_screened,research/candidates.json,"Web app and CLI tool that lets you recolor images, GIFs, and videos with any custom palette of your choosing"
ArseniyMirniy/Godot-4-Color-Correction-and-Screen-Effects,https://github.com/ArseniyMirniy/Godot-4-Color-Correction-and-Screen-Effects,"Godot 4 color correction tools similar to Video Editing apps + Post Processing Screen Effects, made with pure Visual Shaders in Godot 4.3, 4.4, and now 4.7",,242,False,2026-09-01T04:18:21Z,main,63,"['video_processing', 'filters']",MIT,editor_compositor,metadata_screened,research/candidates.json,"Godot 4 color correction tools similar to Video Editing apps + Post Processing Screen Effects, made with pure Visual Shaders in Godot 4.3, 4.4, and now 4.7"
artclarke/humble-video,https://github.com/artclarke/humble-video,"Humble Video: Demuxing, Decoding, Filtering, Encoding and Muxing of 100's of video and audio formats and Codecs from the JVM",C,578,False,2024-05-20T21:42:52Z,master,64,['video_codec'],AGPL-3.0,container_metadata,metadata_screened,research/candidates.json,"Humble Video: Demuxing, Decoding, Filtering, Encoding and Muxing of 100's of video and audio formats and Codecs from the JVM"
arthenica/ffmpeg-kit,https://github.com/arthenica/ffmpeg-kit,"FFmpeg Kit for applications. Supports Android, Flutter, iOS, Linux, macOS, React Native and tvOS. Supersedes MobileFFmpeg, flutter_ffmpeg and react-native-ffmpeg.",C,5848,True,2026-07-02T19:58:31Z,main,66,['ffmpeg'],LGPL-3.0,processing_framework,metadata_screened,research/candidates.json,"FFmpeg Kit for applications. Supports Android, Flutter, iOS, Linux, macOS, React Native and tvOS. Supersedes MobileFFmpeg, flutter_ffmpeg and react-native-ffmpeg."
aserbao/AndroidCamera,https://github.com/aserbao/AndroidCamera,"🔥🔥🔥自定义Android相机(仿抖音 TikTok)，其中功能包括视频人脸识别贴纸，美颜，分段录制，视频裁剪，视频帧处理，获取视频关键帧，视频旋转，添加滤镜，添加水印，合成Gif到视频，文字转视频，图片转视频，音视频合成，音频变声处理，SoundTouch，Fmod音频处理。 Android camera(imitation Tik Tok), which includes video editor,audio editor,video face recognition stickers, segment recording,video cropping, video frame processing, get the first video frame, key frame, video rotation, add filter Mirror ,add watermark ,add gif to video, add text to video, picture to video, audio and video synthesis, audio change processing, SoundTouch, Fmod audio processing.",Java,3296,False,2024-08-13T09:07:29Z,master,69,"['video_processing', 'video_editor', 'filters', 'audio']",UNKNOWN,editor_compositor,metadata_screened,research/candidates.json,"🔥🔥🔥自定义Android相机(仿抖音 TikTok)，其中功能包括视频人脸识别贴纸，美颜，分段录制，视频裁剪，视频帧处理，获取视频关键帧，视频旋转，添加滤镜，添加水印，合成Gif到视频，文字转视频，图片转视频，音视频合成，音频变声处理，SoundTouch，Fmod音频处理。 Android camera(imitation Tik Tok), which includes video editor,audio editor,video face recognition stickers, segment recording,video cropping, video frame processing, get the first video frame, key frame, video rotation, add filter Mirror ,add watermark ,add gif to video, add text to video, picture to video, audio and video synthesis, audio change processing, SoundTouch, Fmod audio processing."
ashishnanda19/Video-transcoder,https://github.com/ashishnanda19/Video-transcoder,"This project implements a scalable, event-driven video transcoding pipeline leveraging AWS services and Redis. It automatically processes uploaded videos and converts them into multiple resolutions to ensure efficient delivery and compatibility across devices.",TypeScript,83,False,2026-05-13T12:10:59Z,main,70,['transcoding'],UNKNOWN,transcoding_product,metadata_screened,research/candidates.json,"This project implements a scalable, event-driven video transcoding pipeline leveraging AWS services and Redis. It automatically processes uploaded videos and converts them into multiple resolutions to ensure efficient delivery and compatibility across devices."
Audio4Linux/JDSP4Linux,https://github.com/Audio4Linux/JDSP4Linux,An audio effect processor for PipeWire and PulseAudio clients,C,1522,False,2026-08-29T16:29:46Z,master,73,['audio'],GPL-3.0,audio_dsp,metadata_screened,research/candidates.json,An audio effect processor for PipeWire and PulseAudio clients
AudioKit/AudioKit,https://github.com/AudioKit/AudioKit,"Audio synthesis, processing, & analysis platform for iOS, macOS and tvOS",Swift,11458,False,2026-07-26T06:33:02Z,main,74,['audio'],MIT,audio_dsp,metadata_screened,research/candidates.json,"Audio synthesis, processing, & analysis platform for iOS, macOS and tvOS"
Augani/openreel-video,https://github.com/Augani/openreel-video,"OpenReel Video - Professional browser-based video editor. Open source CapCut alternative. 100% browser-based, no installation, no cloud uploads, no watermarks.",TypeScript,4987,False,2026-08-29T12:14:00Z,main,76,['video_editor'],MIT,editor_compositor,metadata_screened,research/candidates.json,"OpenReel Video - Professional browser-based video editor. Open source CapCut alternative. 100% browser-based, no installation, no cloud uploads, no watermarks."
AVbin/AVbin,https://github.com/AVbin/AVbin,"AVbin is a C library that provides a thin, cross-platform wrapper around Libav’s video- and audio-decoding functionality, providing long-term binary compatibility for applications and languages that need it.  See also: Pyglet, a python media framework that makes extensive use of AVbin.",C,83,False,2019-10-24T02:18:14Z,master,77,['media_framework'],LGPL-3.0,integration_wrapper,metadata_screened,research/candidates.json,"AVbin is a C library that provides a thin, cross-platform wrapper around Libav’s video- and audio-decoding functionality, providing long-term binary compatibility for applications and languages that need it.  See also: Pyglet, a python media framework that makes extensive use of AVbin."
awslabs/aws-media-replay-engine,https://github.com/awslabs/aws-media-replay-engine,Media Replay Engine (MRE) is a framework to build automated video clipping and replay (highlight) generation pipelines for live and video-on-demand content.,Python,112,False,2026-08-27T22:14:55Z,main,80,['media_framework'],Apache-2.0,processing_framework,metadata_screened,research/candidates.json,Media Replay Engine (MRE) is a framework to build automated video clipping and replay (highlight) generation pipelines for live and video-on-demand content.
axiomatic-systems/Bento4,https://github.com/axiomatic-systems/Bento4,"Full-featured MP4 format, MPEG DASH, HLS, CMAF SDK and tools",C++,2499,False,2026-06-27T10:29:30Z,master,84,['containers'],UNKNOWN,container_metadata,metadata_screened,research/candidates.json,"Full-featured MP4 format, MPEG DASH, HLS, CMAF SDK and tools"
AydinAdn/MediaToolkit,https://github.com/AydinAdn/MediaToolkit,A .NET library to convert and process all your video & audio files.,C#,694,False,2020-09-27T19:10:36Z,master,85,"['video_processing', 'filters', 'audio']",MIT,transcoding_product,metadata_screened,research/candidates.json,A .NET library to convert and process all your video & audio files.
b-editor/beutl,https://github.com/b-editor/beutl,Cross-platform video editing (compositing) software.,C#,1226,False,2026-09-04T15:48:15Z,main,86,['video_editor'],MIT,editor_compositor,metadata_screened,research/candidates.json,Cross-platform video editing (compositing) software.
BabitMF/bmf,https://github.com/BabitMF/bmf,"Cross-platform, customizable multimedia/video processing framework.  With strong GPU acceleration, heterogeneous design, multi-language support, easy to use, multi-framework compatible and high performance, the framework is ideal for transcoding, AI inference, algorithm integration, live video streaming, and more.",C++,1034,False,2026-08-26T04:49:22Z,master,87,"['video_processing', 'filters', 'transcoding']",Apache-2.0,transcoding_product,metadata_screened,research/candidates.json,"Cross-platform, customizable multimedia/video processing framework.  With strong GPU acceleration, heterogeneous design, multi-language support, easy to use, multi-framework compatible and high performance, the framework is ideal for transcoding, AI inference, algorithm integration, live video streaming, and more."
basler/gst-plugin-pylon,https://github.com/basler/gst-plugin-pylon,The official GStreamer plug-in for Basler cameras,C++,65,False,2026-08-27T13:10:31Z,main,88,['gstreamer'],BSD-3-Clause,streaming_transport,metadata_screened,research/candidates.json,The official GStreamer plug-in for Basler cameras
bbc/brave,https://github.com/bbc/brave,"Basic Real-time AV Editor - allowing you to preview, mix, and route live audio and video streams on the cloud",Python,692,False,2023-09-01T11:54:56Z,master,90,['video_editor'],Apache-2.0,editor_compositor,metadata_screened,research/candidates.json,"Basic Real-time AV Editor - allowing you to preview, mix, and route live audio and video streams on the cloud"
bbc/react-transcript-editor,https://github.com/bbc/react-transcript-editor,A React component to make correcting automated transcriptions of audio and video easier and faster. By BBC News Labs. - Work in progress,JavaScript,620,False,2024-02-12T21:24:55Z,master,91,['video_editor'],NOASSERTION,editor_compositor,metadata_screened,research/candidates.json,A React component to make correcting automated transcriptions of audio and video easier and faster. By BBC News Labs. - Work in progress
bbc/turingcodec,https://github.com/bbc/turingcodec,"Source code for the Turing codec, an HEVC software encoder optimised for fast encoding of large resolution video content",C++,157,False,2017-11-13T10:51:02Z,stable,92,['video_codec'],GPL-2.0,codec_hardware,metadata_screened,research/candidates.json,"Source code for the Turing codec, an HEVC software encoder optimised for fast encoding of large resolution video content"
beetbox/audioread,https://github.com/beetbox/audioread,cross-library (GStreamer + Core Audio + MAD + FFmpeg) audio decoding for Python,Python,538,False,2026-04-09T14:33:08Z,main,93,['gstreamer'],MIT,codec_hardware,metadata_screened,research/candidates.json,cross-library (GStreamer + Core Audio + MAD + FFmpeg) audio decoding for Python
begeekmyfriend/yasea,https://github.com/begeekmyfriend/yasea,RTMP live streaming client for Android,C++,4937,False,2026-04-13T03:33:27Z,master,94,['streaming'],MIT,streaming_transport,metadata_screened,research/candidates.json,RTMP live streaming client for Android
bfansports/CloudTranscode,https://github.com/bfansports/CloudTranscode,"Distributed videos and images encoding/transcoding using Amazon SFN, FFMpeg and ImageMagic",PHP,300,False,2026-08-19T06:39:35Z,develop,95,['transcoding'],GPL-2.0,transcoding_product,metadata_screened,research/candidates.json,"Distributed videos and images encoding/transcoding using Amazon SFN, FFMpeg and ImageMagic"
bilashcse/video-editor,https://github.com/bilashcse/video-editor,API based Online Video Editing using FFMPEG & NodeJs for Backend Editing,JavaScript,307,False,2023-03-05T05:25:06Z,master,97,['video_editor'],UNKNOWN,editor_compositor,metadata_screened,research/candidates.json,API based Online Video Editing using FFMPEG & NodeJs for Backend Editing
bilibili/ijkplayer,https://github.com/bilibili/ijkplayer,"Android/iOS video player based on FFmpeg n3.4, with MediaCodec, VideoToolbox support.",C,33202,False,2024-08-13T00:53:33Z,master,98,['ffmpeg'],GPL-2.0,integration_wrapper,metadata_screened,research/candidates.json,"Android/iOS video player based on FFmpeg n3.4, with MediaCodec, VideoToolbox support."
bill-auger/av-caster,https://github.com/bill-auger/av-caster,"A light-weight native gStreamer GUI for screencast, webcam, and audio recording and streaming",C++,86,False,2022-08-31T16:34:16Z,master,99,['gstreamer'],NOASSERTION,audio_dsp,metadata_screened,research/candidates.json,"A light-weight native gStreamer GUI for screencast, webcam, and audio recording and streaming"
BillyDM/Firewheel,https://github.com/BillyDM/Firewheel,Powerful and flexible mid-level audio engine for games and other applications,Rust,309,False,2026-09-03T18:42:30Z,main,100,['rust_media'],Apache-2.0,audio_dsp,metadata_screened,research/candidates.json,Powerful and flexible mid-level audio engine for games and other applications
binbat/live777,https://github.com/binbat/live777,"Live777 Media Server. A very simple, high performance, edge WebRTC SFU",Rust,311,False,2026-08-25T00:39:06Z,main,101,['rust_media'],MPL-2.0,streaming_transport,metadata_screened,research/candidates.json,"Live777 Media Server. A very simple, high performance, edge WebRTC SFU"
Blaizzy/mlx-audio-swift,https://github.com/Blaizzy/mlx-audio-swift,A modular Swift SDK for audio processing with MLX on Apple Silicon,Swift,772,False,2026-09-03T16:25:44Z,main,105,['audio'],MIT,audio_dsp,metadata_screened,research/candidates.json,A modular Swift SDK for audio processing with MLX on Apple Silicon
bluenviron/mediamtx,https://github.com/bluenviron/mediamtx,"Ready-to-use Media-over-QUIC / SRT / WebRTC / RTSP / RTMP / LL-HLS / MPEG-TS / RTP live media server and media proxy that allows to read, publish, proxy, record and playback real-time video and audio streams.",Go,20028,False,2026-09-04T17:02:51Z,main,106,['streaming'],MIT,audio_dsp,metadata_screened,research/candidates.json,"Ready-to-use Media-over-QUIC / SRT / WebRTC / RTSP / RTMP / LL-HLS / MPEG-TS / RTP live media server and media proxy that allows to read, publish, proxy, record and playback real-time video and audio streams."
bmc0/dsp,https://github.com/bmc0/dsp,An audio processing program with an interactive mode.,C,261,False,2026-08-26T17:56:14Z,master,109,['audio'],ISC,audio_dsp,metadata_screened,research/candidates.json,An audio processing program with an interactive mode.
bmewj/video-app,https://github.com/bmewj/video-app,A real-time video processing app written in C++ using OpenGL and FFmpeg,C++,263,False,2023-08-27T14:11:10Z,master,110,"['video_processing', 'filters']",Apache-2.0,processing_framework,metadata_screened,research/candidates.json,A real-time video processing app written in C++ using OpenGL and FFmpeg
Boddlnagg/midir,https://github.com/Boddlnagg/midir,Cross-platform realtime MIDI processing in Rust.,Rust,826,False,2026-08-11T06:41:30Z,master,112,['rust_media'],MIT,processing_framework,metadata_screened,research/candidates.json,Cross-platform realtime MIDI processing in Rust.
bookkojot/mp4fixer,https://github.com/bookkojot/mp4fixer,Recover damaged/unfinished mp4 files with h264 video,Perl,426,False,2022-11-16T20:50:29Z,master,113,['containers'],GPL-3.0,container_metadata,metadata_screened,research/candidates.json,Recover damaged/unfinished mp4 files with h264 video
bookyo/express-ffmpeg,https://github.com/bookyo/express-ffmpeg,nodejs ffmpeg video transcode webui，基于nodejs的云转码系统 https://www.efvcms.com,JavaScript,94,False,2024-04-23T04:36:30Z,master,114,['transcoding'],Apache-2.0,transcoding_product,metadata_screened,research/candidates.json,nodejs ffmpeg video transcode webui，基于nodejs的云转码系统 https://www.efvcms.com
borexola/neolink.net,https://github.com/borexola/neolink.net,"Reolink camera bridge & NVR in pure C#/.NET — RTSP restreaming, multi-camera web UI, event recording + timeline, two-way talk, Home Assistant add-on. Speaks the proprietary Baichuan protocol; no transcoding, zero dependencies, Docker and Home Assistant ready.",C#,139,False,2026-09-02T23:21:19Z,main,115,['transcoding'],AGPL-3.0,editor_compositor,metadata_screened,research/candidates.json,"Reolink camera bridge & NVR in pure C#/.NET — RTSP restreaming, multi-camera web UI, event recording + timeline, two-way talk, Home Assistant add-on. Speaks the proprietary Baichuan protocol; no transcoding, zero dependencies, Docker and Home Assistant ready."
BowenL0218/MMVC_video_codec,https://github.com/BowenL0218/MMVC_video_codec,,Python,23,False,2023-06-21T02:49:05Z,main,116,['video_codec'],GPL-3.0,codec_hardware,metadata_screened,research/candidates.json,BowenL0218/MMVC_video_codec
bp2008/cameraproxy,https://github.com/bp2008/cameraproxy,"A Windows Service which acts as a ""smart"" proxy for IP network cameras. Uses the .NET framework and parts of the VLC media player libraries.",C#,71,False,2024-07-23T03:04:59Z,master,117,['media_framework'],GPL-3.0,playback,metadata_screened,research/candidates.json,"A Windows Service which acts as a ""smart"" proxy for IP network cameras. Uses the .NET framework and parts of the VLC media player libraries."
BradLarson/GPUImage,https://github.com/BradLarson/GPUImage,An open source iOS framework for GPU-based image and video processing,Objective-C,20301,False,2024-02-16T22:29:30Z,master,118,"['video_processing', 'filters']",BSD-3-Clause,processing_framework,metadata_screened,research/candidates.json,An open source iOS framework for GPU-based image and video processing
BradLarson/GPUImage2,https://github.com/BradLarson/GPUImage2,GPUImage 2 is a BSD-licensed Swift framework for GPU-accelerated video and image processing.,Swift,4941,False,2024-02-16T05:43:58Z,master,119,"['video_processing', 'filters']",BSD-3-Clause,processing_framework,metadata_screened,research/candidates.json,GPUImage 2 is a BSD-licensed Swift framework for GPU-accelerated video and image processing.
BradLarson/GPUImage3,https://github.com/BradLarson/GPUImage3,GPUImage 3 is a BSD-licensed Swift framework for GPU-accelerated video and image processing using Metal.,Swift,2878,False,2024-07-25T15:40:27Z,main,120,"['video_processing', 'filters']",BSD-3-Clause,processing_framework,metadata_screened,research/candidates.json,GPUImage 3 is a BSD-licensed Swift framework for GPU-accelerated video and image processing using Metal.
bramp/ffmpeg-cli-wrapper,https://github.com/bramp/ffmpeg-cli-wrapper,Java wrapper around the FFmpeg command line tool,Java,1905,False,2026-08-30T08:42:42Z,main,121,['ffmpeg'],BSD-2-Clause,integration_wrapper,metadata_screened,research/candidates.json,Java wrapper around the FFmpeg command line tool
BreakingY/Media-Cognition-Pipeline,https://github.com/BreakingY/Media-Cognition-Pipeline,"A general-purpose real-time streaming media and deep learning inference acceleration framework, supporting H264, H265, AAC, MP4, FLV, RTSP, RTMP, and YOLO.实时流媒体及深度学习推理加速通用处理框架，支持H264、H265、AAC、MP4、FLV、RTSP、RTMP、YOLO。",C++,76,False,2026-09-03T02:35:16Z,master,122,['media_framework'],MIT,container_metadata,metadata_screened,research/candidates.json,"A general-purpose real-time streaming media and deep learning inference acceleration framework, supporting H264, H265, AAC, MP4, FLV, RTSP, RTMP, and YOLO.实时流媒体及深度学习推理加速通用处理框架，支持H264、H265、AAC、MP4、FLV、RTSP、RTMP、YOLO。"
BreakingY/Nvidia-Video-Codec,https://github.com/BreakingY/Nvidia-Video-Codec,"Nvidia video hard decoding, rendering, soft/hard encoding, and writing to MP4 file ; Nvidia视频硬解码、渲染、软/硬编码并写入MP4文件",C,31,False,2025-12-31T02:34:28Z,master,123,['video_codec'],MIT,container_metadata,metadata_screened,research/candidates.json,"Nvidia video hard decoding, rendering, soft/hard encoding, and writing to MP4 file ; Nvidia视频硬解码、渲染、软/硬编码并写入MP4文件"
BrettRD/ros-gst-bridge,https://github.com/BrettRD/ros-gst-bridge,a bidirectional ros to gstreamer bridge and utilities for dynamic pipelines,C++,185,False,2026-03-28T13:38:50Z,develop,126,['gstreamer'],LGPL-3.0,streaming_transport,metadata_screened,research/candidates.json,a bidirectional ros to gstreamer bridge and utilities for dynamic pipelines
bwasti/mebm,https://github.com/bwasti/mebm,zero-dependency browser-based video editor,JavaScript,982,False,2023-01-06T05:16:27Z,main,133,['video_editor'],MIT,editor_compositor,metadata_screened,research/candidates.json,zero-dependency browser-based video editor
bytedeco/javacv,https://github.com/bytedeco/javacv,"Java interface to OpenCV, FFmpeg, and more",Java,8334,False,2026-08-12T02:20:17Z,master,134,['ffmpeg'],NOASSERTION,integration_wrapper,metadata_screened,research/candidates.json,"Java interface to OpenCV, FFmpeg, and more"
cap-ntu/Morph,https://github.com/cap-ntu/Morph,A Fast and Scalable Cloud/Distributed Transcoding System,Python,93,False,2019-03-27T08:07:55Z,master,138,['transcoding'],UNKNOWN,transcoding_product,metadata_screened,research/candidates.json,A Fast and Scalable Cloud/Distributed Transcoding System
caprica/vlcj,https://github.com/caprica/vlcj,Java framework for the vlc media player,Java,1241,False,2026-02-22T21:07:55Z,master,139,['media_framework'],GPL-3.0,playback,metadata_screened,research/candidates.json,Java framework for the vlc media player
CapSoftware/scap,https://github.com/CapSoftware/scap,"High-performance, cross-platform screen capture library in Rust.",Rust,639,False,2025-08-05T15:59:19Z,main,140,['rust_media'],MIT,processing_framework,metadata_screened,research/candidates.json,"High-performance, cross-platform screen capture library in Rust."
cartesiancs/cartcut,https://github.com/cartesiancs/cartcut,"Video Editor for AI agents, built on the belief that open source can beat commercial tools",TypeScript,593,False,2026-09-04T14:19:38Z,main,142,['video_editor'],MIT,editor_compositor,metadata_screened,research/candidates.json,"Video Editor for AI agents, built on the belief that open source can beat commercial tools"
caydey/ffshare,https://github.com/caydey/ffshare,"An android app to compress image, video and audio files through ffmpeg before sharing them",Kotlin,1096,False,2026-08-14T12:32:41Z,master,143,['ffmpeg'],GPL-3.0,audio_dsp,metadata_screened,research/candidates.json,"An android app to compress image, video and audio files through ffmpeg before sharing them"
centricular/gstcefsrc,https://github.com/centricular/gstcefsrc,A simple gstreamer wrapper around Chromium Embedded Framework,C++,100,False,2026-08-24T12:58:32Z,master,145,['gstreamer'],LGPL-2.1,integration_wrapper,metadata_screened,research/candidates.json,A simple gstreamer wrapper around Chromium Embedded Framework
ChangbaDevs/KTVHTTPCache,https://github.com/ChangbaDevs/KTVHTTPCache,A powerful media cache framework.,Objective-C,2510,False,2025-09-04T06:54:40Z,master,148,['media_framework'],MIT,processing_framework,metadata_screened,research/candidates.json,A powerful media cache framework.
ChangbaDevs/KTVVideoProcess,https://github.com/ChangbaDevs/KTVVideoProcess,A High-Performance video effects processing framework.,Objective-C,580,False,2024-04-22T04:57:21Z,master,149,"['video_processing', 'filters']",MIT,processing_framework,metadata_screened,research/candidates.json,A High-Performance video effects processing framework.
changsanjiang/SJMediaCacheServer,https://github.com/changsanjiang/SJMediaCacheServer,SJMediaCacheServer 是一个高效的 HTTP 媒体缓存框架，旨在代理媒体数据请求并优先提供缓存数据，从而减少网络流量并增强播放的流畅性。该框架支持两种类型的远程资源：基于文件的媒体，如 MP3、AAC、WAV、FLAC、OGG、MP4 和 MOV 等常见格式，以及 HLS（HTTP Live Streaming）流。它会自动解析 HLS 播放列表并代理各个媒体片段。,Objective-C,302,False,2025-08-20T03:25:12Z,master,150,['containers'],MIT,container_metadata,metadata_screened,research/candidates.json,SJMediaCacheServer 是一个高效的 HTTP 媒体缓存框架，旨在代理媒体数据请求并优先提供缓存数据，从而减少网络流量并增强播放的流畅性。该框架支持两种类型的远程资源：基于文件的媒体，如 MP3、AAC、WAV、FLAC、OGG、MP4 和 MOV 等常见格式，以及 HLS（HTTP Live Streaming）流。它会自动解析 HLS 播放列表并代理各个媒体片段。
chaosprint/asak,https://github.com/chaosprint/asak,"A cross-platform audio recording/playback CLI tool with TUI, written in Rust.",Rust,370,False,2026-04-11T21:57:10Z,main,151,['rust_media'],MIT,audio_dsp,metadata_screened,research/candidates.json,"A cross-platform audio recording/playback CLI tool with TUI, written in Rust."
chaosprint/glicol,https://github.com/chaosprint/glicol,Graph-oriented live coding language and music/audio DSP library written in Rust,Rust,2994,False,2025-04-06T14:42:57Z,main,152,['rust_media'],MIT,audio_dsp,metadata_screened,research/candidates.json,Graph-oriented live coding language and music/audio DSP library written in Rust
chatop2020/AKStream,https://github.com/chatop2020/AKStream,"AKStream是一套全平台(Linux,MacOS,Windows)、全架构(X86_64,Arm...)、全功能的流媒体管理控制接口平台。集成GB28181,RTSP,RTMP,HTTP等设备推拉流控制、PTZ控制、音视频文件录制管理、音视频文件裁剪合并等功能与一体",C#,1531,False,2026-08-13T02:02:18Z,master,153,['streaming'],MIT,streaming_transport,metadata_screened,research/candidates.json,"AKStream是一套全平台(Linux,MacOS,Windows)、全架构(X86_64,Arm...)、全功能的流媒体管理控制接口平台。集成GB28181,RTSP,RTMP,HTTP等设备推拉流控制、PTZ控制、音视频文件录制管理、音视频文件裁剪合并等功能与一体"
CherryPerry/VideoCrop,https://github.com/CherryPerry/VideoCrop,Crop video with Android Media Codec API,Kotlin,49,True,2024-03-17T23:01:17Z,master,155,['video_codec'],WTFPL,codec_hardware,metadata_screened,research/candidates.json,Crop video with Android Media Codec API
ChillingVan/AndroidInstantVideo,https://github.com/ChillingVan/AndroidInstantVideo,"展现Android硬编码下的视频数据流动，可以对视频做处理，例如加滤镜，加水印等，做直播推流（用RTMP）。  Show the stream of Android video hardware encode, including video processing and video publishing by RTMP.",Java,722,False,2022-12-18T15:26:08Z,master,156,"['video_processing', 'filters']",Apache-2.0,streaming_transport,metadata_screened,research/candidates.json,"展现Android硬编码下的视频数据流动，可以对视频做处理，例如加滤镜，加水印等，做直播推流（用RTMP）。  Show the stream of Android video hardware encode, including video processing and video publishing by RTMP."
chromeos/cros-codecs,https://github.com/chromeos/cros-codecs,"A lightweight, simple, low-dependency, and hopefully safe crate for hardware-accelerated video decoding and encoding on Linux. (read-only mirror of https://android.googlesource.com/platform/system/cros-codecs/)",Rust,75,False,2025-06-18T19:15:43Z,main,158,['video_codec'],BSD-3-Clause,codec_hardware,metadata_screened,research/candidates.json,"A lightweight, simple, low-dependency, and hopefully safe crate for hardware-accelerated video decoding and encoding on Linux. (read-only mirror of https://android.googlesource.com/platform/system/cros-codecs/)"
cisco/thor,https://github.com/cisco/thor,Thor Video Codec,C,701,False,2018-08-08T19:06:20Z,master,161,['video_codec'],BSD-2-Clause,codec_hardware,metadata_screened,research/candidates.json,Thor Video Codec
CivelXu/iOS-Lame-Audio-transcoding,https://github.com/CivelXu/iOS-Lame-Audio-transcoding,AVAudioRecorder,C,134,False,2019-07-02T02:46:46Z,master,162,['transcoding'],UNKNOWN,transcoding_product,metadata_screened,research/candidates.json,AVAudioRecorder
clydemcqueen/gscam2,https://github.com/clydemcqueen/gscam2,"ROS2 camera driver for GStreamer-based video streams, supports intra-process communication",C++,137,False,2026-06-26T15:54:27Z,main,165,['gstreamer'],UNKNOWN,streaming_transport,metadata_screened,research/candidates.json,"ROS2 camera driver for GStreamer-based video streams, supports intra-process communication"
CmST0us/VideoCodecKit,https://github.com/CmST0us/VideoCodecKit,iOS macOS 编解码库 脱离ffmpeg等外部依赖 支持H.264 H.265裸流播放 硬件编解码 rtmp推流等. New Version: https://github.com/CmST0us/MediaIO,Objective-C,101,False,2020-03-07T15:54:03Z,master,166,['video_codec'],UNKNOWN,codec_hardware,metadata_screened,research/candidates.json,iOS macOS 编解码库 脱离ffmpeg等外部依赖 支持H.264 H.265裸流播放 硬件编解码 rtmp推流等. New Version: https://github.com/CmST0us/MediaIO
coherence-project/Coherence,https://github.com/coherence-project/Coherence,DLNA/UPnP Media Server and Framework for the Digital Living,Python,174,True,2018-06-29T07:21:37Z,develop,172,['media_framework'],MIT,streaming_transport,metadata_screened,research/candidates.json,DLNA/UPnP Media Server and Framework for the Digital Living
Comedian1926/OpenFMV,https://github.com/Comedian1926/OpenFMV,"Local-first visual editor for creating interactive videos, branching stories, and standalone desktop narrative experiences.",TypeScript,221,False,2026-06-26T08:39:37Z,main,174,['video_editor'],MIT,editor_compositor,metadata_screened,research/candidates.json,"Local-first visual editor for creating interactive videos, branching stories, and standalone desktop narrative experiences."
cool-japan/oximedia,https://github.com/cool-japan/oximedia,"OxiMedia is the Sovereign Media Framework - A patent-free, memory-safe multimedia processing library written in pure Rust. Pure Rust reconstruction of both FFmpeg (multimedia processing) and OpenCV (computer vision) — unified in a single cohesive framework.",Rust,253,False,2026-08-14T03:49:14Z,master,175,['media_framework'],NOASSERTION,processing_framework,metadata_screened,research/candidates.json,"OxiMedia is the Sovereign Media Framework - A patent-free, memory-safe multimedia processing library written in pure Rust. Pure Rust reconstruction of both FFmpeg (multimedia processing) and OpenCV (computer vision) — unified in a single cohesive framework."
CPJKU/madmom,https://github.com/CPJKU/madmom,Python audio and music signal processing library,Python,1707,False,2026-03-20T09:38:58Z,main,176,['audio'],NOASSERTION,audio_dsp,metadata_screened,research/candidates.json,Python audio and music signal processing library
CreateChance/SimpleVideoEditor,https://github.com/CreateChance/SimpleVideoEditor,"Video editor library for android, implemented with android media framework and opengl es 2.0.",Java,44,False,2018-08-28T11:18:26Z,master,177,['media_framework'],Apache-2.0,editor_compositor,metadata_screened,research/candidates.json,"Video editor library for android, implemented with android media framework and opengl es 2.0."
crosire/reshade,https://github.com/crosire/reshade,A generic post-processing injector for games and video software.,C++,5428,False,2026-09-02T22:44:02Z,main,181,"['video_processing', 'filters']",BSD-3-Clause,processing_framework,metadata_screened,research/candidates.json,A generic post-processing injector for games and video software.
csteinmetz1/dasp-pytorch,https://github.com/csteinmetz1/dasp-pytorch,Differentiable audio signal processors in PyTorch,Python,298,False,2023-12-04T08:06:18Z,main,183,['audio'],Apache-2.0,audio_dsp,metadata_screened,research/candidates.json,Differentiable audio signal processors in PyTorch
CutWire-Studios/Drift,https://github.com/CutWire-Studios/Drift,"Drift is a free, open-source, beginner-friendly desktop video editor built with Qt 6 and FFmpeg.",C++,577,False,2026-09-04T16:37:42Z,main,185,['video_editor'],GPL-3.0,editor_compositor,metadata_screened,research/candidates.json,"Drift is a free, open-source, beginner-friendly desktop video editor built with Qt 6 and FFmpeg."
cycfi/q,https://github.com/cycfi/q,C++ Library for Audio Digital Signal Processing,C++,1420,False,2026-09-02T10:02:40Z,master,186,['audio'],BSL-1.0,audio_dsp,metadata_screened,research/candidates.json,C++ Library for Audio Digital Signal Processing
daem-on/fwf,https://github.com/daem-on/fwf,HTML video editor with FFmpeg,JavaScript,262,False,2021-01-18T13:58:59Z,master,188,['video_editor'],MIT,editor_compositor,metadata_screened,research/candidates.json,HTML video editor with FFmpeg
daniulive/SmarterStreaming,https://github.com/daniulive/SmarterStreaming,业内为数不多致力于极致体验的超强全自研跨平台(windows/linux/android/iOS)流媒体内核，通过模块化自由组合，支持实时RTMP推流、RTSP推流、RTMP播放器、RTSP播放器、录像、多路流媒体转发、音视频导播、动态视频合成、音频混音、直播互动、内置轻量级RTSP服务等，比快更快，业界真正靠谱的超低延迟直播SDK(延迟低至100~200ms)。,Java,11172,False,2026-04-15T02:19:00Z,master,191,['streaming'],UNKNOWN,streaming_transport,metadata_screened,research/candidates.json,业内为数不多致力于极致体验的超强全自研跨平台(windows/linux/android/iOS)流媒体内核，通过模块化自由组合，支持实时RTMP推流、RTSP推流、RTMP播放器、RTSP播放器、录像、多路流媒体转发、音视频导播、动态视频合成、音频混音、直播互动、内置轻量级RTSP服务等，比快更快，业界真正靠谱的超低延迟直播SDK(延迟低至100~200ms)。
DataAnts-AI/CutScript,https://github.com/DataAnts-AI/CutScript,Open-source AI-powered text-based video editor. Edit video by editing text.,TypeScript,226,False,2026-03-06T16:19:23Z,main,194,['video_editor'],MIT,editor_compositor,metadata_screened,research/candidates.json,Open-source AI-powered text-based video editor. Edit video by editing text.
datarhei/core,https://github.com/datarhei/core,"datarhei Core is management for FFmpeg processes without development effort. Whether your streaming has one viewer or a million, we have the tools to help you develop, deploy and manage any video project at any stage. We've solved the challenging problems so you can focus on your application, not your infrastructure.",Go,279,False,2026-09-03T22:47:14Z,main,195,"['video_processing', 'filters']",Apache-2.0,streaming_transport,metadata_screened,research/candidates.json,"datarhei Core is management for FFmpeg processes without development effort. Whether your streaming has one viewer or a million, we have the tools to help you develop, deploy and manage any video project at any stage. We've solved the challenging problems so you can focus on your application, not your infrastructure."
datarhei/restreamer,https://github.com/datarhei/restreamer,"The Restreamer is a complete streaming server solution for self-hosting. It has a visually appealing user interface and no ongoing license costs. Upload your live stream to YouTube, Twitch, Facebook, Vimeo, or other streaming solutions like Wowza. Receive video data from OBS and publish it with the RTMP and SRT server.",HTML,5185,False,2026-05-22T06:57:59Z,2.x,196,['streaming'],Apache-2.0,streaming_transport,metadata_screened,research/candidates.json,"The Restreamer is a complete streaming server solution for self-hosting. It has a visually appealing user interface and no ongoing license costs. Upload your live stream to YouTube, Twitch, Facebook, Vimeo, or other streaming solutions like Wowza. Receive video data from OBS and publish it with the RTMP and SRT server."
DBraun/DawDreamer,https://github.com/DBraun/DawDreamer,"Digital Audio Workstation with Python; VST instruments/effects, parameter automation, FAUST, JAX, Warp Markers, and JUCE processors",C++,1290,False,2026-09-01T04:25:36Z,main,198,['audio'],GPL-3.0,audio_dsp,metadata_screened,research/candidates.json,"Digital Audio Workstation with Python; VST instruments/effects, parameter automation, FAUST, JAX, Warp Markers, and JUCE processors"
ddf/Minim,https://github.com/ddf/Minim,"A Java audio library, designed to be used with Processing.",Java,678,False,2023-02-11T01:50:54Z,main,199,['audio'],LGPL-3.0,audio_dsp,metadata_screened,research/candidates.json,"A Java audio library, designed to be used with Processing."
ddssingsong/webrtc_android,https://github.com/ddssingsong/webrtc_android,webrtc VideoCall VideoConference  视频通话 视频会议,Java,1720,False,2025-01-09T05:55:34Z,master,200,['streaming'],MIT,streaming_transport,metadata_screened,research/candidates.json,webrtc VideoCall VideoConference  视频通话 视频会议
deeeed/audiolab,https://github.com/deeeed/audiolab,"Cross-platform audio processing SDK for React Native — streaming, recording, analysis, visualization, and on-device inference",TypeScript,337,False,2026-08-25T09:38:41Z,main,202,['audio'],MIT,audio_dsp,metadata_screened,research/candidates.json,"Cross-platform audio processing SDK for React Native — streaming, recording, analysis, visualization, and on-device inference"
deepch/RTSPtoWeb,https://github.com/deepch/RTSPtoWeb,RTSP Stream to WebBrowser,JavaScript,1693,False,2026-09-03T20:51:15Z,master,203,['streaming'],MIT,streaming_transport,metadata_screened,research/candidates.json,RTSP Stream to WebBrowser
deepch/RTSPtoWebRTC,https://github.com/deepch/RTSPtoWebRTC,RTSP to WebRTC use Pion WebRTC,JavaScript,1788,False,2026-09-03T04:53:34Z,master,204,['streaming'],MIT,streaming_transport,metadata_screened,research/candidates.json,RTSP to WebRTC use Pion WebRTC
deepch/vdk,https://github.com/deepch/vdk,A set of libraries for building streaming services. RTSP RTMP MP4 WS TS DASH WEBRTC MP4f,Go,482,False,2026-09-04T05:17:09Z,master,205,['containers'],MIT,container_metadata,metadata_screened,research/candidates.json,A set of libraries for building streaming services. RTSP RTMP MP4 WS TS DASH WEBRTC MP4f
deepmedia/Transcoder,https://github.com/deepmedia/Transcoder,"🎞 Hardware-accelerated video transcoding using Android MediaCodec APIs. Supports cropping, concatenation, clipping, audio processing, video speed and much more.",Java,864,False,2024-11-05T03:24:32Z,main,206,"['video_processing', 'filters', 'audio', 'transcoding']",Apache-2.0,transcoding_product,metadata_screened,research/candidates.json,"🎞 Hardware-accelerated video transcoding using Android MediaCodec APIs. Supports cropping, concatenation, clipping, audio processing, video speed and much more."
derekshreds/Snacks,https://github.com/derekshreds/Snacks,Automated transcoding for your video and music libraries,C#,193,False,2026-08-29T02:22:07Z,master,209,['transcoding'],MIT,transcoding_product,metadata_screened,research/candidates.json,Automated transcoding for your video and music libraries
devhyper/open-video-editor,https://github.com/devhyper/open-video-editor,"Open source Android video editor, built with Media3 and Jetpack Compose.",Kotlin,723,False,2026-08-26T22:51:27Z,master,211,['video_editor'],GPL-3.0,editor_compositor,metadata_screened,research/candidates.json,"Open source Android video editor, built with Media3 and Jetpack Compose."
devsnd/python-audiotranscode,https://github.com/devsnd/python-audiotranscode,"transcode using installed codecs (lame mp3, ogg vorbis, flac, aac, wav)",Python,104,False,2016-01-12T01:49:24Z,master,213,['transcoding'],GPL-3.0,transcoding_product,metadata_screened,research/candidates.json,"transcode using installed codecs (lame mp3, ogg vorbis, flac, aac, wav)"
dheijl/swyh-rs,https://github.com/dheijl/swyh-rs,"Stream What You Hear written in rust, inspired by SWYH.",Rust,599,False,2026-09-04T19:05:33Z,main,214,['rust_media'],MIT,streaming_transport,metadata_screened,research/candidates.json,"Stream What You Hear written in rust, inspired by SWYH."
dhowden/tag,https://github.com/dhowden/tag,"ID3, MP4 and OGG/FLAC metadata parsing in Go",Go,654,False,2024-07-30T21:17:31Z,master,215,['containers'],BSD-2-Clause,container_metadata,metadata_screened,research/candidates.json,"ID3, MP4 and OGG/FLAC metadata parsing in Go"
diffusionstudio/editor,https://github.com/diffusionstudio/editor,"An open-source video editor built for agents. Edits become code, code becomes video.",TypeScript,2451,False,2026-09-03T18:31:37Z,main,219,['video_editor'],MPL-2.0,editor_compositor,metadata_screened,research/candidates.json,"An open-source video editor built for agents. Edits become code, code becomes video."
divideon/xvc,https://github.com/divideon/xvc,a world-class video codec ,C++,124,False,2025-07-03T12:21:39Z,master,222,['video_codec'],LGPL-2.1,codec_hardware,metadata_screened,research/candidates.json,a world-class video codec 
dmnsgn/canvas-record,https://github.com/dmnsgn/canvas-record,"Record a video in the browser or directly on the File System from a canvas region (2D/WebGL/WebGPU) as MP4, WebM, MKV, MOV, GIF, PNG/JPG Sequence using WebCodecs and Wasm when available.",JavaScript,431,False,2026-07-14T21:26:59Z,main,225,['containers'],MIT,container_metadata,metadata_screened,research/candidates.json,"Record a video in the browser or directly on the File System from a canvas region (2D/WebGL/WebGPU) as MP4, WebM, MKV, MOV, GIF, PNG/JPG Sequence using WebCodecs and Wasm when available."
dmotz/trystero,https://github.com/dmotz/trystero,"✨🤝✨ Build instant multiplayer webapps, no server required — Magic WebRTC matchmaking over BitTorrent, Nostr, MQTT, IPFS, Supabase, and Firebase",TypeScript,2730,False,2026-08-31T17:12:12Z,main,226,['streaming'],MIT,streaming_transport,metadata_screened,research/candidates.json,"✨🤝✨ Build instant multiplayer webapps, no server required — Magic WebRTC matchmaking over BitTorrent, Nostr, MQTT, IPFS, Supabase, and Firebase"
DolbyLaboratories/dlb_mp4base,https://github.com/DolbyLaboratories/dlb_mp4base,"The Dolby MP4 streaming muxer (dlb_mp4base) is a software implementation of a muxer of fragmented or unfragmented ISO base media file format (mp4). It supports muxing of Dolby Digital (AC-3), Dolby Digital Plus (E-AC-3), and Dolby AC-4 audio formats as well as Dolby Vision.",C,280,False,2026-04-17T08:18:55Z,master,227,['containers'],BSD-3-Clause,container_metadata,metadata_screened,research/candidates.json,"The Dolby MP4 streaming muxer (dlb_mp4base) is a software implementation of a muxer of fragmented or unfragmented ISO base media file format (mp4). It supports muxing of Dolby Digital (AC-3), Dolby Digital Plus (E-AC-3), and Dolby AC-4 audio formats as well as Dolby Vision."
drawcall/FFCreatorLite,https://github.com/drawcall/FFCreatorLite,A lightweight and fast short video processing library based on node.js,JavaScript,312,False,2023-03-05T00:28:31Z,master,228,"['video_processing', 'filters']",MIT,processing_framework,metadata_screened,research/candidates.json,A lightweight and fast short video processing library based on node.js
dturing/node-gstreamer-superficial,https://github.com/dturing/node-gstreamer-superficial,Superficial gstreamer binding,C++,139,False,2026-07-10T23:14:46Z,master,230,['gstreamer'],MIT,integration_wrapper,metadata_screened,research/candidates.json,Superficial gstreamer binding
duanyao/codecbox.js,https://github.com/duanyao/codecbox.js,video and audio codecs for javascript based on ffmpeg and asm.js,JavaScript,30,False,2023-04-16T20:37:55Z,master,231,['video_codec'],NOASSERTION,integration_wrapper,metadata_screened,research/candidates.json,video and audio codecs for javascript based on ffmpeg and asm.js
Dusk-Labs/dim,https://github.com/Dusk-Labs/dim,"Dim, a media manager fueled by dark forces.",Rust,4118,False,2025-09-21T23:13:17Z,master,233,['rust_media'],AGPL-3.0,processing_framework,metadata_screened,research/candidates.json,"Dim, a media manager fueled by dark forces."
Dusk-Labs/nightfall,https://github.com/Dusk-Labs/nightfall,Easy to use lib for creating on-demand transcoding sessions for efficient media playback.,Rust,72,False,2024-07-04T18:57:38Z,master,234,['transcoding'],UNKNOWN,transcoding_product,metadata_screened,research/candidates.json,Easy to use lib for creating on-demand transcoding sessions for efficient media playback.
DylanMeeus/GoAudio,https://github.com/DylanMeeus/GoAudio,Go tools for audio processing & creation 🎶,Go,431,False,2024-04-23T13:32:58Z,master,236,['audio'],MIT,audio_dsp,metadata_screened,research/candidates.json,Go tools for audio processing & creation 🎶
EasyDarwin/EasyDarwin,https://github.com/EasyDarwin/EasyDarwin,"open source、high performance、industrial rtsp streaming server,a lot of optimization on streaming relay,KeyFrame cache,RESTful,and web management,also EasyDarwin support distributed load balancing,a simple streaming media cloud platform architecture.",HTML,6835,False,2026-04-07T06:59:14Z,master,237,['streaming'],MIT,streaming_transport,metadata_screened,research/candidates.json,"open source、high performance、industrial rtsp streaming server,a lot of optimization on streaming relay,KeyFrame cache,RESTful,and web management,also EasyDarwin support distributed load balancing,a simple streaming media cloud platform architecture."
edumeet/edumeet,https://github.com/edumeet/edumeet,edumeet - multiparty web-meetings using mediasoup and WebRTC,Shell,1349,False,2026-09-04T13:41:56Z,main,239,['streaming'],MIT,streaming_transport,metadata_screened,research/candidates.json,edumeet - multiparty web-meetings using mediasoup and WebRTC
eibols/ffmpeg_batch,https://github.com/eibols/ffmpeg_batch,FFmpeg Batch AV Converter,C#,1563,False,2026-07-09T06:22:16Z,master,241,['ffmpeg'],LGPL-2.1,transcoding_product,metadata_screened,research/candidates.json,FFmpeg Batch AV Converter
elemaudio/elementary,https://github.com/elemaudio/elementary,Elementary is a JavaScript library for digital audio signal processing.,C,512,False,2026-01-19T19:25:43Z,main,242,['audio'],MIT,audio_dsp,metadata_screened,research/candidates.json,Elementary is a JavaScript library for digital audio signal processing.
eleven-am/frames,https://github.com/eleven-am/frames,"Frames is a modern SVOD (Streaming Video on Demand) streaming service built with React and NestJS. It allows you to stream MP4 files from virtually any provider including local storage, S3, Dropbox, Google Drive, and more.",TypeScript,502,False,2025-11-07T18:09:33Z,master,243,['containers'],GPL-3.0,container_metadata,metadata_screened,research/candidates.json,"Frames is a modern SVOD (Streaming Video on Demand) streaming service built with React and NestJS. It allows you to stream MP4 files from virtually any provider including local storage, S3, Dropbox, Google Drive, and more."
emarsden/dash-mpd-cli,https://github.com/emarsden/dash-mpd-cli,Download media content from a DASH-MPEG or DASH-WebM MPD manifest,Rust,557,False,2026-08-30T10:14:09Z,main,245,['rust_media'],MIT,processing_framework,metadata_screened,research/candidates.json,Download media content from a DASH-MPEG or DASH-WebM MPD manifest
emericg/MiniVideo,https://github.com/emericg/MiniVideo,"A multimedia framework developed from scratch in C/C++, bundled with test programs and a neat media analyzer.  ",C++,92,False,2026-07-22T13:57:34Z,master,246,['media_framework'],LGPL-3.0,processing_framework,metadata_screened,research/candidates.json,"A multimedia framework developed from scratch in C/C++, bundled with test programs and a neat media analyzer.  "
epengao/EPlayer,https://github.com/epengao/EPlayer,"This is a media player SDK and media player application projects,  base on FFmeg and SDL&SDL2. Media Player MediaEngine MediaFramework Framework [开源多媒体引擎 开源播放器 开源多媒体框架 开源播放器框架 开源视频播放器]",C++,44,False,2022-09-01T07:08:43Z,master,249,['media_framework'],GPL-3.0,playback,metadata_screened,research/candidates.json,"This is a media player SDK and media player application projects,  base on FFmeg and SDL&SDL2. Media Player MediaEngine MediaFramework Framework [开源多媒体引擎 开源播放器 开源多媒体框架 开源播放器框架 开源视频播放器]"
epheterson/immich-apple-silicon,https://github.com/epheterson/immich-apple-silicon,"Maximize Apple Silicon usage with Immich in Docker — ML, VideoToolbox transcoding, Core Image thumbnails",Python,126,False,2026-09-02T04:58:13Z,main,251,['transcoding'],MIT,transcoding_product,metadata_screened,research/candidates.json,"Maximize Apple Silicon usage with Immich in Docker — ML, VideoToolbox transcoding, Core Image thumbnails"
EpicGames/NdiMedia,https://github.com/EpicGames/NdiMedia,Media Framework plug-in for NewTek's Network Device Interface (NDI).,C++,114,True,2020-01-22T22:21:36Z,master,252,['media_framework'],BSD-3-Clause,processing_framework,metadata_screened,research/candidates.json,Media Framework plug-in for NewTek's Network Device Interface (NDI).
EpicGames/VlcMedia,https://github.com/EpicGames/VlcMedia,Media Framework plug-in using the Video LAN Codec (libvlc).,C++,288,True,2022-02-24T08:50:56Z,master,253,"['video_codec', 'media_framework']",BSD-3-Clause,codec_hardware,metadata_screened,research/candidates.json,Media Framework plug-in using the Video LAN Codec (libvlc).
EricssonResearch/openwebrtc,https://github.com/EricssonResearch/openwebrtc,A cross-platform WebRTC client framework based on GStreamer,C,1822,False,2022-03-15T11:26:18Z,master,255,"['gstreamer', 'streaming']",BSD-2-Clause,streaming_transport,metadata_screened,research/candidates.json,A cross-platform WebRTC client framework based on GStreamer
ErsatzTV/next,https://github.com/ErsatzTV/next,Transcode and stream your media as live TV channels.,Rust,179,False,2026-08-29T22:05:58Z,main,256,['transcoding'],MIT,transcoding_product,metadata_screened,research/candidates.json,Transcode and stream your media as live TV channels.
Eventual-Inc/Daft,https://github.com/Eventual-Inc/Daft,"High-performance data engine for AI and multimodal workloads. Process images, audio, video, and structured data at any scale",Rust,5746,False,2026-09-04T18:05:44Z,main,259,"['video_processing', 'filters', 'audio', 'rust_media']",Apache-2.0,audio_dsp,metadata_screened,research/candidates.json,"High-performance data engine for AI and multimodal workloads. Process images, audio, video, and structured data at any scale"
evgenity/react-html5-video-editor,https://github.com/evgenity/react-html5-video-editor,React / Redux video component with crop. Powers demo video editor at,JavaScript,154,False,2016-09-21T14:59:46Z,master,260,['video_editor'],GPL-3.0,editor_compositor,metadata_screened,research/candidates.json,React / Redux video component with crop. Powers demo video editor at
excamera/alfalfa,https://github.com/excamera/alfalfa,"Purely functional video codec, used for ExCamera and Salsify",C++,1203,False,2023-06-07T15:02:52Z,master,261,['video_codec'],GPL-2.0,codec_hardware,metadata_screened,research/candidates.json,"Purely functional video codec, used for ExCamera and Salsify"
Eyevinn/mp4ff,https://github.com/Eyevinn/mp4ff,"Library and tools for working with MP4 files containing video, audio, subtitles, or metadata. The focus is on fragmented files. Includes mp4ff-info, mp4ff-encrypt, mp4ff-decrypt and other tools.",Go,654,False,2026-09-04T09:09:19Z,master,263,['containers'],MIT,container_metadata,metadata_screened,research/candidates.json,"Library and tools for working with MP4 files containing video, audio, subtitles, or metadata. The focus is on fragmented files. Includes mp4ff-info, mp4ff-encrypt, mp4ff-decrypt and other tools."
Eyevinn/strom,https://github.com/Eyevinn/strom,Gstreamer GUI and flow engine,Rust,67,False,2026-09-04T08:55:01Z,main,264,['gstreamer'],Apache-2.0,streaming_transport,metadata_screened,research/candidates.json,Gstreamer GUI and flow engine
facebookresearch/audiocraft,https://github.com/facebookresearch/audiocraft,"Audiocraft is a library for audio processing and generation with deep learning. It features the state-of-the-art EnCodec audio compressor / tokenizer, along with MusicGen, a simple and controllable music generation LM with textual and melodic conditioning.",Jupyter Notebook,23607,False,2026-03-03T21:50:32Z,main,266,['audio'],MIT,codec_hardware,metadata_screened,research/candidates.json,"Audiocraft is a library for audio processing and generation with deep learning. It features the state-of-the-art EnCodec audio compressor / tokenizer, along with MusicGen, a simple and controllable music generation LM with textual and melodic conditioning."
faiface/beep,https://github.com/faiface/beep,A little package that brings sound to any Go application. Suitable for playback and audio-processing.,Go,2220,False,2024-03-19T19:50:56Z,master,269,['audio'],MIT,audio_dsp,metadata_screened,research/candidates.json,A little package that brings sound to any Go application. Suitable for playback and audio-processing.
FallingSnow/h265ize,https://github.com/FallingSnow/h265ize,A node utility utilizing ffmpeg to encode videos with the hevc codec.,JavaScript,525,True,2022-12-23T18:10:22Z,master,270,['video_codec'],MIT,codec_hardware,metadata_screened,research/candidates.json,A node utility utilizing ffmpeg to encode videos with the hevc codec.
feross/simple-peer,https://github.com/feross/simple-peer,"📡 Simple WebRTC video, voice, and data channels",JavaScript,7801,False,2024-06-26T14:45:57Z,master,271,['streaming'],MIT,streaming_transport,metadata_screened,research/candidates.json,"📡 Simple WebRTC video, voice, and data channels"
FFmpeg/FFmpeg,https://github.com/FFmpeg/FFmpeg,Mirror of https://git.ffmpeg.org/ffmpeg.git,C,63960,False,2026-09-04T20:38:02Z,master,273,['ffmpeg'],NOASSERTION,processing_framework,metadata_screened,research/candidates.json,Mirror of https://git.ffmpeg.org/ffmpeg.git
FFmpeg/FFV1,https://github.com/FFmpeg/FFV1,The FFV1 lossless video codec specification.,Shell,215,False,2025-03-28T12:01:13Z,master,274,['video_codec'],NOASSERTION,codec_hardware,metadata_screened,research/candidates.json,The FFV1 lossless video codec specification.
ffmpegwasm/ffmpeg.wasm,https://github.com/ffmpegwasm/ffmpeg.wasm,"FFmpeg for browser, powered by WebAssembly",C,17779,False,2026-02-01T08:35:30Z,main,275,['ffmpeg'],MIT,processing_framework,metadata_screened,research/candidates.json,"FFmpeg for browser, powered by WebAssembly"
fifonik/FFMetrics,https://github.com/fifonik/FFMetrics,"Visualizes Video Quality Metrics (PSNR, SSIM, XPSNR & VMAF) calculated by ffmpeg.exe",,1020,False,2026-05-13T00:56:46Z,master,276,['ffmpeg'],UNKNOWN,processing_framework,metadata_screened,research/candidates.json,"Visualizes Video Quality Metrics (PSNR, SSIM, XPSNR & VMAF) calculated by ffmpeg.exe"
filoe/cscore,https://github.com/filoe/cscore,"An advanced audio library, written in C#. Provides tons of features. From playing/recording audio to decoding/encoding audio streams/files to processing audio data in realtime (e.g. applying custom effects during playback, create visualizations,...). The possibilities are nearly unlimited. ",C#,2363,False,2024-07-03T15:10:43Z,master,277,['audio'],NOASSERTION,codec_hardware,metadata_screened,research/candidates.json,"An advanced audio library, written in C#. Provides tons of features. From playing/recording audio to decoding/encoding audio streams/files to processing audio data in realtime (e.g. applying custom effects during playback, create visualizations,...). The possibilities are nearly unlimited. "
finnvoor/Transcoding,https://github.com/finnvoor/Transcoding,Simple video transcoding in Swift,Swift,75,False,2025-05-11T09:34:44Z,main,278,['transcoding'],CC0-1.0,transcoding_product,metadata_screened,research/candidates.json,Simple video transcoding in Swift
floostack/transcoder,https://github.com/floostack/transcoder,Transcoding library implementation in Golang,Go,269,True,2023-09-29T16:45:20Z,master,280,['transcoding'],MIT,transcoding_product,metadata_screened,research/candidates.json,Transcoding library implementation in Golang
fluent-ffmpeg/node-fluent-ffmpeg,https://github.com/fluent-ffmpeg/node-fluent-ffmpeg,A fluent API to FFMPEG (http://www.ffmpeg.org),JavaScript,8241,True,2025-05-22T09:42:00Z,master,281,['ffmpeg'],MIT,processing_framework,metadata_screened,research/candidates.json,A fluent API to FFMPEG (http://www.ffmpeg.org)
flutter-webrtc/flutter-webrtc,https://github.com/flutter-webrtc/flutter-webrtc,WebRTC plugin for Flutter Mobile/Desktop/Web,C++,4485,False,2026-09-04T01:00:08Z,main,282,['streaming'],MIT,streaming_transport,metadata_screened,research/candidates.json,WebRTC plugin for Flutter Mobile/Desktop/Web
foo123/FILTER.js,https://github.com/foo123/FILTER.js,Video and Image Processing and Computer Vision Library similar to OpenCV in pure JavaScript (Browser and Nodejs),JavaScript,398,False,2026-08-31T10:32:00Z,master,283,"['video_processing', 'filters']",UNKNOWN,processing_framework,metadata_screened,research/candidates.json,Video and Image Processing and Computer Vision Library similar to OpenCV in pure JavaScript (Browser and Nodejs)
Freescale/gstreamer-imx,https://github.com/Freescale/gstreamer-imx,GStreamer 1.0 plugins for i.MX platforms,C,192,False,2026-04-02T10:37:17Z,master,288,['gstreamer'],NOASSERTION,streaming_transport,metadata_screened,research/candidates.json,GStreamer 1.0 plugins for i.MX platforms
fzakaria/transcoding,https://github.com/fzakaria/transcoding,A basic transcoding Golang server that utilizes FFMPEG over the command line,Go,70,False,2016-02-02T00:50:57Z,master,290,['transcoding'],UNKNOWN,transcoding_product,metadata_screened,research/candidates.json,A basic transcoding Golang server that utilizes FFMPEG over the command line
fzwoch/obs-gstreamer,https://github.com/fzwoch/obs-gstreamer,GStreamer OBS Studio plugin,C,404,False,2026-09-04T06:52:22Z,master,291,['gstreamer'],GPL-2.0,streaming_transport,metadata_screened,research/candidates.json,GStreamer OBS Studio plugin
fzwoch/obs-vaapi,https://github.com/fzwoch/obs-vaapi,OBS Studio VAAPI support via GStreamer,C,146,False,2026-05-08T14:07:33Z,main,292,['gstreamer'],GPL-2.0,streaming_transport,metadata_screened,research/candidates.json,OBS Studio VAAPI support via GStreamer
galaxy-s10/billd-desk,https://github.com/galaxy-s10/billd-desk,基于Vue3 + WebRTC + Nodejs + Flutter搭建的远程桌面控制、游戏串流,TypeScript,7739,False,2026-09-01T04:35:38Z,main,293,['streaming'],MIT,streaming_transport,metadata_screened,research/candidates.json,基于Vue3 + WebRTC + Nodejs + Flutter搭建的远程桌面控制、游戏串流
galaxy-s10/billd-live,https://github.com/galaxy-s10/billd-live,基于Vue3 + WebRTC + Nodejs + SRS搭建的直播间,Vue,1729,False,2026-04-26T07:01:01Z,master,294,['streaming'],UNKNOWN,streaming_transport,metadata_screened,research/candidates.json,基于Vue3 + WebRTC + Nodejs + SRS搭建的直播间
games-on-whales/gst-wayland-display,https://github.com/games-on-whales/gst-wayland-display,A micro Wayland compositor that can be used as a Gstreamer plugin,Rust,72,False,2026-08-19T20:48:02Z,stable,295,['gstreamer'],MIT,editor_compositor,metadata_screened,research/candidates.json,A micro Wayland compositor that can be used as a Gstreamer plugin
garkimasera/vlc-rs,https://github.com/garkimasera/vlc-rs,Rust bindings for libVLC media framework.,Rust,71,False,2021-12-02T10:13:57Z,master,296,['media_framework'],MIT,integration_wrapper,metadata_screened,research/candidates.json,Rust bindings for libVLC media framework.
gausian-AI/Gausian_native_editor,https://github.com/gausian-AI/Gausian_native_editor,Gausian - Rust-based local video editor for AI video production,Rust,1006,False,2026-07-01T08:40:22Z,main,297,"['video_editor', 'rust_media']",NOASSERTION,editor_compositor,metadata_screened,research/candidates.json,Gausian - Rust-based local video editor for AI video production
gecko0307/dlib,https://github.com/gecko0307/dlib,"Allocators, I/O streams, math, geometry, image and audio processing for D",D,227,False,2026-08-04T11:19:11Z,master,298,['audio'],BSL-1.0,audio_dsp,metadata_screened,research/candidates.json,"Allocators, I/O streams, math, geometry, image and audio processing for D"
Gericom/MobiclipDecoder,https://github.com/Gericom/MobiclipDecoder,Decoder for the Mobiclip video codec,C#,114,False,2018-01-14T18:17:27Z,master,303,['video_codec'],UNKNOWN,codec_hardware,metadata_screened,research/candidates.json,Decoder for the Mobiclip video codec
giorgisio/goav,https://github.com/giorgisio/goav,Golang bindings for FFmpeg (This repository is no longer maintained),Go,2135,False,2022-05-19T23:28:55Z,master,307,['ffmpeg'],MIT,integration_wrapper,metadata_screened,research/candidates.json,Golang bindings for FFmpeg (This repository is no longer maintained)
gitsummore/nile.js,https://github.com/gitsummore/nile.js,Scalable peer to peer live video streaming built on torrents and webRTC,JavaScript,1755,True,2018-11-14T19:41:36Z,master,309,['streaming'],MIT,streaming_transport,metadata_screened,research/candidates.json,Scalable peer to peer live video streaming built on torrents and webRTC
gkozlenko/node-video-lib,https://github.com/gkozlenko/node-video-lib,Node.js Video Library / MP4 & FLV parser / MP4 builder / HLS muxer,JavaScript,371,False,2026-03-17T19:40:24Z,master,310,['containers'],MIT,container_metadata,metadata_screened,research/candidates.json,Node.js Video Library / MP4 & FLV parser / MP4 builder / HLS muxer
GlaireDaggers/Pretty-Fast-Video,https://github.com/GlaireDaggers/Pretty-Fast-Video,"Designed as successor to Pretty-Good-Video for improved codec structure, API design & performance",Rust,56,False,2023-06-04T20:20:49Z,main,312,['video_codec'],MIT,codec_hardware,metadata_screened,research/candidates.json,"Designed as successor to Pretty-Good-Video for improved codec structure, API design & performance"
GNOME/gstreamermm,https://github.com/GNOME/gstreamermm,Read-only mirror of https://gitlab.gnome.org/GNOME/gstreamermm,Scheme,63,False,2023-07-25T15:19:46Z,master,314,['gstreamer'],LGPL-2.1,streaming_transport,metadata_screened,research/candidates.json,Read-only mirror of https://gitlab.gnome.org/GNOME/gstreamermm
go-audio/audio,https://github.com/go-audio/audio,Generic Go package designed to define a common interface to analyze and/or process audio data,Go,240,True,2024-05-22T00:43:59Z,master,315,['audio'],Apache-2.0,integration_wrapper,metadata_screened,research/candidates.json,Generic Go package designed to define a common interface to analyze and/or process audio data
go-gst/go-gst,https://github.com/go-gst/go-gst,Gstreamer bindings and utilities for golang,Go,267,False,2026-09-02T08:46:23Z,main,316,['gstreamer'],MIT,integration_wrapper,metadata_screened,research/candidates.json,Gstreamer bindings and utilities for golang
goldvideo/h265player,https://github.com/goldvideo/h265player,一套完整的Web版H.265播放器解决方案，非常适合学习交流和实际应用。基于JS码流解封装、WebAssembly(FFmpeg)视频解码，利用Canvas画布投影、AudioContext播放音频。  ,JavaScript,1656,False,2026-04-12T09:26:02Z,master,317,['ffmpeg'],UNKNOWN,audio_dsp,metadata_screened,research/candidates.json,一套完整的Web版H.265播放器解决方案，非常适合学习交流和实际应用。基于JS码流解封装、WebAssembly(FFmpeg)视频解码，利用Canvas画布投影、AudioContext播放音频。  
google/rtc-video-quality,https://github.com/google/rtc-video-quality,Compare (Real-Time) Video Codec Performance,Python,116,True,2020-07-02T20:37:34Z,master,320,['video_codec'],Apache-2.0,codec_hardware,metadata_screened,research/candidates.json,Compare (Real-Time) Video Codec Performance
GoogleChromeLabs/wasm-av1,https://github.com/GoogleChromeLabs/wasm-av1,Port of the AV1 Video codec to WebAssembly,C,161,True,2019-01-26T22:26:46Z,master,323,['video_codec'],Apache-2.0,codec_hardware,metadata_screened,research/candidates.json,Port of the AV1 Video codec to WebAssembly
gopro/cineform-sdk,https://github.com/gopro/cineform-sdk,The GoPro® CineForm video codec SDK.,C,300,False,2026-04-10T20:37:54Z,master,324,['video_codec'],Apache-2.0,codec_hardware,metadata_screened,research/candidates.json,The GoPro® CineForm video codec SDK.
gopxl/beep,https://github.com/gopxl/beep,A little package that brings sound to any Go application. Suitable for playback and audio-processing.,Go,588,False,2025-07-16T20:38:10Z,main,325,['audio'],MIT,audio_dsp,metadata_screened,research/candidates.json,A little package that brings sound to any Go application. Suitable for playback and audio-processing.
GottaYotta/PixelSDK,https://github.com/GottaYotta/PixelSDK,The modern photo and video editor for your iPhone / iPad app. A fully customizable image & video editing iOS Swift framework.,Swift,562,False,2024-07-23T09:13:36Z,master,326,['video_editor'],NOASSERTION,editor_compositor,metadata_screened,research/candidates.json,The modern photo and video editor for your iPhone / iPad app. A fully customizable image & video editing iOS Swift framework.
gpac/gpac,https://github.com/gpac/gpac,"GPAC Ultramedia OSS for Video Streaming & Next-Gen Multimedia Transcoding, Packaging & Delivery",C,3299,False,2026-09-04T20:01:02Z,master,327,['transcoding'],LGPL-2.1,transcoding_product,metadata_screened,research/candidates.json,"GPAC Ultramedia OSS for Video Streaming & Next-Gen Multimedia Transcoding, Packaging & Delivery"
gpac/mp4box.js,https://github.com/gpac/mp4box.js,JavaScript version of GPAC's MP4Box tool,TypeScript,2464,False,2026-08-30T19:44:31Z,main,328,['containers'],BSD-3-Clause,container_metadata,metadata_screened,research/candidates.json,JavaScript version of GPAC's MP4Box tool
GPUOpen-LibrariesAndSDKs/AMF,https://github.com/GPUOpen-LibrariesAndSDKs/AMF,The Advanced Media Framework (AMF) SDK provides developers with optimal access to AMD devices for multimedia processing,C++,743,False,2026-07-06T22:33:35Z,master,329,['media_framework'],NOASSERTION,processing_framework,metadata_screened,research/candidates.json,The Advanced Media Framework (AMF) SDK provides developers with optimal access to AMD devices for multimedia processing
greatest-ape/OctaSine,https://github.com/greatest-ape/OctaSine,"Frequency modulation synthesizer plugin (VST2, CLAP). Runs on macOS, Windows and Linux.",Rust,807,False,2024-07-03T10:59:21Z,master,332,['rust_media'],AGPL-3.0,audio_dsp,metadata_screened,research/candidates.json,"Frequency modulation synthesizer plugin (VST2, CLAP). Runs on macOS, Windows and Linux."
GRVYDEV/Project-Lightspeed,https://github.com/GRVYDEV/Project-Lightspeed,A self contained OBS -> FTL -> WebRTC live streaming server. Comprised of 3 parts once configured anyone can achieve sub-second OBS to the browser livestreaming,Rust,3663,False,2023-04-03T16:49:03Z,main,335,['streaming'],MIT,streaming_transport,metadata_screened,research/candidates.json,A self contained OBS -> FTL -> WebRTC live streaming server. Comprised of 3 parts once configured anyone can achieve sub-second OBS to the browser livestreaming
gstreamer-java/gst1-java-core,https://github.com/gstreamer-java/gst1-java-core,Java bindings for GStreamer 1.x,Java,222,False,2025-11-05T17:02:45Z,master,336,['gstreamer'],LGPL-3.0,integration_wrapper,metadata_screened,research/candidates.json,Java bindings for GStreamer 1.x
GStreamer/gstreamer,https://github.com/GStreamer/gstreamer,GStreamer open-source multimedia framework,C,3301,False,2026-09-04T17:27:58Z,main,344,['gstreamer'],NOASSERTION,streaming_transport,metadata_screened,research/candidates.json,GStreamer open-source multimedia framework
GStreamer/orc,https://github.com/GStreamer/orc,Orc - Optimized Inner Loop Runtime Compiler,C,104,False,2026-08-28T23:54:48Z,main,347,['gstreamer'],NOASSERTION,streaming_transport,metadata_screened,research/candidates.json,Orc - Optimized Inner Loop Runtime Compiler
gyroflow/gyroflow,https://github.com/gyroflow/gyroflow,Video stabilization using gyroscope data,Rust,9453,False,2026-09-01T20:58:13Z,master,350,['rust_media'],GPL-3.0,processing_framework,metadata_screened,research/candidates.json,Video stabilization using gyroscope data
haileys/bark,https://github.com/haileys/bark,live sync audio streaming for local networks,Rust,695,False,2026-05-15T02:00:53Z,main,352,['rust_media'],AGPL-3.0,audio_dsp,metadata_screened,research/candidates.json,live sync audio streaming for local networks
HaishinKit/HaishinKit.swift,https://github.com/HaishinKit/HaishinKit.swift,"Camera and Microphone streaming library via RTMP and SRT for iOS, macOS, tvOS and visionOS.",Swift,3066,False,2026-08-30T12:17:41Z,main,354,['streaming'],BSD-3-Clause,streaming_transport,metadata_screened,research/candidates.json,"Camera and Microphone streaming library via RTMP and SRT for iOS, macOS, tvOS and visionOS."
hamsternz/Artix-7-HDMI-processing,https://github.com/hamsternz/Artix-7-HDMI-processing,Receiving and processing 1080p HDMI audio and video on the Artix 7 FPGA,VHDL,213,False,2019-02-28T10:19:09Z,master,356,"['video_processing', 'filters', 'audio']",UNKNOWN,audio_dsp,metadata_screened,research/candidates.json,Receiving and processing 1080p HDMI audio and video on the Artix 7 FPGA
harlanc/xiu,https://github.com/harlanc/xiu," A simple,high performance and secure live media server in pure Rust (RTMP[cluster]/RTSP/WebRTC[whip/whep]/HTTP-FLV/HLS).🦀",Rust,2325,False,2026-03-07T22:54:44Z,master,359,"['rust_media', 'streaming']",MIT,streaming_transport,metadata_screened,research/candidates.json," A simple,high performance and secure live media server in pure Rust (RTMP[cluster]/RTSP/WebRTC[whip/whep]/HTTP-FLV/HLS).🦀"
HaschekSolutions/pictshare,https://github.com/HaschekSolutions/pictshare,":camera: PictShare is an open source image, mp4, pastebin hosting service with a simple resizing and upload API that you can host yourself. :rice_scene:",PHP,947,False,2026-08-21T20:21:54Z,master,360,['containers'],NOASSERTION,container_metadata,metadata_screened,research/candidates.json,":camera: PictShare is an open source image, mp4, pastebin hosting service with a simple resizing and upload API that you can host yourself. :rice_scene:"
HaujetZhao/QuickCut,https://github.com/HaujetZhao/QuickCut,Your most handy video processing software,Python,2947,False,2023-10-27T07:08:02Z,master,362,"['video_processing', 'filters']",MPL-2.0,processing_framework,metadata_screened,research/candidates.json,Your most handy video processing software
HaveAGitGat/Tdarr,https://github.com/HaveAGitGat/Tdarr,"Tdarr - Distributed transcode automation using FFmpeg/HandBrake + Audio/Video library analytics + video health checking (Windows, macOS, Linux & Docker)",Makefile,4297,False,2026-08-05T07:37:45Z,master,363,"['ffmpeg', 'transcoding']",NOASSERTION,transcoding_product,metadata_screened,research/candidates.json,"Tdarr - Distributed transcode automation using FFmpeg/HandBrake + Audio/Video library analytics + video health checking (Windows, macOS, Linux & Docker)"
HEnquist/camilladsp,https://github.com/HEnquist/camilladsp,"A flexible cross-platform IIR and FIR engine for crossovers, room correction etc.",Rust,1047,False,2026-09-04T21:41:10Z,master,365,['rust_media'],GPL-3.0,audio_dsp,metadata_screened,research/candidates.json,"A flexible cross-platform IIR and FIR engine for crossovers, room correction etc."
heshanlk/OctopusVideo,https://github.com/heshanlk/OctopusVideo,The open source video transcoding and delivering platform based on Drupal,CSS,62,False,2017-03-27T13:16:37Z,develop,367,['transcoding'],UNKNOWN,transcoding_product,metadata_screened,research/candidates.json,The open source video transcoding and delivering platform based on Drupal
HeZhang1994/video-audio-tools,https://github.com/HeZhang1994/video-audio-tools,To process/edit video and audio with Python+FFmpeg. [简单实用] 基于Python+FFmpeg的视频和音频的处理/剪辑。,Python,233,False,2020-03-02T09:21:51Z,master,368,"['video_processing', 'filters', 'audio']",MIT,audio_dsp,metadata_screened,research/candidates.json,To process/edit video and audio with Python+FFmpeg. [简单实用] 基于Python+FFmpeg的视频和音频的处理/剪辑。
HiFi-LoFi/FFTConvolver,https://github.com/HiFi-LoFi/FFTConvolver,Audio convolution algorithm in C++ for real time audio processing,C++,376,False,2023-02-28T09:15:42Z,non-uniform,369,['audio'],MIT,audio_dsp,metadata_screened,research/candidates.json,Audio convolution algorithm in C++ for real time audio processing
hirbod/expo-video-metadata,https://github.com/hirbod/expo-video-metadata,"This package reads duration, dimensions, frame rate, codecs, audio track info, orientation, HDR, aspect ratio, file size, and location metadata when the file contains it.",TypeScript,79,False,2026-05-24T08:17:23Z,main,371,['video_codec'],UNKNOWN,container_metadata,metadata_screened,research/candidates.json,"This package reads duration, dimensions, frame rate, codecs, audio track info, orientation, HDR, aspect ratio, file size, and location metadata when the file contains it."
homebridge-plugins/homebridge-camera-ffmpeg,https://github.com/homebridge-plugins/homebridge-camera-ffmpeg,Homebridge Plugin Providing FFmpeg-based Camera Support,TypeScript,1115,False,2026-02-09T21:42:33Z,latest,376,['ffmpeg'],Apache-2.0,integration_wrapper,metadata_screened,research/candidates.json,Homebridge Plugin Providing FFmpeg-based Camera Support
HSU-ANT/gstpeaq,https://github.com/HSU-ANT/gstpeaq,GstPEAQ - A GStreamer plugin for Perceptual Evaluation of Audio Quality (PEAQ),C,83,False,2024-07-08T13:08:23Z,develop,380,['gstreamer'],NOASSERTION,audio_dsp,metadata_screened,research/candidates.json,GstPEAQ - A GStreamer plugin for Perceptual Evaluation of Audio Quality (PEAQ)
htekdev/vidpipe,https://github.com/htekdev/vidpipe,"CLI tool that auto-processes video recordings: transcribes, removes silence, generates captions, creates shorts, social posts, and more",TypeScript,220,False,2026-09-03T12:53:54Z,main,381,"['video_processing', 'filters']",UNKNOWN,processing_framework,metadata_screened,research/candidates.json,"CLI tool that auto-processes video recordings: transcribes, removes silence, generates captions, creates shorts, social posts, and more"
i4tv/gstreamill,https://github.com/i4tv/gstreamill,encoder with hls output based on gstreamer.,C,248,False,2022-04-28T13:46:33Z,master,383,['gstreamer'],GPL-3.0,codec_hardware,metadata_screened,research/candidates.json,encoder with hls output based on gstreamer.
ihmily/StreamCap,https://github.com/ihmily/StreamCap,Multi-Platform Live Stream Automatic Recording Tool | 多平台直播流自动录制客户端 · 基于FFmpeg · 支持监控/定时/转码,Python,4170,False,2026-09-01T23:06:47Z,main,384,['ffmpeg'],Apache-2.0,streaming_transport,metadata_screened,research/candidates.json,Multi-Platform Live Stream Automatic Recording Tool | 多平台直播流自动录制客户端 · 基于FFmpeg · 支持监控/定时/转码
iknow4x/Android-Video-Trimmer,https://github.com/iknow4x/Android-Video-Trimmer,"The Android-Video-Trimmer project implements the selection of clips for long and short videos. It uses MediaMetadataRetriever to obtain video frames, and uses ffmpeg for video cropping and video compression.",Java,1179,False,2024-10-23T14:31:33Z,master,385,['ffmpeg'],Apache-2.0,container_metadata,metadata_screened,research/candidates.json,"The Android-Video-Trimmer project implements the selection of clips for long and short videos. It uses MediaMetadataRetriever to obtain video frames, and uses ffmpeg for video cropping and video compression."
illuspas/Node-Media-Server,https://github.com/illuspas/Node-Media-Server,A Node.js implementation of RTMP/HTTP-FLV Media Server,JavaScript,6240,False,2026-09-03T11:46:14Z,main,386,['streaming'],Apache-2.0,streaming_transport,metadata_screened,research/candidates.json,A Node.js implementation of RTMP/HTTP-FLV Media Server
imalimin/HardwareVideoCodec,https://github.com/imalimin/HardwareVideoCodec,"HardwareVideoCodec is an efficient video recording library for Android. Supports software and hardware encode. With it, you can record a video at any resolution, no need to care about camera resolution. Everything is so easy.",C,458,False,2020-12-19T21:23:41Z,master,388,['video_codec'],GPL-2.0,codec_hardware,metadata_screened,research/candidates.json,"HardwareVideoCodec is an efficient video recording library for Android. Supports software and hardware encode. With it, you can record a video at any resolution, no need to care about camera resolution. Everything is so easy."
imoreapps/ffmpeg-avplayer-for-ios-tvos,https://github.com/imoreapps/ffmpeg-avplayer-for-ios-tvos,A tiny but powerful iOS and Apple TV OS av player framework that's based on the FFmpeg library.,C,1044,False,2020-09-01T20:44:26Z,master,390,['ffmpeg'],LGPL-3.0,playback,metadata_screened,research/candidates.json,A tiny but powerful iOS and Apple TV OS av player framework that's based on the FFmpeg library.
in03/proxima,https://github.com/in03/proxima,Transcode source media directly from DaVinci Resolve using multiple machines for encoding. Great for creating proxies quickly.,Python,74,False,2026-08-31T20:16:18Z,main,391,['transcoding'],MIT,transcoding_product,metadata_screened,research/candidates.json,Transcode source media directly from DaVinci Resolve using multiple machines for encoding. Great for creating proxies quickly.
intel/libvpl,https://github.com/intel/libvpl,"Intel® Video Processing Library (Intel® VPL) API, dispatcher, and examples",C++,366,False,2026-07-13T18:45:22Z,main,394,"['video_processing', 'filters']",MIT,processing_framework,metadata_screened,research/candidates.json,"Intel® Video Processing Library (Intel® VPL) API, dispatcher, and examples"
intel/libxcam,https://github.com/intel/libxcam,"libXCam is a project for extended camera(not limited in camera) features and focus on image quality improvement and video analysis. There are lots features supported in image pre-processing, image post-processing and smart analysis. This library makes GPU/CPU/ISP working together to improve image quality. OpenCL is used to improve performance in different platforms.",C++,614,True,2025-05-05T18:18:42Z,master,395,"['video_processing', 'filters']",NOASSERTION,processing_framework,metadata_screened,research/candidates.json,"libXCam is a project for extended camera(not limited in camera) features and focus on image quality improvement and video analysis. There are lots features supported in image pre-processing, image post-processing and smart analysis. This library makes GPU/CPU/ISP working together to improve image quality. OpenCL is used to improve performance in different platforms."
intel/libyami,https://github.com/intel/libyami,"Yet Another Media Infrastructure. it is core part of media codec with hardware acceleration, it is yummy to your video experience on Linux like platform.",C++,150,True,2023-10-23T17:28:26Z,apache,396,['video_codec'],Apache-2.0,codec_hardware,metadata_screened,research/candidates.json,"Yet Another Media Infrastructure. it is core part of media codec with hardware acceleration, it is yummy to your video experience on Linux like platform."
intel/media-driver,https://github.com/intel/media-driver,"Intel Graphics Media Driver to support hardware decode, encode and video processing.",C,1239,False,2026-09-04T03:49:30Z,master,397,"['video_processing', 'filters']",NOASSERTION,processing_framework,metadata_screened,research/candidates.json,"Intel Graphics Media Driver to support hardware decode, encode and video processing."
InterDigitalInc/CompressAI-Vision,https://github.com/InterDigitalInc/CompressAI-Vision,"CompressAI-Vision helps you design, test and compare Video Compression for Machines pipelines. Compression methods can be either pulled from custom AI-based modules from CompressAI or traditional codecs such as H.266/VVC.",Python,126,False,2026-08-24T18:42:53Z,main,398,['video_codec'],BSD-3-Clause-Clear,codec_hardware,metadata_screened,research/candidates.json,"CompressAI-Vision helps you design, test and compare Video Compression for Machines pipelines. Compression methods can be either pulled from custom AI-based modules from CompressAI or traditional codecs such as H.266/VVC."
iPzard/mkvtoolnix-batch-tool,https://github.com/iPzard/mkvtoolnix-batch-tool,"Batch video and subtitle processing program with the ability to add, remove, or extract subtitles from all video files in a directory and its sub-directories.",JavaScript,255,False,2026-04-22T21:22:01Z,master,399,"['video_processing', 'filters']",GPL-2.0,processing_framework,metadata_screened,research/candidates.json,"Batch video and subtitle processing program with the ability to add, remove, or extract subtitles from all video files in a directory and its sub-directories."
ireader/media-server,https://github.com/ireader/media-server,RTSP/RTP/RTMP/FLV/HLS/MPEG-TS/MPEG-PS/MPEG-DASH/MP4/fMP4/MKV/WebM,C,3511,False,2026-05-26T03:38:10Z,master,400,"['containers', 'streaming']",MIT,container_metadata,metadata_screened,research/candidates.json,RTSP/RTP/RTMP/FLV/HLS/MPEG-TS/MPEG-PS/MPEG-DASH/MP4/fMP4/MKV/WebM
ithewei/hplayer,https://github.com/ithewei/hplayer,A multi-screen player using Qt + FFmpeg.,C++,1042,False,2023-05-17T10:59:29Z,master,402,['ffmpeg'],LGPL-2.1,playback,metadata_screened,research/candidates.json,A multi-screen player using Qt + FFmpeg.
izderadicka/audioserve,https://github.com/izderadicka/audioserve,"Simple personal server to serve audiofiles files from folders.  Intended primarily for audio books, but anything with decent folder structure will do.",Rust,856,False,2026-09-03T06:10:33Z,master,403,['rust_media'],UNKNOWN,audio_dsp,metadata_screened,research/candidates.json,"Simple personal server to serve audiofiles files from folders.  Intended primarily for audio books, but anything with decent folder structure will do."
jackersson/gstreamer-python,https://github.com/jackersson/gstreamer-python,,Python,176,False,2025-03-09T19:38:32Z,master,405,['gstreamer'],UNKNOWN,streaming_transport,metadata_screened,research/candidates.json,jackersson/gstreamer-python
JacobDev1/xl-converter,https://github.com/JacobDev1/xl-converter,"Easy-to-use image converter for modern formats. Supports fast parallel encoding, lossless JPEG transcoding, JPEG XL, AVIF, JPEGLI, ExifTool, and more. ",Python,558,False,2026-09-04T10:42:28Z,stable,406,['transcoding'],NOASSERTION,transcoding_product,metadata_screened,research/candidates.json,"Easy-to-use image converter for modern formats. Supports fast parallel encoding, lossless JPEG transcoding, JPEG XL, AVIF, JPEGLI, ExifTool, and more. "
jaiobs/OptiVideoEditor-for-android,https://github.com/jaiobs/OptiVideoEditor-for-android,"Native Video editor : Video trim, Audio, Video merge, Slow and fast motion, Text and image, etc...",Kotlin,513,False,2022-09-07T09:14:48Z,master,407,['video_editor'],UNKNOWN,editor_compositor,metadata_screened,research/candidates.json,"Native Video editor : Video trim, Audio, Video merge, Slow and fast motion, Text and image, etc..."
james34602/JamesDSPManager,https://github.com/james34602/JamesDSPManager,Audio DSP effects build on Android system framework layer. This is a repository contains a pack of high quality DSP algorithms specialized for audio processing.,C,936,False,2025-06-18T14:08:35Z,master,410,['audio'],UNKNOWN,audio_dsp,metadata_screened,research/candidates.json,Audio DSP effects build on Android system framework layer. This is a repository contains a pack of high quality DSP algorithms specialized for audio processing.
jatinchowdhury18/ComplexNonlinearities,https://github.com/jatinchowdhury18/ComplexNonlinearities,Complex Nonlinearities for Audio Signal Processing,C++,232,False,2021-03-19T22:45:23Z,master,415,['audio'],GPL-3.0,audio_dsp,metadata_screened,research/candidates.json,Complex Nonlinearities for Audio Signal Processing
JawThrow/ICSPCodec,https://github.com/JawThrow/ICSPCodec,Implementation of video codec based on H.261,C++,23,False,2021-09-07T13:36:36Z,master,416,['video_codec'],GPL-3.0,codec_hardware,metadata_screened,research/candidates.json,Implementation of video codec based on H.261
JaySardhara/Video-Editor,https://github.com/JaySardhara/Video-Editor,Video Editor for Android based on FFMPEG engine,Java,161,False,2024-08-03T19:25:09Z,master,417,['video_editor'],UNKNOWN,integration_wrapper,metadata_screened,research/candidates.json,Video Editor for Android based on FFMPEG engine
JayWebtech/autoshorts,https://github.com/JayWebtech/autoshorts,"AutoShorts is a local-first desktop application for turning long-form video or audio recordings into high-impact, vertical short-form clip candidates (9:16 portrait) with AI-powered viral moment ranking.",Rust,793,False,2026-08-02T15:05:33Z,main,418,['rust_media'],UNKNOWN,audio_dsp,metadata_screened,research/candidates.json,"AutoShorts is a local-first desktop application for turning long-form video or audio recordings into high-impact, vertical short-form clip candidates (9:16 portrait) with AI-powered viral moment ranking."
jbavari/cordova-plugin-video-editor,https://github.com/jbavari/cordova-plugin-video-editor,A cordova plugin to edit videos.,Objective-C,290,False,2023-02-09T15:28:37Z,master,419,['video_editor'],NOASSERTION,editor_compositor,metadata_screened,research/candidates.json,A cordova plugin to edit videos.
jbg/gst-meet,https://github.com/jbg/gst-meet,Connect GStreamer pipelines to Jitsi Meet conferences,Rust,87,False,2024-10-10T17:04:52Z,master,420,['gstreamer'],Apache-2.0,streaming_transport,metadata_screened,research/candidates.json,Connect GStreamer pipelines to Jitsi Meet conferences
jcodeing/KMedia,https://github.com/jcodeing/KMedia,An application level media framework for Android. (RTFSC),Java,269,False,2019-04-29T11:04:02Z,release,422,['media_framework'],Apache-2.0,processing_framework,metadata_screened,research/candidates.json,An application level media framework for Android. (RTFSC)
jeanslack/Videomass,https://github.com/jeanslack/Videomass,"Videomass is a free, open source and cross-platform GUI for FFmpeg",Python,1666,False,2026-05-03T13:44:16Z,master,425,['ffmpeg'],GPL-3.0,integration_wrapper,metadata_screened,research/candidates.json,"Videomass is a free, open source and cross-platform GUI for FFmpeg"
jedypod/generate-dailies,https://github.com/jedypod/generate-dailies,Daily is a tool to transcode scene-linear openexr images into display-referred quicktime movies.,Python,139,False,2023-05-01T08:10:11Z,master,426,['transcoding'],UNKNOWN,transcoding_product,metadata_screened,research/candidates.json,Daily is a tool to transcode scene-linear openexr images into display-referred quicktime movies.
JeffMony/JeffVideoCache,https://github.com/JeffMony/JeffVideoCache,"Better than AndroidVideoCache, it supports M3U8 and MP4",Java,329,False,2024-08-10T02:24:06Z,main,427,['containers'],Apache-2.0,container_metadata,metadata_screened,research/candidates.json,"Better than AndroidVideoCache, it supports M3U8 and MP4"
jimm98y/SharpRTSPtoWebRTC,https://github.com/jimm98y/SharpRTSPtoWebRTC,"A C# implementation of the RTSP to WebRTC gateway that allows you to stream RTSP from various sources to the web browser. Suppports H264, H265 and AV1 re-streaming. Audio transcoding from AAC to Opus is also supported.",C#,102,False,2026-06-23T22:11:18Z,main,433,['transcoding'],MIT,transcoding_product,metadata_screened,research/candidates.json,"A C# implementation of the RTSP to WebRTC gateway that allows you to stream RTSP from various sources to the web browser. Suppports H264, H265 and AV1 re-streaming. Audio transcoding from AAC to Opus is also supported."
jitsi/jitsi-videobridge,https://github.com/jitsi/jitsi-videobridge,"Jitsi Videobridge is a WebRTC compatible video router or SFU that lets build highly scalable video conferencing infrastructure (i.e., up to hundreds of conferences per server).",Kotlin,3103,False,2026-09-04T20:04:20Z,master,435,['streaming'],Apache-2.0,streaming_transport,metadata_screened,research/candidates.json,"Jitsi Videobridge is a WebRTC compatible video router or SFU that lets build highly scalable video conferencing infrastructure (i.e., up to hundreds of conferences per server)."
jliljebl/flowblade,https://github.com/jliljebl/flowblade,Video Editor for Linux,Python,3089,False,2026-06-23T08:08:05Z,master,436,['video_editor'],GPL-3.0,editor_compositor,metadata_screened,research/candidates.json,Video Editor for Linux
jneem/nnnoiseless,https://github.com/jneem/nnnoiseless,Recurrent neural network for audio noise reduction,Rust,364,False,2025-12-18T22:43:03Z,main,437,['rust_media'],BSD-3-Clause,audio_dsp,metadata_screened,research/candidates.json,Recurrent neural network for audio noise reduction
joelngwt/CloudyNvCapture,https://github.com/joelngwt/CloudyNvCapture,Video capture and livestreaming of games using DirectX11 using Nvidia's Capture SDK and Nvidia's Video Codec SDK,C,48,False,2017-07-31T06:26:30Z,master,438,['video_codec'],UNKNOWN,codec_hardware,metadata_screened,research/candidates.json,Video capture and livestreaming of games using DirectX11 using Nvidia's Capture SDK and Nvidia's Video Codec SDK
joncampbell123/composite-video-simulator,https://github.com/joncampbell123/composite-video-simulator,Code to process video to simulate analog composite video.,C++,203,False,2026-05-14T19:11:05Z,master,439,['filters'],GPL-2.0,editor_compositor,metadata_screened,research/candidates.json,Code to process video to simulate analog composite video.
JorenSix/TarsosDSP,https://github.com/JorenSix/TarsosDSP,A Real-Time Audio Processing Framework in Java,Java,2191,False,2026-06-18T11:18:04Z,master,440,['audio'],GPL-3.0,audio_dsp,metadata_screened,research/candidates.json,A Real-Time Audio Processing Framework in Java
joshdoe/gst-plugins-vision,https://github.com/joshdoe/gst-plugins-vision,GStreamer plugins related to the field of machine vision,C,148,False,2023-04-06T12:44:44Z,master,441,['gstreamer'],NOASSERTION,streaming_transport,metadata_screened,research/candidates.json,GStreamer plugins related to the field of machine vision
joshuaboniface/rffmpeg,https://github.com/joshuaboniface/rffmpeg,rffmpeg: remote SSH FFmpeg wrapper tool,Python,1071,False,2025-11-03T19:42:58Z,master,442,['ffmpeg'],GPL-3.0,integration_wrapper,metadata_screened,research/candidates.json,rffmpeg: remote SSH FFmpeg wrapper tool
jsh-me/simple-android-editor,https://github.com/jsh-me/simple-android-editor,📷 Android video and photo editor using Deep Learning ( FFMPEG / ExoPlayer2 / Super Resolution / Video and Image Inpainting ),Kotlin,193,False,2022-04-10T11:33:33Z,develop,445,['video_editor'],Apache-2.0,editor_compositor,metadata_screened,research/candidates.json,📷 Android video and photo editor using Deep Learning ( FFMPEG / ExoPlayer2 / Super Resolution / Video and Image Inpainting )
JuliaIO/TranscodingStreams.jl,https://github.com/JuliaIO/TranscodingStreams.jl,"Simple, consistent interfaces for any codec.",Julia,90,False,2026-06-22T06:22:08Z,master,446,['transcoding'],NOASSERTION,transcoding_product,metadata_screened,research/candidates.json,"Simple, consistent interfaces for any codec."
juntaosun/ComeCut,https://github.com/juntaosun/ComeCut,"「来剪」轻量级视频编辑器。网页版、桌面版等均可免费使用，功能灵感源自 CapCut 等编辑器。A Lightweight Video Editor. Free for the web, desktop, and more, with features inspired by editors like CapCut.",HTML,590,False,2026-08-30T14:37:02Z,main,447,['video_editor'],AGPL-3.0,editor_compositor,metadata_screened,research/candidates.json,"「来剪」轻量级视频编辑器。网页版、桌面版等均可免费使用，功能灵感源自 CapCut 等编辑器。A Lightweight Video Editor. Free for the web, desktop, and more, with features inspired by editors like CapCut."
justdan96/tsMuxer,https://github.com/justdan96/tsMuxer,"tsMuxer is a transport stream muxer for remuxing/muxing elementary streams, EVO/VOB/MPG, MKV/MKA, MP4/MOV, TS, M2TS to TS to M2TS. Supported video codecs H.264/AVC, H.265/HEVC, VC-1, MPEG2. Supported audio codecs AAC, AC3 / E-AC3(DD+), DTS/ DTS-HD. ",C++,1058,True,2025-04-21T10:41:40Z,master,448,"['video_codec', 'containers']",Apache-2.0,container_metadata,metadata_screened,research/candidates.json,"tsMuxer is a transport stream muxer for remuxing/muxing elementary streams, EVO/VOB/MPG, MKV/MKA, MP4/MOV, TS, M2TS to TS to M2TS. Supported video codecs H.264/AVC, H.265/HEVC, VC-1, MPEG2. Supported audio codecs AAC, AC3 / E-AC3(DD+), DTS/ DTS-HD. "
jvdillon/netv,https://github.com/jvdillon/netv,_Universal_ IPTV in your Browser & _Efficient_ Transcoding on your Server,Python,508,False,2026-08-30T05:04:36Z,main,449,['transcoding'],Apache-2.0,transcoding_product,metadata_screened,research/candidates.json,_Universal_ IPTV in your Browser & _Efficient_ Transcoding on your Server
Jzvd/JZVideo,https://github.com/Jzvd/JZVideo,高度自定义的安卓视频框架 MediaPlayer exoplayer ijkplayer ffmpeg,Java,3011,False,2026-03-26T03:17:31Z,develop,450,['ffmpeg'],MIT,playback,metadata_screened,research/candidates.json,高度自定义的安卓视频框架 MediaPlayer exoplayer ijkplayer ffmpeg
Kagami/ffmpeg.js,https://github.com/Kagami/ffmpeg.js,Port of FFmpeg with Emscripten,JavaScript,3463,False,2023-11-04T22:20:41Z,master,452,['ffmpeg'],NOASSERTION,processing_framework,metadata_screened,research/candidates.json,Port of FFmpeg with Emscripten
kaltura/media-framework,https://github.com/kaltura/media-framework,Kaltura Live Media Framework,C,180,False,2026-06-11T07:11:16Z,master,455,['media_framework'],AGPL-3.0,processing_framework,metadata_screened,research/candidates.json,Kaltura Live Media Framework
kaltura/nginx-vod-module,https://github.com/kaltura/nginx-vod-module,NGINX-based MP4 Repackager,C,2119,False,2026-07-05T13:22:22Z,master,456,['containers'],AGPL-3.0,container_metadata,metadata_screened,research/candidates.json,NGINX-based MP4 Repackager
KartikLabhshetwar/better-shot,https://github.com/KartikLabhshetwar/better-shot,"One app for the whole screen. Screenshots, screen recording, and a video editor, native on macOS. Open-source CleanShot X + Loom alternative. No subscription, no account, no telemetry.",Swift,2246,False,2026-08-30T17:34:51Z,main,458,['video_editor'],BSD-3-Clause,editor_compositor,metadata_screened,research/candidates.json,"One app for the whole screen. Screenshots, screen recording, and a video editor, native on macOS. Open-source CleanShot X + Loom alternative. No subscription, no account, no telemetry."
kazuki/mediacodec.wasm,https://github.com/kazuki/mediacodec.wasm,Audio/Video Codec in WebAssembly,TypeScript,25,False,2020-08-09T08:53:39Z,master,459,['video_codec'],UNKNOWN,codec_hardware,metadata_screened,research/candidates.json,Audio/Video Codec in WebAssembly
kazuki/video-codec.js,https://github.com/kazuki/video-codec.js,JavaScript Video Encoder/Decoder Sample (daala/libvpx/openH264 compiled with emscripten to JavaScript),TypeScript,86,False,2021-05-18T04:51:01Z,develop,460,['video_codec'],UNKNOWN,codec_hardware,metadata_screened,research/candidates.json,JavaScript Video Encoder/Decoder Sample (daala/libvpx/openH264 compiled with emscripten to JavaScript)
KDE/kdenlive,https://github.com/KDE/kdenlive,"Free and open source video editor, based on MLT Framework and KDE Frameworks",C++,5602,False,2026-09-04T16:38:58Z,master,461,['video_editor'],GPL-3.0,editor_compositor,metadata_screened,research/candidates.json,"Free and open source video editor, based on MLT Framework and KDE Frameworks"
keijiro/FFmpegOut,https://github.com/keijiro/FFmpegOut,Video capture plugin for Unity with FFmpeg.,C#,989,False,2020-10-06T03:30:19Z,master,462,['ffmpeg'],MIT,processing_framework,metadata_screened,research/candidates.json,Video capture plugin for Unity with FFmpeg.
keijiro/Lasp,https://github.com/keijiro/Lasp,Low-latency Audio Signal Processing plugin for Unity,C#,1708,False,2025-10-10T02:51:53Z,v2,463,['audio'],Unlicense,audio_dsp,metadata_screened,research/candidates.json,Low-latency Audio Signal Processing plugin for Unity
kevincox/rustymedia,https://github.com/kevincox/rustymedia,A Transcoding DLNA Server,Rust,70,False,2024-05-11T12:58:56Z,master,465,['transcoding'],NOASSERTION,transcoding_product,metadata_screened,research/candidates.json,A Transcoding DLNA Server
khenriks/mp3fs,https://github.com/khenriks/mp3fs,FUSE-based transcoding filesystem from FLAC to MP3,C++,418,False,2025-09-11T23:23:40Z,master,468,['transcoding'],GPL-3.0,transcoding_product,metadata_screened,research/candidates.json,FUSE-based transcoding filesystem from FLAC to MP3
kingslay/KSPlayer,https://github.com/kingslay/KSPlayer,"A video player for iOS、macOS、tvOS、visionOS , based on AVPlayer and FFmpeg, support HLG、HDR10、 HDR10+、Dolby Vision、Dolby Atmos、Text/Image subtitle.",Swift,1657,False,2026-08-22T13:51:00Z,main,469,['ffmpeg'],GPL-3.0,playback,metadata_screened,research/candidates.json,"A video player for iOS、macOS、tvOS、visionOS , based on AVPlayer and FFmpeg, support HLG、HDR10、 HDR10+、Dolby Vision、Dolby Atmos、Text/Image subtitle."
KinWaiCheuk/nnAudio,https://github.com/KinWaiCheuk/nnAudio,Audio processing by using pytorch 1D convolution network,Python,1127,False,2026-05-21T00:17:23Z,master,470,['audio'],MIT,audio_dsp,metadata_screened,research/candidates.json,Audio processing by using pytorch 1D convolution network
kirushyk/gst-instruments,https://github.com/kirushyk/gst-instruments,Easy-to-use profiler for GStreamer,C,154,False,2025-01-06T11:48:08Z,master,471,['gstreamer'],LGPL-3.0,streaming_transport,metadata_screened,research/candidates.json,Easy-to-use profiler for GStreamer
kkroening/ffmpeg-python,https://github.com/kkroening/ffmpeg-python,Python bindings for FFmpeg - with complex filtering support,Python,11010,False,2024-08-04T00:07:08Z,master,472,['ffmpeg'],Apache-2.0,integration_wrapper,metadata_screened,research/candidates.json,Python bindings for FFmpeg - with complex filtering support
kmcclive/tricycle,https://github.com/kmcclive/tricycle,Video transcoding... easier than riding a bike.,C#,94,False,2022-12-08T06:25:25Z,master,473,['transcoding'],NOASSERTION,transcoding_product,metadata_screened,research/candidates.json,Video transcoding... easier than riding a bike.
kolyvan/kxmovie,https://github.com/kolyvan/kxmovie,movie player for iOS using ffmpeg,Objective-C,2857,False,2024-07-11T18:33:14Z,master,474,['ffmpeg'],UNKNOWN,playback,metadata_screened,research/candidates.json,movie player for iOS using ffmpeg
ksvc/KSYMediaEditorKit_Android,https://github.com/ksvc/KSYMediaEditorKit_Android,"金山云短视频编辑SDK Android版本,合成速度快,支持抖动、冲击波、灵魂出窍等特效滤镜 Short video editor SDK powered by KSYUN, which makes it easy to capture, create, view, edit and share your clips and playback anywhere",,220,False,2019-01-30T06:36:37Z,master,476,['video_editor'],UNKNOWN,editor_compositor,metadata_screened,research/candidates.json,"金山云短视频编辑SDK Android版本,合成速度快,支持抖动、冲击波、灵魂出窍等特效滤镜 Short video editor SDK powered by KSYUN, which makes it easy to capture, create, view, edit and share your clips and playback anywhere"
kudlav/videoeditor,https://github.com/kudlav/videoeditor,"Web Based Video Editor Using MLT Framework, Bachelor thesis",JavaScript,534,False,2021-01-19T14:47:44Z,master,478,['video_editor'],Apache-2.0,editor_compositor,metadata_screened,research/candidates.json,"Web Based Video Editor Using MLT Framework, Bachelor thesis"
kueblert/AndroidMediaCodec,https://github.com/kueblert/AndroidMediaCodec,"Android Media codec for video encoding and decoding from C++ (e.g. for use with QT). Not fully tested yet, ergo not stable, API 23.",C++,25,False,2018-10-05T13:40:11Z,master,479,['video_codec'],UNKNOWN,codec_hardware,metadata_screened,research/candidates.json,"Android Media codec for video encoding and decoding from C++ (e.g. for use with QT). Not fully tested yet, ergo not stable, API 23."
KyrieFeng23/QT5-Image-and-video-processing-software,https://github.com/KyrieFeng23/QT5-Image-and-video-processing-software,使用QT5+Opencv完成简单的图像处理及视频处理软件。图像处理包括：灰度化、均值滤波、边缘检测、伽马变换、旋转镜像、亮度调节、二值化、对比度，饱和度调节、色彩调节、图片保存、水印等。 视频处理包括：二值化、边缘检测、灰度化、平滑、局部马赛克、缩放等。 此外还进行了界面美化、中英翻译等。,C++,405,False,2026-06-05T07:14:01Z,master,483,['video_processing'],UNKNOWN,processing_framework,metadata_screened,research/candidates.json,使用QT5+Opencv完成简单的图像处理及视频处理软件。图像处理包括：灰度化、均值滤波、边缘检测、伽马变换、旋转镜像、亮度调节、二值化、对比度，饱和度调节、色彩调节、图片保存、水印等。 视频处理包括：二值化、边缘检测、灰度化、平滑、局部马赛克、缩放等。 此外还进行了界面美化、中英翻译等。
LaiFengiOS/LFLiveKit,https://github.com/LaiFengiOS/LFLiveKit,"LaiFeng IOS Live Kit,H264 and AAC Hard coding，support GPUImage Beauty， rtmp transmission，weak network lost frame，Dynamic switching rate",Objective-C,4391,False,2023-04-07T03:07:30Z,master,486,['streaming'],MIT,streaming_transport,metadata_screened,research/candidates.json,"LaiFeng IOS Live Kit,H264 and AAC Hard coding，support GPUImage Beauty， rtmp transmission，weak network lost frame，Dynamic switching rate"
Lake1059/FFmpegFreeUI,https://github.com/Lake1059/FFmpegFreeUI,3FUI 是 ffmpeg 在 Windows 上的轻度专业交互外壳，收录大量参数，界面美观，交互友好。此项目面向国内使用环境，让普通人也能够轻松压制视频和转换格式。,Visual Basic .NET,8160,False,2026-09-04T09:35:28Z,main,487,['ffmpeg'],MIT,processing_framework,metadata_screened,research/candidates.json,3FUI 是 ffmpeg 在 Windows 上的轻度专业交互外壳，收录大量参数，界面美观，交互友好。此项目面向国内使用环境，让普通人也能够轻松压制视频和转换格式。
LaoFeng-mouse/flyingmouse-format,https://github.com/LaoFeng-mouse/flyingmouse-format,飞鼠格式 FlyingMouse Format - Windows 免费文件格式转换工具（离线可用，内置 FFmpeg/LibreOffice/Poppler/Tesseract）。图片/文档/表格/PPT/PDF/音视频/WPS 格式互转 + OCR + 批量转换；音频仅支持普通格式。作者：牢蜂（LaoFeng）｜仅供个人免费使用，禁止商业售卖/转卖/套壳,JavaScript,5398,False,2026-09-04T14:32:12Z,main,491,['ffmpeg'],NOASSERTION,processing_framework,metadata_screened,research/candidates.json,飞鼠格式 FlyingMouse Format - Windows 免费文件格式转换工具（离线可用，内置 FFmpeg/LibreOffice/Poppler/Tesseract）。图片/文档/表格/PPT/PDF/音视频/WPS 格式互转 + OCR + 批量转换；音频仅支持普通格式。作者：牢蜂（LaoFeng）｜仅供个人免费使用，禁止商业售卖/转卖/套壳
larksuite/rsmpeg,https://github.com/larksuite/rsmpeg,A Rust crate that exposes FFmpeg's power as much as possible.,Rust,879,False,2025-08-24T15:20:36Z,master,492,['rust_media'],MIT,processing_framework,metadata_screened,research/candidates.json,A Rust crate that exposes FFmpeg's power as much as possible.
LCAV/pyroomacoustics,https://github.com/LCAV/pyroomacoustics,Pyroomacoustics is a package for audio signal processing for indoor applications. It was developed as a fast prototyping platform for beamforming algorithms in indoor scenarios.,Python,1932,False,2026-07-17T01:55:51Z,master,494,['audio'],MIT,audio_dsp,metadata_screened,research/candidates.json,Pyroomacoustics is a package for audio signal processing for indoor applications. It was developed as a fast prototyping platform for beamforming algorithms in indoor scenarios.
LeadRDRK/AsciiVid,https://github.com/LeadRDRK/AsciiVid,ASCII video codec and player.,C++,23,False,2022-10-04T09:34:17Z,master,495,['video_codec'],MIT,codec_hardware,metadata_screened,research/candidates.json,ASCII video codec and player.
leafo/gifserver,https://github.com/leafo/gifserver,A server for transcoding gif to video on the fly,Go,102,False,2016-12-27T08:34:22Z,master,496,['transcoding'],UNKNOWN,transcoding_product,metadata_screened,research/candidates.json,A server for transcoding gif to video on the fly
lecepin/tss-merge-to-mkv,https://github.com/lecepin/tss-merge-to-mkv,ts文件合并工具，同时支持其他视频格式转换为mkv/ts/mp4,JavaScript,361,False,2024-03-07T03:48:50Z,master,500,['containers'],UNKNOWN,container_metadata,metadata_screened,research/candidates.json,ts文件合并工具，同时支持其他视频格式转换为mkv/ts/mp4
LeGoffMael/video_editor,https://github.com/LeGoffMael/video_editor,"A flutter package for editing video written in pure Dart with fully customizable UI. Supports crop, trim, rotation and cover selection.",Dart,500,False,2025-04-12T13:24:46Z,master,502,['video_editor'],MIT,editor_compositor,metadata_screened,research/candidates.json,"A flutter package for editing video written in pure Dart with fully customizable UI. Supports crop, trim, rotation and cover selection."
leibnizli/hummingbird,https://github.com/leibnizli/hummingbird,"A compression (jpg/png/webp/svg/gif/css/js/html/mp4/mov) App, it can convert different format pictures, support for macOS and Windows.",JavaScript,874,False,2026-08-10T17:31:15Z,master,503,['containers'],MIT,container_metadata,metadata_screened,research/candidates.json,"A compression (jpg/png/webp/svg/gif/css/js/html/mp4/mov) App, it can convert different format pictures, support for macOS and Windows."
letqingbin/GoPlay,https://github.com/letqingbin/GoPlay,GoPlay is a media player framework for iOS. Based on FFmpeg and OpenGL ES 2.0. support all formats and custom your own filters by GLSL.,Objective-C,258,False,2020-09-15T06:12:27Z,master,507,['media_framework'],UNKNOWN,integration_wrapper,metadata_screened,research/candidates.json,GoPlay is a media player framework for iOS. Based on FFmpeg and OpenGL ES 2.0. support all formats and custom your own filters by GLSL.
lettier/gifcurry,https://github.com/lettier/gifcurry,"😎 The open-source, Haskell-built video editor for GIF makers.",Haskell,1444,False,2021-08-13T16:19:41Z,master,508,['video_editor'],BSD-3-Clause,editor_compositor,metadata_screened,research/candidates.json,"😎 The open-source, Haskell-built video editor for GIF makers."
libobjc/SGPlayer,https://github.com/libobjc/SGPlayer,"A powerful media play framework for iOS, macOS, and tvOS.",Objective-C,2195,False,2025-02-21T05:41:46Z,master,510,['media_framework'],MIT,playback,metadata_screened,research/candidates.json,"A powerful media play framework for iOS, macOS, and tvOS."
libxengine/libxengine,https://github.com/libxengine/libxengine,"xengine is network,protocol,video and audio codec,streammedia protocol toolkit with c c++",C,45,False,2026-09-02T07:52:21Z,master,511,['video_codec'],LGPL-3.0,codec_hardware,metadata_screened,research/candidates.json,"xengine is network,protocol,video and audio codec,streammedia protocol toolkit with c c++"
lieff/minimp4,https://github.com/lieff/minimp4,Minimalistic MP4 mux/demux single header library ,C,434,False,2026-07-27T17:30:17Z,master,512,['containers'],CC0-1.0,container_metadata,metadata_screened,research/candidates.json,Minimalistic MP4 mux/demux single header library 
linagora/hublin,https://github.com/linagora/hublin,DEPRECATED - An easy and free video conference service based on WebRTC,JavaScript,1606,True,2021-02-10T04:51:34Z,master,515,['streaming'],NOASSERTION,streaming_transport,metadata_screened,research/candidates.json,DEPRECATED - An easy and free video conference service based on WebRTC
lincollincol/Amplituda,https://github.com/lincollincol/Amplituda,"Audio processing library, which provides waveform data",C,281,False,2025-09-10T10:13:48Z,master,516,['audio'],Apache-2.0,audio_dsp,metadata_screened,research/candidates.json,"Audio processing library, which provides waveform data"
lipangit/JiaoZiVideoPlayer,https://github.com/lipangit/JiaoZiVideoPlayer,MediaPlayer exoplayer ijkplayer ffmpeg,Java,10476,True,2020-09-14T19:02:20Z,develop,518,['ffmpeg'],MIT,playback,metadata_screened,research/candidates.json,MediaPlayer exoplayer ijkplayer ffmpeg
lisamelton/other_video_transcoding,https://github.com/lisamelton/other_video_transcoding,Other tools to transcode videos.,Ruby,587,False,2025-01-21T19:01:20Z,master,520,['transcoding'],MIT,transcoding_product,metadata_screened,research/candidates.json,Other tools to transcode videos.
lisamelton/video-transcoding-scripts,https://github.com/lisamelton/video-transcoding-scripts,"Utilities to transcode, inspect and convert videos.",Shell,598,False,2024-07-03T03:40:22Z,master,521,['transcoding'],MIT,transcoding_product,metadata_screened,research/candidates.json,"Utilities to transcode, inspect and convert videos."
lisamelton/video_transcoding,https://github.com/lisamelton/video_transcoding,"Tools to transcode, inspect and convert videos.",Ruby,2517,False,2026-08-30T01:52:29Z,master,522,['transcoding'],MIT,transcoding_product,metadata_screened,research/candidates.json,"Tools to transcode, inspect and convert videos."
LLhon/Android-Video-Editor,https://github.com/LLhon/Android-Video-Editor,一款Android视频编辑项目，功能有视频拍摄，视频裁剪，视频滤镜，视频压缩,Java,1324,False,2019-04-12T06:39:37Z,master,523,['video_editor'],UNKNOWN,editor_compositor,metadata_screened,research/candidates.json,一款Android视频编辑项目，功能有视频拍摄，视频裁剪，视频滤镜，视频压缩
lmangani/ffmpeg-wasm-voip,https://github.com/lmangani/ffmpeg-wasm-voip,Convert RTP/RAW audio & video codecs in the browser (WASM),JavaScript,31,False,2023-09-30T09:54:24Z,main,525,['video_codec'],MIT,transcoding_product,metadata_screened,research/candidates.json,Convert RTP/RAW audio & video codecs in the browser (WASM)
lmk123568/PyVideoProc,https://github.com/lmk123568/PyVideoProc,🚀 High-Performance Multi-Stream Video Processing in Python with CUDA,C++,243,False,2026-07-01T01:12:37Z,main,526,"['video_processing', 'filters']",BSD-2-Clause,streaming_transport,metadata_screened,research/candidates.json,🚀 High-Performance Multi-Stream Video Processing in Python with CUDA
LMP88959/Digital-Subband-Video-1,https://github.com/LMP88959/Digital-Subband-Video-1,Wavelet video codec in less than 5000 lines of C. Comparable to MPEG-1/MPEG-2 in terms of efficiency and quality.,C,35,True,2024-10-04T16:03:44Z,main,527,['video_codec'],NOASSERTION,codec_hardware,metadata_screened,research/candidates.json,Wavelet video codec in less than 5000 lines of C. Comparable to MPEG-1/MPEG-2 in terms of efficiency and quality.
LMP88959/Digital-Subband-Video-2,https://github.com/LMP88959/Digital-Subband-Video-2,Lossy/lossless wavelet video codec. Comparable to H.264 in terms of efficiency and quality.,C,35,False,2026-09-03T17:22:49Z,main,528,['video_codec'],NOASSERTION,codec_hardware,metadata_screened,research/candidates.json,Lossy/lossless wavelet video codec. Comparable to H.264 in terms of efficiency and quality.
lostb1t/remux,https://github.com/lostb1t/remux,self-hosted media server with a Jellyfin-compatible API,Rust,447,False,2026-09-04T19:43:50Z,main,529,['rust_media'],AGPL-3.0,container_metadata,metadata_screened,research/candidates.json,self-hosted media server with a Jellyfin-compatible API
lucasa/node-streamer,https://github.com/lucasa/node-streamer,a streaming audio and video server built with nodejs and gstreamer,JavaScript,77,False,2012-01-10T00:11:17Z,master,530,['gstreamer'],UNKNOWN,audio_dsp,metadata_screened,research/candidates.json,a streaming audio and video server built with nodejs and gstreamer
lucemia/typed-ffmpeg,https://github.com/lucemia/typed-ffmpeg,"Type-safe FFmpeg bindings for Python & TypeScript — filters, typing, and docs",TypeScript,1162,False,2026-09-03T03:08:47Z,main,531,['ffmpeg'],MIT,integration_wrapper,metadata_screened,research/candidates.json,"Type-safe FFmpeg bindings for Python & TypeScript — filters, typing, and docs"
luigifcruz/kimera,https://github.com/luigifcruz/kimera,Low-latency hardware accelerated codec based video streaming utility.,C,159,False,2021-06-15T01:47:03Z,master,532,['video_codec'],GPL-2.0,codec_hardware,metadata_screened,research/candidates.json,Low-latency hardware accelerated codec based video streaming utility.
lynckia/licode,https://github.com/lynckia/licode,Open Source Communication Provider based on WebRTC and Cloud technologies,C++,3134,False,2026-09-03T00:11:31Z,master,535,['streaming'],MIT,streaming_transport,metadata_screened,research/candidates.json,Open Source Communication Provider based on WebRTC and Cloud technologies
m1k1o/go-transcode,https://github.com/m1k1o/go-transcode,On-demand transcoding origin server for live inputs and static files in Go using ffmpeg. Also with NVIDIA GPU hardware acceleration.,Go,294,False,2025-06-17T09:06:11Z,master,538,['transcoding'],Apache-2.0,transcoding_product,metadata_screened,research/candidates.json,On-demand transcoding origin server for live inputs and static files in Go using ffmpeg. Also with NVIDIA GPU hardware acceleration.
m1k1o/neko,https://github.com/m1k1o/neko,A self hosted virtual browser that runs in docker and uses WebRTC.,Go,22243,False,2026-08-30T15:02:19Z,master,539,['streaming'],Apache-2.0,streaming_transport,metadata_screened,research/candidates.json,A self hosted virtual browser that runs in docker and uses WebRTC.
m3ue/m3u-proxy,https://github.com/m3ue/m3u-proxy,"A high-performance IPTV streaming proxy service with failover support and comprehensive API management. Includes ability to transcode with hardware acceleration, or direct proxy without transcoding.",Python,103,False,2026-09-03T22:51:29Z,master,540,['transcoding'],NOASSERTION,transcoding_product,metadata_screened,research/candidates.json,"A high-performance IPTV streaming proxy service with failover support and comprehensive API management. Includes ability to transcode with hardware acceleration, or direct proxy without transcoding."
mabeijianxi/small-video-record,https://github.com/mabeijianxi/small-video-record,利用FFmpeg视频录制微信小视频与其压缩处理,C,3452,False,2020-06-13T13:01:59Z,master,541,['ffmpeg'],Apache-2.0,processing_framework,metadata_screened,research/candidates.json,利用FFmpeg视频录制微信小视频与其压缩处理
maddox/wallop,https://github.com/maddox/wallop,📺 A transcoding server for your HDHomeRun Prime,Ruby,167,False,2022-05-27T17:39:41Z,master,544,['transcoding'],UNKNOWN,transcoding_product,metadata_screened,research/candidates.json,📺 A transcoding server for your HDHomeRun Prime
mafintosh/transcode-stream,https://github.com/mafintosh/transcode-stream,Stream that transcodes video and audio codecs,JavaScript,39,False,2019-02-04T22:20:37Z,master,547,['video_codec'],MIT,transcoding_product,metadata_screened,research/candidates.json,Stream that transcodes video and audio codecs
Martchus/tageditor,https://github.com/Martchus/tageditor,"A tag editor with Qt GUI and command-line interface supporting MP4/M4A/AAC (iTunes), ID3, Vorbis, Opus, FLAC and Matroska",C++,886,False,2026-07-31T22:31:27Z,master,560,['containers'],GPL-2.0,editor_compositor,metadata_screened,research/candidates.json,"A tag editor with Qt GUI and command-line interface supporting MP4/M4A/AAC (iTunes), ID3, Vorbis, Opus, FLAC and Matroska"
MartinDelophy/ai-video-editor,https://github.com/MartinDelophy/ai-video-editor,"Open-source, local-first video editor where creators and AI agents edit the same real timeline.",JavaScript,767,False,2026-09-03T06:30:59Z,main,561,['video_editor'],MIT,editor_compositor,metadata_screened,research/candidates.json,"Open-source, local-first video editor where creators and AI agents edit the same real timeline."
MasayukiSuda/GPUVideo-android,https://github.com/MasayukiSuda/GPUVideo-android,This library apply video filter on generate an Mp4 and on ExoPlayer video and  Video Recording with Camera2.,Java,678,False,2023-01-25T07:14:37Z,master,563,['containers'],MIT,container_metadata,metadata_screened,research/candidates.json,This library apply video filter on generate an Mp4 and on ExoPlayer video and  Video Recording with Camera2.
MasayukiSuda/Mp4Composer-android,https://github.com/MasayukiSuda/Mp4Composer-android,"This library generate an Mp4 movie using Android MediaCodec API and apply filter, scale, trim, transcode, crop, timeScale, mute and rotate Mp4.",Java,982,False,2020-11-25T15:32:02Z,master,564,"['containers', 'transcoding']",MIT,container_metadata,metadata_screened,research/candidates.json,"This library generate an Mp4 movie using Android MediaCodec API and apply filter, scale, trim, transcode, crop, timeScale, mute and rotate Mp4."
Matroska-Org/libmatroska,https://github.com/Matroska-Org/libmatroska,a C++ libary to parse Matroska files (.mkv and .mka),C++,366,False,2026-08-31T13:28:59Z,master,566,['containers'],LGPL-2.1,container_metadata,metadata_screened,research/candidates.json,a C++ libary to parse Matroska files (.mkv and .mka)
matt-42/vpp,https://github.com/matt-42/vpp,"Video++, a C++14 high performance video and image processing library.",C++,740,False,2019-02-07T13:14:38Z,master,567,"['video_processing', 'filters']",MIT,processing_framework,metadata_screened,research/candidates.json,"Video++, a C++14 high performance video and image processing library."
MattMcManis/Axiom,https://github.com/MattMcManis/Axiom,An FFmpeg GUI for Windows,C#,1711,False,2021-11-09T09:26:21Z,master,571,['ffmpeg'],GPL-3.0,integration_wrapper,metadata_screened,research/candidates.json,An FFmpeg GUI for Windows
mau0x/html5-videoEditor,https://github.com/mau0x/html5-videoEditor,A prototype trying to create a simple VideoEditing tool in the browser using JavaScript.,JavaScript,486,True,2013-04-19T20:57:38Z,master,572,['video_editor'],UNKNOWN,editor_compositor,metadata_screened,research/candidates.json,A prototype trying to create a simple VideoEditing tool in the browser using JavaScript.
max-mapper/screencat,https://github.com/max-mapper/screencat,:cat2: webrtc screensharing electron app for mac os (Alpha),CSS,3002,False,2016-02-18T12:54:39Z,master,573,['streaming'],BSD-2-Clause,streaming_transport,metadata_screened,research/candidates.json,:cat2: webrtc screensharing electron app for mac os (Alpha)
maxcurzi/tplay,https://github.com/maxcurzi/tplay,"A terminal ASCII media player. View images, gifs, videos, webcam, YouTube, etc.. directly in the terminal as ASCII art.",Rust,681,False,2026-08-31T07:36:41Z,main,574,['rust_media'],MIT,playback,metadata_screened,research/candidates.json,"A terminal ASCII media player. View images, gifs, videos, webcam, YouTube, etc.. directly in the terminal as ASCII art."
maxrd2/SubtitleComposer,https://github.com/maxrd2/SubtitleComposer,Subtitle Composer - KF5/Qt Video Subtitle Editor,C++,253,False,2025-11-04T21:18:53Z,master,576,['video_editor'],NOASSERTION,editor_compositor,metadata_screened,research/candidates.json,Subtitle Composer - KF5/Qt Video Subtitle Editor
MaZderMind/dynamic-gstreamer-pipelines-cookbook,https://github.com/MaZderMind/dynamic-gstreamer-pipelines-cookbook,Correctly adding and removing Elements from a GStreamer-Pipeline,Python,81,False,2019-05-30T22:02:47Z,master,577,['gstreamer'],UNKNOWN,streaming_transport,metadata_screened,research/candidates.json,Correctly adding and removing Elements from a GStreamer-Pipeline
mbrucher/AudioTK,https://github.com/mbrucher/AudioTK,An audio digital processing toolbox based on a workflow/pipeline principle,C++,253,True,2021-01-16T23:10:14Z,master,578,['audio'],BSD-3-Clause,audio_dsp,metadata_screened,research/candidates.json,An audio digital processing toolbox based on a workflow/pipeline principle
mdhiggins/sickbeard_mp4_automator,https://github.com/mdhiggins/sickbeard_mp4_automator,Automatically convert video files to a standardized format with metadata tagging to create a beautiful and uniform media library,Python,1586,False,2026-08-15T08:59:18Z,master,580,['containers'],MIT,container_metadata,metadata_screened,research/candidates.json,Automatically convert video files to a standardized format with metadata tagging to create a beautiful and uniform media library
mean00/avidemux2,https://github.com/mean00/avidemux2,"Avidemux2, simple video editor",C,962,False,2026-09-04T00:30:12Z,master,581,['video_editor'],NOASSERTION,editor_compositor,metadata_screened,research/candidates.json,"Avidemux2, simple video editor"
MediaArea/RAWcooked,https://github.com/MediaArea/RAWcooked,"Encodes RAW audio-visual data into the Matroska container (MKV), using the video codec FFV1 for the image and audio codec FLAC for the sound.",C++,49,False,2026-09-03T12:09:47Z,main,582,['video_codec'],BSD-2-Clause,container_metadata,metadata_screened,research/candidates.json,"Encodes RAW audio-visual data into the Matroska container (MKV), using the video codec FFV1 for the image and audio codec FLAC for the sound."
mediaelement/mediaelement,https://github.com/mediaelement/mediaelement,"HTML5 <audio> or <video> player with support for MP4, WebM, and MP3 as well as HLS, Dash, YouTube, Facebook, SoundCloud and others with a common HTML5 MediaElement API, enabling a consistent UI in all browsers.",JavaScript,8299,False,2026-05-12T09:15:03Z,master,583,['containers'],MIT,container_metadata,metadata_screened,research/candidates.json,"HTML5 <audio> or <video> player with support for MP4, WebM, and MP3 as well as HLS, Dash, YouTube, Facebook, SoundCloud and others with a common HTML5 MediaElement API, enabling a consistent UI in all browsers."
meetecho/asterisk-opus,https://github.com/meetecho/asterisk-opus,"Opus (transcoding) and VP8 (passthrough) support for Asterisk, needed for a better WebRTC integration",,82,False,2015-02-13T12:03:26Z,master,585,['transcoding'],GPL-2.0,transcoding_product,metadata_screened,research/candidates.json,"Opus (transcoding) and VP8 (passthrough) support for Asterisk, needed for a better WebRTC integration"
meetecho/janus-gateway,https://github.com/meetecho/janus-gateway,Janus WebRTC Server,C,9159,False,2026-09-04T15:50:05Z,master,586,['streaming'],GPL-3.0,streaming_transport,metadata_screened,research/candidates.json,Janus WebRTC Server
meetecho/simple-whip-client,https://github.com/meetecho/simple-whip-client,Simple WHIP Client (based on GStreamer's webrtcbin),C,85,False,2025-10-23T15:50:13Z,main,587,['gstreamer'],GPL-3.0,streaming_transport,metadata_screened,research/candidates.json,Simple WHIP Client (based on GStreamer's webrtcbin)
MetalPetal/MetalPetal,https://github.com/MetalPetal/MetalPetal,A GPU accelerated image and video processing framework built on Metal.,Objective-C,2185,False,2024-04-10T13:30:17Z,master,590,"['video_processing', 'filters']",MIT,processing_framework,metadata_screened,research/candidates.json,A GPU accelerated image and video processing framework built on Metal.
michaelfranzl/janus-rtpforward-plugin,https://github.com/michaelfranzl/janus-rtpforward-plugin,"Plugin for Janus forwarding RTP and RTCP packets to an external UDP receiver/decoder, e.g. a GStreamer pipeline",C,86,False,2024-01-06T14:32:16Z,master,593,['gstreamer'],GPL-3.0,streaming_transport,metadata_screened,research/candidates.json,"Plugin for Janus forwarding RTP and RTCP packets to an external UDP receiver/decoder, e.g. a GStreamer pipeline"
microshow/RxFFmpeg,https://github.com/microshow/RxFFmpeg,🔥💥RxFFmpeg 是基于 ( FFmpeg 4.0 + X264 + mp3lame + fdk-aac + opencore-amr + openssl ) 编译的适用于 Android 平台的音视频编辑、视频剪辑的快速处理框架，包含以下功能：视频拼接，转码，压缩，裁剪，片头片尾，分离音视频，变速，添加静态贴纸和gif动态贴纸，添加字幕，添加滤镜，添加背景音乐，加速减速视频，倒放音视频，音频裁剪，变声，混音，图片合成视频，视频解码图片，抖音首页，视频播放器及支持 OpenSSL https 等主流特色功能,C,4745,False,2023-04-11T17:13:32Z,master,594,['ffmpeg'],UNKNOWN,processing_framework,metadata_screened,research/candidates.json,🔥💥RxFFmpeg 是基于 ( FFmpeg 4.0 + X264 + mp3lame + fdk-aac + opencore-amr + openssl ) 编译的适用于 Android 平台的音视频编辑、视频剪辑的快速处理框架，包含以下功能：视频拼接，转码，压缩，裁剪，片头片尾，分离音视频，变速，添加静态贴纸和gif动态贴纸，添加字幕，添加滤镜，添加背景音乐，加速减速视频，倒放音视频，音频裁剪，变声，混音，图片合成视频，视频解码图片，抖音首页，视频播放器及支持 OpenSSL https 等主流特色功能
microsoft/auteur,https://github.com/microsoft/auteur,"Live GStreamer node compositor service, implemented in rust",Rust,67,True,2023-06-21T22:47:40Z,main,595,['gstreamer'],MIT,editor_compositor,metadata_screened,research/candidates.json,"Live GStreamer node compositor service, implemented in rust"
microsoft/mlvc,https://github.com/microsoft/mlvc,MLVC: Multi-platform Learned Video Codec for Real-World Deployment,Python,352,False,2026-09-04T10:54:41Z,main,598,['video_codec'],MIT,codec_hardware,metadata_screened,research/candidates.json,MLVC: Multi-platform Learned Video Codec for Real-World Deployment
miroslavpejic85/mirotalk,https://github.com/miroslavpejic85/mirotalk,"🚀 Open-source, self-hosted P2P WebRTC video conferencing for fast, private real-time communication. Create browser-based meeting rooms with no downloads or time limits, plus screen sharing, chat, whiteboard, recording, and collaboration.",JavaScript,4717,False,2026-09-04T19:24:46Z,master,604,['streaming'],AGPL-3.0,streaming_transport,metadata_screened,research/candidates.json,"🚀 Open-source, self-hosted P2P WebRTC video conferencing for fast, private real-time communication. Create browser-based meeting rooms with no downloads or time limits, plus screen sharing, chat, whiteboard, recording, and collaboration."
miroslavpejic85/mirotalksfu,https://github.com/miroslavpejic85/mirotalksfu,"🏆 Self-hosted, open-source WebRTC video conferencing platform for real-time communication and collaboration. A modern alternative to Zoom, Google Meet, Jitsi Meet, and Microsoft Teams, powered by scalable SFU architecture with Mediasoup.",JavaScript,3093,False,2026-09-04T20:43:40Z,main,605,['streaming'],AGPL-3.0,streaming_transport,metadata_screened,research/candidates.json,"🏆 Self-hosted, open-source WebRTC video conferencing platform for real-time communication and collaboration. A modern alternative to Zoom, Google Meet, Jitsi Meet, and Microsoft Teams, powered by scalable SFU architecture with Mediasoup."
miru-media/miru,https://github.com/miru-media/miru,"Framework-agnostic, browser-based components for photo and video editing with WebGL and WebCodecs",TypeScript,45,False,2026-08-15T19:16:53Z,main,606,['media_framework'],AGPL-3.0,editor_compositor,metadata_screened,research/candidates.json,"Framework-agnostic, browser-based components for photo and video editing with WebGL and WebCodecs"
mlsmithjr/transcoder,https://github.com/mlsmithjr/transcoder,Python wrapper for ffmpeg for batch and/or concurrent transcoding,Python,121,False,2023-10-11T07:43:33Z,master,608,['transcoding'],GPL-3.0,integration_wrapper,metadata_screened,research/candidates.json,Python wrapper for ffmpeg for batch and/or concurrent transcoding
mltframework/shotcut,https://github.com/mltframework/shotcut,"cross-platform (Qt), open-source (GPLv3) video editor",C++,15080,False,2026-09-04T21:25:50Z,master,609,['video_editor'],GPL-3.0,editor_compositor,metadata_screened,research/candidates.json,"cross-platform (Qt), open-source (GPLv3) video editor"
mohayonao/CoffeeCollider,https://github.com/mohayonao/CoffeeCollider,Sound Processing Language for Web Audio,JavaScript,224,False,2015-10-09T00:44:23Z,master,614,['audio'],MIT,audio_dsp,metadata_screened,research/candidates.json,Sound Processing Language for Web Audio
mohayonao/pico.js,https://github.com/mohayonao/pico.js,Audio processor for the cross-platform,JavaScript,308,False,2015-12-29T02:27:55Z,master,615,['audio'],UNKNOWN,audio_dsp,metadata_screened,research/candidates.json,Audio processor for the cross-platform
mohyware/clip-js,https://github.com/mohyware/clip-js,"online video editor built with nextjs, remotion and ffmpeg (web assembly port) for render.",TypeScript,767,False,2026-08-03T18:03:38Z,main,616,['video_editor'],MIT,editor_compositor,metadata_screened,research/candidates.json,"online video editor built with nextjs, remotion and ffmpeg (web assembly port) for render."
mojing1999/jmcodec,https://github.com/mojing1999/jmcodec,"H.264, H.265, VP9 ... Video codec hardware(Intel & Nvidia) acceleration",C,23,False,2019-07-01T03:27:43Z,master,617,['video_codec'],GPL-3.0,codec_hardware,metadata_screened,research/candidates.json,"H.264, H.265, VP9 ... Video codec hardware(Intel & Nvidia) acceleration"
moksamedia/Screen-Capture,https://github.com/moksamedia/Screen-Capture,"Caputure screen to video file on mac. Implementation of Apple's OpenGL example code with GUI and ability to caputure mouse movements added. Can choose export format, codec, and quality. (Cocoa - Apple Mac OSX 10.5.8 - XCode 3.2 Project)",Objective-C,72,False,2012-01-04T17:30:29Z,master,618,['video_codec'],UNKNOWN,codec_hardware,metadata_screened,research/candidates.json,"Caputure screen to video file on mac. Implementation of Apple's OpenGL example code with GUI and ability to caputure mouse movements added. Can choose export format, codec, and quality. (Cocoa - Apple Mac OSX 10.5.8 - XCode 3.2 Project)"
monocurl/monocurl,https://github.com/monocurl/monocurl,A programming language used to make math-based videos and slideshows,Rust,313,False,2026-09-02T02:34:54Z,main,622,['rust_media'],MIT,processing_framework,metadata_screened,research/candidates.json,A programming language used to make math-based videos and slideshows
moq-dev/moq,https://github.com/moq-dev/moq,Media over QUIC: Real-time latency at massive scale,Rust,1493,False,2026-09-04T22:16:41Z,main,623,['rust_media'],Apache-2.0,processing_framework,metadata_screened,research/candidates.json,Media over QUIC: Real-time latency at massive scale
mozilla/mp4parse-rust,https://github.com/mozilla/mp4parse-rust,Parser for ISO Base Media Format aka video/mp4 written in Rust.,Rust,449,False,2026-08-26T20:59:46Z,master,628,"['containers', 'rust_media']",MPL-2.0,container_metadata,metadata_screened,research/candidates.json,Parser for ISO Base Media Format aka video/mp4 written in Rust.
mozilla/popcorn-js,https://github.com/mozilla/popcorn-js,The HTML5 Media Framework. (Unmaintained. See https://github.com/menismu/popcorn-js for activity),JavaScript,2129,True,2017-09-21T13:28:47Z,master,629,['media_framework'],MIT,processing_framework,metadata_screened,research/candidates.json,The HTML5 Media Framework. (Unmaintained. See https://github.com/menismu/popcorn-js for activity)
mpromonet/v4l2rtspserver,https://github.com/mpromonet/v4l2rtspserver,RTSP Server for V4L2 device capture supporting HEVC/H264/JPEG/VP8/VP9,C++,2051,False,2026-08-18T18:18:42Z,master,632,['streaming'],Unlicense,streaming_transport,metadata_screened,research/candidates.json,RTSP Server for V4L2 device capture supporting HEVC/H264/JPEG/VP8/VP9
mpromonet/webrtc-streamer,https://github.com/mpromonet/webrtc-streamer,"WebRTC streamer for V4L2 capture devices, RTSP sources and Screen Capture",C++,3580,False,2026-08-28T09:34:46Z,master,633,['streaming'],Unlicense,streaming_transport,metadata_screened,research/candidates.json,"WebRTC streamer for V4L2 capture devices, RTSP sources and Screen Capture"
mrayy/mrayGStreamerUnity,https://github.com/mrayy/mrayGStreamerUnity,GStreamer Integration with Unity using a Native plugin ,C,125,False,2023-12-23T10:20:41Z,master,636,['gstreamer'],MIT,streaming_transport,metadata_screened,research/candidates.json,GStreamer Integration with Unity using a Native plugin 
mrlt8/docker-wyze-bridge,https://github.com/mrlt8/docker-wyze-bridge,WebRTC/RTSP/RTMP/LL-HLS bridge for Wyze cams in a docker container,Python,3264,False,2026-08-19T00:51:04Z,main,637,['streaming'],AGPL-3.0,streaming_transport,metadata_screened,research/candidates.json,WebRTC/RTSP/RTMP/LL-HLS bridge for Wyze cams in a docker container
MTG/essentia.js,https://github.com/MTG/essentia.js,JavaScript library for music/audio analysis and processing powered by Essentia WebAssembly,TypeScript,867,False,2025-12-10T15:49:01Z,master,639,['audio'],AGPL-3.0,audio_dsp,metadata_screened,research/candidates.json,JavaScript library for music/audio analysis and processing powered by Essentia WebAssembly
muaz-khan/RecordRTC,https://github.com/muaz-khan/RecordRTC,"RecordRTC is WebRTC JavaScript library for audio/video as well as screen activity recording. It supports Chrome, Firefox, Opera, Android, and Microsoft Edge. Platforms: Linux, Mac and Windows.",JavaScript,6917,False,2024-05-13T00:39:07Z,master,640,['streaming'],MIT,audio_dsp,metadata_screened,research/candidates.json,"RecordRTC is WebRTC JavaScript library for audio/video as well as screen activity recording. It supports Chrome, Firefox, Opera, Android, and Microsoft Edge. Platforms: Linux, Mac and Windows."
muaz-khan/RTCMultiConnection,https://github.com/muaz-khan/RTCMultiConnection,"RTCMultiConnection is a WebRTC JavaScript library for peer-to-peer applications (screen sharing, audio/video conferencing, file sharing, media streaming etc.)",JavaScript,2619,False,2022-10-06T15:25:02Z,master,641,['streaming'],MIT,audio_dsp,metadata_screened,research/candidates.json,"RTCMultiConnection is a WebRTC JavaScript library for peer-to-peer applications (screen sharing, audio/video conferencing, file sharing, media streaming etc.)"
munnerz/kube-plex,https://github.com/munnerz/kube-plex,Scalable Plex Media Server on Kubernetes -- dispatch transcode jobs as pods on your cluster!,Go,1244,False,2023-03-28T21:31:15Z,master,645,['transcoding'],Apache-2.0,transcoding_product,metadata_screened,research/candidates.json,Scalable Plex Media Server on Kubernetes -- dispatch transcode jobs as pods on your cluster!
murgatt/recode-converter,https://github.com/murgatt/recode-converter,"A simple, modern audio codec converter for video files",TypeScript,53,False,2026-09-02T14:57:04Z,main,646,['video_codec'],GPL-3.0,transcoding_product,metadata_screened,research/candidates.json,"A simple, modern audio codec converter for video files"
mzky/m4s-converter,https://github.com/mzky/m4s-converter,一个跨平台小工具，将bilibili缓存的m4s格式音视频文件合并成mp4,Go,673,False,2026-03-04T02:06:02Z,master,649,['containers'],MIT,container_metadata,metadata_screened,research/candidates.json,一个跨平台小工具，将bilibili缓存的m4s格式音视频文件合并成mp4
narsixyz/audora,https://github.com/narsixyz/audora,"Audora is a scalable, full-stack platform for remote audio/video recording, real-time communication, media processing pipelines, and multipart S3 uploads, built with reliability-first principles using Turborepo and Bun.",TypeScript,261,False,2026-03-30T01:25:25Z,master,651,"['video_processing', 'filters', 'audio']",NOASSERTION,audio_dsp,metadata_screened,research/candidates.json,"Audora is a scalable, full-stack platform for remote audio/video recording, real-time communication, media processing pipelines, and multipart S3 uploads, built with reliability-first principles using Turborepo and Bun."
nashaofu/xcap,https://github.com/nashaofu/xcap,"XCap is a cross-platform screen capture library written in Rust. It supports Linux (X11, Wayland), MacOS, and Windows. XCap supports screenshot and video recording (WIP).",Rust,1012,False,2026-08-25T01:48:27Z,master,652,['rust_media'],Apache-2.0,processing_framework,metadata_screened,research/candidates.json,"XCap is a cross-platform screen capture library written in Rust. It supports Linux (X11, Wayland), MacOS, and Windows. XCap supports screenshot and video recording (WIP)."
natario1/CameraView,https://github.com/natario1/CameraView,"📸 A well documented, high-level Android interface that makes capturing pictures and videos easy, addressing all of the common issues and needs. Real-time filters, gestures, watermarks, frame processing, RAW, output of any size.",Java,5130,False,2024-09-03T20:56:02Z,main,653,"['video_processing', 'filters']",NOASSERTION,processing_framework,metadata_screened,research/candidates.json,"📸 A well documented, high-level Android interface that makes capturing pictures and videos easy, addressing all of the common issues and needs. Real-time filters, gestures, watermarks, frame processing, RAW, output of any size."
ncounterspecialist/twick,https://github.com/ncounterspecialist/twick,"AI-powered video editor SDK built with React. Features canvas timeline, drag-and-drop editing, AI captions, and serverless MP4 export. Perfect for building custom video apps.",TypeScript,534,False,2026-06-04T18:36:43Z,main,656,"['video_editor', 'containers']",NOASSERTION,editor_compositor,metadata_screened,research/candidates.json,"AI-powered video editor SDK built with React. Features canvas timeline, drag-and-drop editing, AI captions, and serverless MP4 export. Perfect for building custom video apps."
neon-jungle/wagtail-videos,https://github.com/neon-jungle/wagtail-videos,"Videos for Wagtail CMS, including transcoding",Python,75,False,2026-06-04T00:39:23Z,master,658,['transcoding'],BSD-3-Clause,transcoding_product,metadata_screened,research/candidates.json,"Videos for Wagtail CMS, including transcoding"
NextLevel/NextLevelSessionExporter,https://github.com/NextLevel/NextLevelSessionExporter,🔄 Export and transcode media in Swift,Swift,277,False,2026-08-07T18:44:11Z,main,660,['transcoding'],MIT,transcoding_product,metadata_screened,research/candidates.json,🔄 Export and transcode media in Swift
niandeng-ckplayer/chplayer,https://github.com/niandeng-ckplayer/chplayer,"网页视频播放器，支持mp4,flv,f4v以及m3u8格式，支持rtmp。支持点播和直播",JavaScript,281,False,2017-08-16T08:21:29Z,master,664,['containers'],MPL-2.0,container_metadata,metadata_screened,research/candidates.json,"网页视频播放器，支持mp4,flv,f4v以及m3u8格式，支持rtmp。支持点播和直播"
NiklasEi/bevy_kira_audio,https://github.com/NiklasEi/bevy_kira_audio,A Bevy plugin to use Kira for game audio,Rust,469,False,2026-07-25T20:53:58Z,main,666,['rust_media'],Apache-2.0,audio_dsp,metadata_screened,research/candidates.json,A Bevy plugin to use Kira for game audio
node-webrtc/node-webrtc,https://github.com/node-webrtc/node-webrtc,node-webrtc is a Node.js Native Addon that provides bindings to WebRTC M106,C++,2804,False,2026-03-26T15:00:54Z,develop,668,['streaming'],NOASSERTION,integration_wrapper,metadata_screened,research/candidates.json,node-webrtc is a Node.js Native Addon that provides bindings to WebRTC M106
notedit/gstreamer-go,https://github.com/notedit/gstreamer-go,gstreamer wrap for golang ,Go,66,False,2020-03-21T07:22:30Z,master,670,['gstreamer'],UNKNOWN,streaming_transport,metadata_screened,research/candidates.json,gstreamer wrap for golang 
notedit/gstreamer-webrtc,https://github.com/notedit/gstreamer-webrtc,webrtc streamer based on gstreamer,Python,77,False,2018-12-13T12:35:54Z,master,671,['gstreamer'],UNKNOWN,streaming_transport,metadata_screened,research/candidates.json,webrtc streamer based on gstreamer
nschlia/ffmpegfs,https://github.com/nschlia/ffmpegfs,"FUSE-based transcoding filesystem with video support from many formats to FLAC, MP4, TS, WebM, OGG, MP3, HLS, and others.",C++,272,False,2026-06-23T13:54:43Z,master,673,['transcoding'],GPL-3.0,container_metadata,metadata_screened,research/candidates.json,"FUSE-based transcoding filesystem with video support from many formats to FLAC, MP4, TS, WebM, OGG, MP3, HLS, and others."
ntsc-rs/ntsc-rs,https://github.com/ntsc-rs/ntsc-rs,"Free, open-source VHS effect. Standalone application + plugin (After Effects, Premiere, and OpenFX).",Rust,2544,False,2026-08-01T23:20:07Z,main,674,['rust_media'],NOASSERTION,processing_framework,metadata_screened,research/candidates.json,"Free, open-source VHS effect. Standalone application + plugin (After Effects, Premiere, and OpenFX)."
numberwolf/FFmpeg-PlusPlus,https://github.com/numberwolf/FFmpeg-PlusPlus,"🔥 FFmpeg扩展版本，1.支持OpenGL图形渲染,自定义着色器 滤镜、特效、转场。2.支持FLV+HEVC/AV1/Opus编码解码 🔥  FFmpeg Extension: 1.Support GLSL OpenGL(Filter/Effect/Transition/Shaders); 2. And Transcode FLV with HEVC/AV1/Opus Codec",C,387,False,2026-03-11T05:58:57Z,main,675,['transcoding'],MIT,transcoding_product,metadata_screened,research/candidates.json,"🔥 FFmpeg扩展版本，1.支持OpenGL图形渲染,自定义着色器 滤镜、特效、转场。2.支持FLV+HEVC/AV1/Opus编码解码 🔥  FFmpeg Extension: 1.Support GLSL OpenGL(Filter/Effect/Transition/Shaders); 2. And Transcode FLV with HEVC/AV1/Opus Codec"
numberwolf/h265web.js,https://github.com/numberwolf/h265web.js,"🔥 作者：常炎隆(Author: ChangYanlong):HEVC/H.265 网页直播/点播播放器 支持硬解！ 支持H.265的HttpFLV/HLS/MP4/TS/FLV/M3U8/Websocket/WebRTC播放。 🔥 A HEVC/H.265 Web Player, Support hard-decoding! for LIVE/VOD stream. Support H.265 Codec with HttpFLV/HLS/MP4/TS/FLV/M3U8/Websocket/WebRTC.",JavaScript,2340,False,2026-08-24T16:46:27Z,master,676,"['containers', 'streaming']",NOASSERTION,container_metadata,metadata_screened,research/candidates.json,"🔥 作者：常炎隆(Author: ChangYanlong):HEVC/H.265 网页直播/点播播放器 支持硬解！ 支持H.265的HttpFLV/HLS/MP4/TS/FLV/M3U8/Websocket/WebRTC播放。 🔥 A HEVC/H.265 Web Player, Support hard-decoding! for LIVE/VOD stream. Support H.265 Codec with HttpFLV/HLS/MP4/TS/FLV/M3U8/Websocket/WebRTC."
NVIDIA/cosmos-curator,https://github.com/NVIDIA/cosmos-curator,"Cosmos Curator is a powerful video curation system that processes, analyzes, and organizes video content using advanced AI models and distributed computing.",Python,264,False,2026-09-03T21:35:52Z,main,677,"['video_processing', 'filters']",Apache-2.0,processing_framework,metadata_screened,research/candidates.json,"Cosmos Curator is a powerful video curation system that processes, analyzes, and organizes video content using advanced AI models and distributed computing."
NVIDIA/DeepStream,https://github.com/NVIDIA/DeepStream,"NVIDIA DeepStream Monorepo: DeepStream SDK and reference apps for building GPU‑accelerated, real-time video and multi‑sensor analytics pipelines with GStreamer, TensorRT, and vision AI models across edge, on‑prem, and cloud deployments.",C++,237,False,2026-09-04T00:13:52Z,main,678,['gstreamer'],NOASSERTION,streaming_transport,metadata_screened,research/candidates.json,"NVIDIA DeepStream Monorepo: DeepStream SDK and reference apps for building GPU‑accelerated, real-time video and multi‑sensor analytics pipelines with GStreamer, TensorRT, and vision AI models across edge, on‑prem, and cloud deployments."
NVIDIA/VideoProcessingFramework,https://github.com/NVIDIA/VideoProcessingFramework,"Set of Python bindings to C++ libraries which provides full HW acceleration for video decoding, encoding and GPU-accelerated color space and pixel format conversions",C++,1378,True,2024-06-10T14:16:44Z,master,680,['video_processing'],Apache-2.0,integration_wrapper,metadata_screened,research/candidates.json,"Set of Python bindings to C++ libraries which provides full HW acceleration for video decoding, encoding and GPU-accelerated color space and pixel format conversions"
nyanmisaka/ffmpeg-rockchip,https://github.com/nyanmisaka/ffmpeg-rockchip,FFmpeg with async and zero-copy Rockchip MPP & RGA support,C,1281,False,2026-08-10T08:58:55Z,master,681,['ffmpeg'],NOASSERTION,processing_framework,metadata_screened,research/candidates.json,FFmpeg with async and zero-copy Rockchip MPP & RGA support
OAID/TengineGst,https://github.com/OAID/TengineGst,"TengineGst is a streaming media analytics framework, based on GStreamer multimedia framework, for creating varied complex media analytics pipelines. It ensures pipeline interoperability and provides optimized media, and inference operations using Tengine Toolkit Inference Engine backend, across varied architecture - CPU, iGPU and  VPU. ",C++,59,False,2021-10-27T06:45:48Z,main,683,['media_framework'],Apache-2.0,streaming_transport,metadata_screened,research/candidates.json,"TengineGst is a streaming media analytics framework, based on GStreamer multimedia framework, for creating varied complex media analytics pipelines. It ensures pipeline interoperability and provides optimized media, and inference operations using Tengine Toolkit Inference Engine backend, across varied architecture - CPU, iGPU and  VPU. "
oddity-ai/video-rs,https://github.com/oddity-ai/video-rs,"Video readers, writers, muxers, encoders and decoders for Rust based on ffmpeg libraries. ",Rust,419,False,2026-06-30T14:13:33Z,main,685,['rust_media'],Apache-2.0,integration_wrapper,metadata_screened,research/candidates.json,"Video readers, writers, muxers, encoders and decoders for Rust based on ffmpeg libraries. "
olive-editor/olive,https://github.com/olive-editor/olive,Free open-source non-linear video editor,C++,9128,False,2024-12-05T10:34:17Z,master,686,['video_editor'],GPL-3.0,editor_compositor,metadata_screened,research/candidates.json,Free open-source non-linear video editor
open-edge-platform/dlstreamer,https://github.com/open-edge-platform/dlstreamer,"Deep Learning Streamer (DL Streamer) Pipeline Framework is an open-source streaming media analytics framework, based on GStreamer* multimedia framework, for creating complex media analytics pipelines for the Cloud or at the Edge.",C++,623,False,2026-09-04T12:41:35Z,main,689,"['media_framework', 'gstreamer']",MIT,streaming_transport,metadata_screened,research/candidates.json,"Deep Learning Streamer (DL Streamer) Pipeline Framework is an open-source streaming media analytics framework, based on GStreamer* multimedia framework, for creating complex media analytics pipelines for the Cloud or at the Edge."
open-ribbi/velocut,https://github.com/open-ribbi/velocut,"AI-native, local-first video editor by Ribbi — runs entirely in the browser. Rust/WASM engine, WebGPU compositing, WebCodecs export; humans and LLM agents edit through the same JSON command protocol.",TypeScript,451,False,2026-08-12T06:25:44Z,main,690,['video_editor'],MIT,editor_compositor,metadata_screened,research/candidates.json,"AI-native, local-first video editor by Ribbi — runs entirely in the browser. Rust/WASM engine, WebGPU compositing, WebCodecs export; humans and LLM agents edit through the same JSON command protocol."
open-webrtc-toolkit/owt-server,https://github.com/open-webrtc-toolkit/owt-server,General server (streaming/conference/transcoding/anayltics) for OWT. (A.k.a. MediaServer) ,JavaScript,1155,True,2024-10-23T03:20:15Z,master,691,['transcoding'],Apache-2.0,transcoding_product,metadata_screened,research/candidates.json,General server (streaming/conference/transcoding/anayltics) for OWT. (A.k.a. MediaServer) 
opencodewin/MediaEditor,https://github.com/opencodewin/MediaEditor,A non-linear editing software that helps you to make nice video.,C++,503,False,2024-12-04T10:46:14Z,master,692,['video_editor'],LGPL-3.0,editor_compositor,metadata_screened,research/candidates.json,A non-linear editing software that helps you to make nice video.
OpenShot/openshot-qt,https://github.com/OpenShot/openshot-qt,"OpenShot Video Editor is an award-winning free and open-source video editor for Linux, Mac, and Windows, and is dedicated to delivering high quality video editing and animation solutions to the world.",Python,6436,False,2026-09-04T00:17:38Z,develop,693,['video_editor'],NOASSERTION,editor_compositor,metadata_screened,research/candidates.json,"OpenShot Video Editor is an award-winning free and open-source video editor for Linux, Mac, and Windows, and is dedicated to delivering high quality video editing and animation solutions to the world."
openvideodev/react-video-editor,https://github.com/openvideodev/react-video-editor,Online react video editor using remotion. Capcut and canva clone.,TypeScript,1788,False,2026-06-30T04:39:39Z,main,694,['video_editor'],NOASSERTION,editor_compositor,metadata_screened,research/candidates.json,Online react video editor using remotion. Capcut and canva clone.
OpenVisualCloud/SVT-HEVC,https://github.com/OpenVisualCloud/SVT-HEVC,"SVT HEVC encoder. Scalable Video Technology (SVT) is a software-based video coding technology that is highly optimized for Intel® Xeon® processors. Using the open source SVT-HEVC encoder, it is possible to spread video encoding processing across multiple Intel® Xeon® processors to achieve a real advantage of processing efficiency. ",C,527,True,2024-07-29T18:50:10Z,master,696,"['video_processing', 'filters']",NOASSERTION,codec_hardware,metadata_screened,research/candidates.json,"SVT HEVC encoder. Scalable Video Technology (SVT) is a software-based video coding technology that is highly optimized for Intel® Xeon® processors. Using the open source SVT-HEVC encoder, it is possible to spread video encoding processing across multiple Intel® Xeon® processors to achieve a real advantage of processing efficiency. "
OpenVisualCloud/SVT-VP9,https://github.com/OpenVisualCloud/SVT-VP9,"SVT VP9 encoder. Scalable Video Technology (SVT) is a software-based video coding technology that is highly optimized for Intel® Xeon® processors. Using the open source SVT-VP9 encoder, it is possible to spread video encoding processing across multiple Intel® Xeon® processors to achieve a real advantage of processing efficiency. ",C,249,False,2025-12-30T17:52:07Z,master,697,"['video_processing', 'filters']",NOASSERTION,codec_hardware,metadata_screened,research/candidates.json,"SVT VP9 encoder. Scalable Video Technology (SVT) is a software-based video coding technology that is highly optimized for Intel® Xeon® processors. Using the open source SVT-VP9 encoder, it is possible to spread video encoding processing across multiple Intel® Xeon® processors to achieve a real advantage of processing efficiency. "
Orange-OpenSource/AIVC,https://github.com/Orange-OpenSource/AIVC,AIVC is a fully-learned video codec. It is able to code video sequences at different rates and it features tunable coding configurations.,Python,81,True,2025-06-10T07:50:42Z,main,698,['video_codec'],BSD-3-Clause,codec_hardware,metadata_screened,research/candidates.json,AIVC is a fully-learned video codec. It is able to code video sequences at different rates and it features tunable coding configurations.
Orange-OpenSource/Cool-Chic,https://github.com/Orange-OpenSource/Cool-Chic,Low-complexity neural image & video codec.,Python,239,False,2026-07-17T06:42:40Z,main,699,['video_codec'],BSD-3-Clause,codec_hardware,metadata_screened,research/candidates.json,Low-complexity neural image & video codec.
orottier/web-audio-api-rs,https://github.com/orottier/web-audio-api-rs,"A Rust implementation of the Web Audio API, for use in non-browser contexts",Rust,383,False,2026-08-15T12:02:49Z,main,701,['rust_media'],MIT,audio_dsp,metadata_screened,research/candidates.json,"A Rust implementation of the Web Audio API, for use in non-browser contexts"
ossrs/srs,https://github.com/ossrs/srs,"SRS is a simple, high-performance, AI-driven real-time media server supporting RTMP, WebRTC, HLS, HTTP-FLV, HTTP-TS, SRT, MPEG-DASH, and GB28181, with codec support for H.264, H.265, AV1, VP9, AAC, Opus, and G.711.",C++,29207,False,2026-09-04T02:44:24Z,develop,702,['streaming'],MIT,codec_hardware,metadata_screened,research/candidates.json,"SRS is a simple, high-performance, AI-driven real-time media server supporting RTMP, WebRTC, HLS, HTTP-FLV, HTTP-TS, SRT, MPEG-DASH, and GB28181, with codec support for H.264, H.265, AV1, VP9, AAC, Opus, and G.711."
OvenMediaLabs/OvenMediaEngine,https://github.com/OvenMediaLabs/OvenMediaEngine,OvenMediaEngine (OME) is a Sub-Second Latency Live Streaming Server with Large-Scale and High-Definition. #WebRTC #LLHLS,C++,3272,False,2026-09-04T16:18:18Z,master,704,['streaming'],AGPL-3.0,streaming_transport,metadata_screened,research/candidates.json,OvenMediaEngine (OME) is a Sub-Second Latency Live Streaming Server with Large-Scale and High-Definition. #WebRTC #LLHLS
Ovilia/Polyvia,https://github.com/Ovilia/Polyvia,Low-Poly Image and Video Processing,JavaScript,1163,False,2019-01-29T10:04:10Z,gh-pages,705,"['video_processing', 'filters']",MIT,processing_framework,metadata_screened,research/candidates.json,Low-Poly Image and Video Processing
owickstrom/komposition,https://github.com/owickstrom/komposition,The video editor built for screencasters,Haskell,430,True,2021-04-20T11:34:20Z,master,706,['video_editor'],MPL-2.0,editor_compositor,metadata_screened,research/candidates.json,The video editor built for screencasters
Pablituuu/react-video-editor,https://github.com/Pablituuu/react-video-editor,Online video editor alternative to canva and capcut. React video editor.,TypeScript,247,False,2025-01-31T21:33:00Z,master,707,['video_editor'],UNKNOWN,editor_compositor,metadata_screened,research/candidates.json,Online video editor alternative to canva and capcut. React video editor.
pabloromeo/clusterplex,https://github.com/pabloromeo/clusterplex,"ClusterPlex is an extended version of Plex, which supports distributed Workers across a cluster to handle transcoding requests.",JavaScript,589,False,2026-02-12T21:53:33Z,master,708,['transcoding'],MIT,transcoding_product,metadata_screened,research/candidates.json,"ClusterPlex is an extended version of Plex, which supports distributed Workers across a cluster to handle transcoding requests."
palmier-io/palmier-pro,https://github.com/palmier-io/palmier-pro,macOS video editor built for AI,Swift,14287,False,2026-08-28T23:30:01Z,main,709,['video_editor'],GPL-3.0,editor_compositor,metadata_screened,research/candidates.json,macOS video editor built for AI
pando85/gearr,https://github.com/pando85/gearr,A versatile video transcoding tool specialized in converting media files to the efficient x265 format.,Go,89,False,2026-09-04T17:03:43Z,master,710,['transcoding'],GPL-3.0,transcoding_product,metadata_screened,research/candidates.json,A versatile video transcoding tool specialized in converting media files to the efficient x265 format.
paolo-pr/laav,https://github.com/paolo-pr/laav,"Asynchronous Audio / Video Library for H264 / MJPEG / OPUS / AAC / MP2 encoding, transcoding, recording and streaming from live sources",C++,63,False,2022-09-17T16:15:26Z,master,711,['transcoding'],GPL-3.0,transcoding_product,metadata_screened,research/candidates.json,"Asynchronous Audio / Video Library for H264 / MJPEG / OPUS / AAC / MP2 encoding, transcoding, recording and streaming from live sources"
ParadoxSpiral/libmpv-rs,https://github.com/ParadoxSpiral/libmpv-rs,A libmpv abstraction written in rust that's easy to use and provides the ability to read next to all video and audio codecs.,Rust,116,False,2024-03-16T15:39:23Z,master,712,['video_codec'],LGPL-2.1,codec_hardware,metadata_screened,research/candidates.json,A libmpv abstraction written in rust that's easy to use and provides the ability to read next to all video and audio codecs.
Parisson/TimeSide,https://github.com/Parisson/TimeSide,scalable audio processing framework and server written in Python,Python,394,False,2024-10-14T17:26:35Z,master,713,['audio'],AGPL-3.0,audio_dsp,metadata_screened,research/candidates.json,scalable audio processing framework and server written in Python
patademahesh/Distributed-Video-Transcoding,https://github.com/patademahesh/Distributed-Video-Transcoding,Distributed Video Transcoding,Shell,65,False,2015-10-10T07:24:57Z,master,714,['transcoding'],UNKNOWN,transcoding_product,metadata_screened,research/candidates.json,Distributed Video Transcoding
paullouisageneau/libdatachannel,https://github.com/paullouisageneau/libdatachannel,"C/C++ WebRTC network library featuring Data Channels, Media Transport, and WebSockets",C++,2728,False,2026-08-07T22:37:07Z,master,715,['streaming'],MPL-2.0,streaming_transport,metadata_screened,research/candidates.json,"C/C++ WebRTC network library featuring Data Channels, Media Transport, and WebSockets"
paulpacifico/shutter-encoder,https://github.com/paulpacifico/shutter-encoder,"A professional video compression tool accessible to all, mostly based on FFmpeg.",Java,2721,False,2026-09-02T08:49:17Z,master,716,['ffmpeg'],GPL-3.0,integration_wrapper,metadata_screened,research/candidates.json,"A professional video compression tool accessible to all, mostly based on FFmpeg."
pcwalton/rust-media,https://github.com/pcwalton/rust-media,"A free, comprehensive, and portable video/audio streaming library for Rust",Rust,854,False,2018-01-10T19:13:55Z,master,718,['rust_media'],Apache-2.0,audio_dsp,metadata_screened,research/candidates.json,"A free, comprehensive, and portable video/audio streaming library for Rust"
pdeljanov/Symphonia,https://github.com/pdeljanov/Symphonia,"Pure Rust multimedia format demuxing, tag reading, and audio decoding library",Rust,3381,False,2026-08-13T03:19:51Z,main,719,['rust_media'],MPL-2.0,container_metadata,metadata_screened,research/candidates.json,"Pure Rust multimedia format demuxing, tag reading, and audio decoding library"
pedroSG94/RootEncoder,https://github.com/pedroSG94/RootEncoder,"RootEncoder for Android (rtmp-rtsp-stream-client-java) is a stream encoder to push video/audio to media servers using protocols RTMP, RTSP, SRT and UDP with all code written in Java/Kotlin",Kotlin,3033,False,2026-09-04T20:20:35Z,master,720,['streaming'],Apache-2.0,codec_hardware,metadata_screened,research/candidates.json,"RootEncoder for Android (rtmp-rtsp-stream-client-java) is a stream encoder to push video/audio to media servers using protocols RTMP, RTSP, SRT and UDP with all code written in Java/Kotlin"
peers/peerjs,https://github.com/peers/peerjs,Simple peer-to-peer with WebRTC.,TypeScript,13434,False,2026-02-27T00:49:47Z,master,722,['streaming'],MIT,streaming_transport,metadata_screened,research/candidates.json,Simple peer-to-peer with WebRTC.
petergeneric/unifi-protect-remux,https://github.com/petergeneric/unifi-protect-remux,Convert Ubiquiti's proprietary .ubv files into standard MP4 files,Rust,340,False,2026-06-15T15:52:56Z,master,725,"['containers', 'rust_media']",NOASSERTION,container_metadata,metadata_screened,research/candidates.json,Convert Ubiquiti's proprietary .ubv files into standard MP4 files
philn/glide,https://github.com/philn/glide,Linux/macOS media player based on GStreamer and GTK,Rust,287,False,2026-08-26T09:17:49Z,main,728,"['gstreamer', 'rust_media']",MIT,streaming_transport,metadata_screened,research/candidates.json,Linux/macOS media player based on GStreamer and GTK
PHP-FFMpeg/PHP-FFMpeg,https://github.com/PHP-FFMpeg/PHP-FFMpeg,An object oriented PHP driver for FFMpeg binary,PHP,5017,False,2026-01-19T21:16:04Z,master,730,['ffmpeg'],MIT,processing_framework,metadata_screened,research/candidates.json,An object oriented PHP driver for FFMpeg binary
pili-engineering/PLDroidMediaStreaming,https://github.com/pili-engineering/PLDroidMediaStreaming,PLDroidMediaStreaming 是七牛推出的一款适用于 Android 平台的推流 SDK，支持 RTMP 推流，h.264 和 AAC 编码，硬编、软编支持。具有丰富的数据和状态回调，方便用户根据自己的业务定制化开发。具有直播场景下的重要功能，如：美颜、背景音乐、水印等功能。PLDroidMediaStreaming 是现在目前重点维护的版本，自带采集模块也支持用户自己做采集端。,Java,1449,False,2024-03-13T10:15:58Z,master,732,['streaming'],Apache-2.0,streaming_transport,metadata_screened,research/candidates.json,PLDroidMediaStreaming 是七牛推出的一款适用于 Android 平台的推流 SDK，支持 RTMP 推流，h.264 和 AAC 编码，硬编、软编支持。具有丰富的数据和状态回调，方便用户根据自己的业务定制化开发。具有直播场景下的重要功能，如：美颜、背景音乐、水印等功能。PLDroidMediaStreaming 是现在目前重点维护的版本，自带采集模块也支持用户自己做采集端。
pion/webrtc,https://github.com/pion/webrtc,Pure Go implementation of the WebRTC API,Go,16757,False,2026-09-04T18:39:28Z,main,734,['streaming'],MIT,streaming_transport,metadata_screened,research/candidates.json,Pure Go implementation of the WebRTC API
pipeless-ai/pipeless,https://github.com/pipeless-ai/pipeless,An open-source computer vision framework to build and deploy apps in minutes,Rust,852,False,2024-05-08T10:13:19Z,main,735,['rust_media'],Apache-2.0,processing_framework,metadata_screened,research/candidates.json,An open-source computer vision framework to build and deploy apps in minutes
pixop/video-compare,https://github.com/pixop/video-compare,Split-screen video comparison tool using FFmpeg and SDL2,C++,1753,False,2026-09-03T06:50:50Z,master,736,['ffmpeg'],GPL-2.0,processing_framework,metadata_screened,research/candidates.json,Split-screen video comparison tool using FFmpeg and SDL2
polarch/JSAmbisonics,https://github.com/polarch/JSAmbisonics,"A JS library for first-order ambisonic (FOA) and higher-order ambisonic (HOA) processing for  browsers, using Web Audio.",JavaScript,181,False,2022-05-03T12:34:27Z,master,740,['audio'],BSD-3-Clause,audio_dsp,metadata_screened,research/candidates.json,"A JS library for first-order ambisonic (FOA) and higher-order ambisonic (HOA) processing for  browsers, using Web Audio."
polybiusproxy/hxCodec,https://github.com/polybiusproxy/hxCodec,Haxe library for native video playback on HaxeFlixel and OpenFL.,C,113,False,2024-05-11T09:14:55Z,main,741,['video_codec'],MPL-2.0,codec_hardware,metadata_screened,research/candidates.json,Haxe library for native video playback on HaxeFlixel and OpenFL.
pouyaardehkhani/VCC,https://github.com/pouyaardehkhani/VCC,Video Codec Converter - A desktop GUI for batch video transcoding with FFmpeg,Python,26,False,2026-02-24T21:02:02Z,master,744,['video_codec'],UNKNOWN,transcoding_product,metadata_screened,research/candidates.json,Video Codec Converter - A desktop GUI for batch video transcoding with FFmpeg
prabhakar-sivanesan/OpenCV-rtsp-server,https://github.com/prabhakar-sivanesan/OpenCV-rtsp-server,RTSP streaming using GStreamer,Python,195,False,2023-08-22T05:39:18Z,master,745,['gstreamer'],UNKNOWN,streaming_transport,metadata_screened,research/candidates.json,RTSP streaming using GStreamer
processing/p5.js-sound,https://github.com/processing/p5.js-sound,p5.sound brings the Processing approach to Web Audio and p5.js. Demos:,JavaScript,911,False,2025-09-05T11:39:14Z,main,747,['audio'],MIT,audio_dsp,metadata_screened,research/candidates.json,p5.sound brings the Processing approach to Web Audio and p5.js. Demos:
processing/processing-video,https://github.com/processing/processing-video,GStreamer-based video library for Processing,Java,288,False,2024-07-16T09:10:09Z,main,748,"['video_processing', 'filters', 'gstreamer']",UNKNOWN,streaming_transport,metadata_screened,research/candidates.json,GStreamer-based video library for Processing
protonemedia/laravel-ffmpeg,https://github.com/protonemedia/laravel-ffmpeg,This package provides an integration with FFmpeg for Laravel. Laravel's Filesystem handles the storage of the files.,PHP,1816,False,2026-02-28T09:35:15Z,main,750,['ffmpeg'],MIT,processing_framework,metadata_screened,research/candidates.json,This package provides an integration with FFmpeg for Laravel. Laravel's Filesystem handles the storage of the files.
PyAV-Org/PyAV,https://github.com/PyAV-Org/PyAV,﻿﻿Pythonic bindings for FFmpeg's libraries.,Python,3274,False,2026-09-02T05:54:09Z,main,752,['ffmpeg'],BSD-3-Clause,integration_wrapper,metadata_screened,research/candidates.json,﻿﻿Pythonic bindings for FFmpeg's libraries.
pytorch/audio,https://github.com/pytorch/audio,"Data manipulation and transformation for audio signal processing, powered by PyTorch",Python,2933,False,2026-09-04T11:36:57Z,main,753,['audio'],BSD-2-Clause,audio_dsp,metadata_screened,research/candidates.json,"Data manipulation and transformation for audio signal processing, powered by PyTorch"
q191201771/lal,https://github.com/q191201771/lal,"🔥 Golang audio/video live streaming lib/client/server. support RTMP, RTSP(RTP/RTCP), HLS, HTTP[S]/WebSocket-FLV/TS, GB28181, H264/H265/AAC/G711/OPUS, relay, cluster, record, HTTP Notify/API/UI. 直播",Go,3027,False,2024-10-23T01:59:16Z,master,754,['streaming'],MIT,audio_dsp,metadata_screened,research/candidates.json,"🔥 Golang audio/video live streaming lib/client/server. support RTMP, RTSP(RTP/RTCP), HLS, HTTP[S]/WebSocket-FLV/TS, GB28181, H264/H265/AAC/G711/OPUS, relay, cluster, record, HTTP Notify/API/UI. 直播"
rainliu/GoHM,https://github.com/rainliu/GoHM,H265/HEVC HM Video Codec in Go,Go,65,False,2013-03-30T02:55:40Z,master,757,['video_codec'],UNKNOWN,codec_hardware,metadata_screened,research/candidates.json,H265/HEVC HM Video Codec in Go
Rambalac/JoinerSplitter,https://github.com/Rambalac/JoinerSplitter,Fast video joiner/splitter using ffmpeg codec copy,C#,295,False,2022-12-08T11:35:09Z,master,758,['video_codec'],MIT,codec_hardware,metadata_screened,research/candidates.json,Fast video joiner/splitter using ffmpeg codec copy
rdp/screen-capture-recorder-to-video-windows-free,https://github.com/rdp/screen-capture-recorder-to-video-windows-free,"a free open source  windows ""screen capture"" device and recorder (also allows VLC/ffmpeg and others to capture/stream desktop/audio)",C++,2293,False,2025-10-15T15:21:36Z,master,760,['ffmpeg'],NOASSERTION,audio_dsp,metadata_screened,research/candidates.json,"a free open source  windows ""screen capture"" device and recorder (also allows VLC/ffmpeg and others to capture/stream desktop/audio)"
react-native-webrtc/react-native-webrtc,https://github.com/react-native-webrtc/react-native-webrtc,The WebRTC module for React Native,Java,4991,False,2026-09-03T19:11:25Z,master,761,['streaming'],MIT,streaming_transport,metadata_screened,research/candidates.json,The WebRTC module for React Native
RecursiveForest/whatmp3,https://github.com/RecursiveForest/whatmp3,whatmp3 transcodes audio files and creates torrents for them,Python,234,False,2025-01-15T08:15:29Z,master,762,['transcoding'],MIT,transcoding_product,metadata_screened,research/candidates.json,whatmp3 transcodes audio files and creates torrents for them
reframe-oss/reframe,https://github.com/reframe-oss/reframe,"Free, open-source video editor that runs in your browser. No login, no uploads, no ads.",TypeScript,168,False,2026-09-04T10:04:02Z,main,763,['video_editor'],UNKNOWN,editor_compositor,metadata_screened,research/candidates.json,"Free, open-source video editor that runs in your browser. No login, no uploads, no ads."
rendi-api/ffmpeg-cheatsheet,https://github.com/rendi-api/ffmpeg-cheatsheet,A categorized collection of FFmpeg commands for video automation pipelines.,,1739,False,2026-04-29T19:44:19Z,main,765,['ffmpeg'],UNKNOWN,processing_framework,metadata_screened,research/candidates.json,A categorized collection of FFmpeg commands for video automation pipelines.
rheaton/carrierwave-video,https://github.com/rheaton/carrierwave-video,carrierwave extension to use ffmpeg to transcode videos to html5-friendly format,Ruby,188,False,2018-02-14T21:39:37Z,master,768,['transcoding'],MIT,transcoding_product,metadata_screened,research/candidates.json,carrierwave extension to use ffmpeg to transcode videos to html5-friendly format
RidgeRun/gst-inference,https://github.com/RidgeRun/gst-inference,A GStreamer Deep Learning Inference Framework,C,131,False,2023-11-07T23:23:05Z,master,769,['gstreamer'],LGPL-2.1,streaming_transport,metadata_screened,research/candidates.json,A GStreamer Deep Learning Inference Framework
RidgeRun/gst-interpipe,https://github.com/RidgeRun/gst-interpipe,GStreamer plug-in for interpipeline communication,C,153,False,2025-09-25T16:45:50Z,master,770,['gstreamer'],NOASSERTION,streaming_transport,metadata_screened,research/candidates.json,GStreamer plug-in for interpipeline communication
RidgeRun/gst-perf,https://github.com/RidgeRun/gst-perf,"GStreamer element to measure framerate, bitrate and CPU usage.",C,86,False,2026-07-29T19:19:37Z,master,771,['gstreamer'],NOASSERTION,streaming_transport,metadata_screened,research/candidates.json,"GStreamer element to measure framerate, bitrate and CPU usage."
RidgeRun/gst-shark,https://github.com/RidgeRun/gst-shark,GstShark is a front-end for GStreamer traces,C,117,False,2025-11-21T02:19:17Z,master,772,['gstreamer'],LGPL-2.1,streaming_transport,metadata_screened,research/candidates.json,GstShark is a front-end for GStreamer traces
RidgeRun/gstd-1.x,https://github.com/RidgeRun/gstd-1.x,GStreamer Daemon is a GStreamer framework for controlling audio and video streaming using TCP messages. This version is based on GStreamer 1.x,C,187,False,2026-05-29T16:16:40Z,master,773,['gstreamer'],LGPL-2.1,audio_dsp,metadata_screened,research/candidates.json,GStreamer Daemon is a GStreamer framework for controlling audio and video streaming using TCP messages. This version is based on GStreamer 1.x
robbyant-research/CoDeF,https://github.com/robbyant-research/CoDeF,[CVPR'24 Highlight] Official PyTorch implementation of CoDeF: Content Deformation Fields for Temporally Consistent Video Processing,Python,4846,False,2024-04-07T03:27:29Z,main,776,"['video_processing', 'filters']",NOASSERTION,processing_framework,metadata_screened,research/candidates.json,[CVPR'24 Highlight] Official PyTorch implementation of CoDeF: Content Deformation Fields for Temporally Consistent Video Processing
ronak-create/FableCut,https://github.com/ronak-create/FableCut,"Zero-dependency browser video editor that AI agents can drive — JSON timeline, MCP + REST, live-reloading UI",JavaScript,652,False,2026-09-03T17:02:07Z,main,779,['video_editor'],MIT,editor_compositor,metadata_screened,research/candidates.json,"Zero-dependency browser video editor that AI agents can drive — JSON timeline, MCP + REST, live-reloading UI"
ros-drivers/gscam,https://github.com/ros-drivers/gscam,ROS Camera driver for GStreamer-based video streams.,C++,171,False,2026-02-16T04:26:23Z,master,780,['gstreamer'],UNKNOWN,streaming_transport,metadata_screened,research/candidates.json,ROS Camera driver for GStreamer-based video streams.
rosenbjerg/FFMpegCore,https://github.com/rosenbjerg/FFMpegCore,A .NET FFMpeg/FFProbe wrapper for easily integrating media analysis and conversion into your C# applications,C#,2096,False,2025-10-29T13:28:08Z,main,781,['ffmpeg'],MIT,integration_wrapper,metadata_screened,research/candidates.json,A .NET FFMpeg/FFProbe wrapper for easily integrating media analysis and conversion into your C# applications
Roverr/rtsp-stream,https://github.com/Roverr/rtsp-stream,Out of box solution for RTSP - HLS live stream transcoding. Makes RTSP easy to play in browsers.,Go,721,True,2023-01-07T02:38:29Z,master,782,['transcoding'],MIT,transcoding_product,metadata_screened,research/candidates.json,Out of box solution for RTSP - HLS live stream transcoding. Makes RTSP easy to play in browsers.
Ruslan-B/FFmpeg.AutoGen,https://github.com/Ruslan-B/FFmpeg.AutoGen,"FFmpeg auto generated unsafe bindings for C#/.NET and Core (Linux, MacOS and Mono).",C#,1610,False,2026-08-22T08:12:26Z,main,785,['ffmpeg'],MIT,integration_wrapper,metadata_screened,research/candidates.json,"FFmpeg auto generated unsafe bindings for C#/.NET and Core (Linux, MacOS and Mono)."
rust-av/Av1an,https://github.com/rust-av/Av1an,Cross-platform command-line AV1 / VP9 / HEVC / H264  encoding framework with per scene quality encoding,Rust,1977,False,2026-08-31T10:04:03Z,master,787,['rust_media'],GPL-3.0,codec_hardware,metadata_screened,research/candidates.json,Cross-platform command-line AV1 / VP9 / HEVC / H264  encoding framework with per scene quality encoding
rust-av/nvidia-video-codec-rs,https://github.com/rust-av/nvidia-video-codec-rs,Bindings for the NVIDIA Video Codec SDK,Rust,35,False,2021-07-26T05:31:03Z,master,788,['video_codec'],MIT,integration_wrapper,metadata_screened,research/candidates.json,Bindings for the NVIDIA Video Codec SDK
rust-av/rust-av,https://github.com/rust-av/rust-av,Multimedia Toolkit written in pure rust.,Rust,913,False,2026-02-05T01:32:29Z,master,789,['rust_media'],MIT,processing_framework,metadata_screened,research/candidates.json,Multimedia Toolkit written in pure rust.
RustAudio/coreaudio-rs,https://github.com/RustAudio/coreaudio-rs,A friendly rust interface to Apple's Core Audio API.,Rust,297,False,2026-06-18T21:08:19Z,master,791,['rust_media'],Apache-2.0,integration_wrapper,metadata_screened,research/candidates.json,A friendly rust interface to Apple's Core Audio API.
RustAudio/cpal,https://github.com/RustAudio/cpal,Low-level cross-platform audio I/O library in Rust,Rust,3925,False,2026-09-02T21:22:44Z,master,792,['rust_media'],Apache-2.0,audio_dsp,metadata_screened,research/candidates.json,Low-level cross-platform audio I/O library in Rust
RustAudio/dasp,https://github.com/RustAudio/dasp,The fundamentals for Digital Audio Signal Processing. Formerly `sample`.,Rust,1187,False,2026-01-12T21:56:06Z,master,793,"['audio', 'rust_media']",NOASSERTION,audio_dsp,metadata_screened,research/candidates.json,The fundamentals for Digital Audio Signal Processing. Formerly `sample`.
RustAudio/dsp-chain,https://github.com/RustAudio/dsp-chain,"A library for chaining together multiple audio dsp processors/generators, written in Rust!",Rust,314,False,2022-02-19T18:02:47Z,master,794,"['audio', 'rust_media']",MIT,audio_dsp,metadata_screened,research/candidates.json,"A library for chaining together multiple audio dsp processors/generators, written in Rust!"
RustAudio/rodio,https://github.com/RustAudio/rodio,Rust audio playback library,Rust,2455,False,2026-08-23T21:05:39Z,master,795,['rust_media'],Apache-2.0,audio_dsp,metadata_screened,research/candidates.json,Rust audio playback library
RyandracusCodesGames/libagmv,https://github.com/RyandracusCodesGames/libagmv,An open-source full-motion video codec optimized for real-time playback on low-end graphical devices.,C,30,False,2024-10-26T23:34:39Z,master,798,['video_codec'],Zlib,codec_hardware,metadata_screened,research/candidates.json,An open-source full-motion video codec optimized for real-time playback on low-end graphical devices.
RylanBot/melody-workshop,https://github.com/RylanBot/melody-workshop,🎵 Audio processing and mixing suite「音频编辑工具」,TypeScript,233,False,2025-08-27T12:56:28Z,main,800,['audio'],MIT,audio_dsp,metadata_screened,research/candidates.json,🎵 Audio processing and mixing suite「音频编辑工具」
sambowenhughes/a-react-video-editor,https://github.com/sambowenhughes/a-react-video-editor,Free video editor built using Next.js & Remotion. This project serves as a foundation for video editing capabilities and is a simplified version of the full-featured https://www.reactvideoeditor.com.,TypeScript,157,False,2024-12-05T01:12:27Z,main,803,['video_editor'],MIT,editor_compositor,metadata_screened,research/candidates.json,Free video editor built using Next.js & Remotion. This project serves as a foundation for video editing capabilities and is a simplified version of the full-featured https://www.reactvideoeditor.com.
SamiPerttu/fundsp,https://github.com/SamiPerttu/fundsp,Library for audio processing and synthesis,Rust,1205,False,2026-03-03T15:41:09Z,master,804,"['audio', 'rust_media']",Apache-2.0,audio_dsp,metadata_screened,research/candidates.json,Library for audio processing and synthesis
Samsung/ChromiumGStreamerBackend,https://github.com/Samsung/ChromiumGStreamerBackend,Use GStreamer to play media streams in chromium. We implemented a Media Process which is own by the Browser Process and creates players on-demand. Any Video tag will be backed by a GStreamer pipeline that lives in the Media Process. ,,163,False,2022-07-06T19:49:20Z,master,805,['gstreamer'],BSD-3-Clause,streaming_transport,metadata_screened,research/candidates.json,Use GStreamer to play media streams in chromium. We implemented a Media Process which is own by the Browser Process and creates players on-demand. Any Video tag will be backed by a GStreamer pipeline that lives in the Media Process. 
sannies/mp4parser,https://github.com/sannies/mp4parser,"A Java API to read, write and create MP4 files",Java,2802,False,2024-08-15T22:50:11Z,master,807,['containers'],Apache-2.0,container_metadata,metadata_screened,research/candidates.json,"A Java API to read, write and create MP4 files"
SartreShao/video-editor.webassembly,https://github.com/SartreShao/video-editor.webassembly,Pure Front-end Video Editor,JavaScript,325,False,2022-04-06T08:15:14Z,new-master,808,['video_editor'],UNKNOWN,editor_compositor,metadata_screened,research/candidates.json,Pure Front-end Video Editor
scalarhq/videotranscode.space,https://github.com/scalarhq/videotranscode.space,A video transcoder and converter built using Web Assembly and FFMPEG to transcode and convert videos right in your browser while protecting your privacy,TypeScript,510,False,2021-12-19T18:30:10Z,master,811,['transcoding'],Apache-2.0,transcoding_product,metadata_screened,research/candidates.json,A video transcoder and converter built using Web Assembly and FFMPEG to transcode and convert videos right in your browser while protecting your privacy
scikit-video/scikit-video,https://github.com/scikit-video/scikit-video,Video Processing in Python,Python,709,False,2026-07-04T07:03:44Z,master,812,"['video_processing', 'filters']",BSD-3-Clause,processing_framework,metadata_screened,research/candidates.json,Video Processing in Python
scottschiller/SoundManager2,https://github.com/scottschiller/SoundManager2,"A JavaScript Sound API supporting MP3, MPEG4 and HTML5 audio + RTMP, providing reliable cross-browser/platform audio control in as little as 12 KB. BSD licensed.",JavaScript,5079,False,2021-03-22T03:54:07Z,master,815,['streaming'],NOASSERTION,audio_dsp,metadata_screened,research/candidates.json,"A JavaScript Sound API supporting MP3, MPEG4 and HTML5 audio + RTMP, providing reliable cross-browser/platform audio control in as little as 12 KB. BSD licensed."
ScuffleCloud/scuffle,https://github.com/ScuffleCloud/scuffle,Opensource Cloud Provider (focusing on video streaming),Rust,418,False,2026-04-19T00:27:42Z,main,816,['rust_media'],MIT,streaming_transport,metadata_screened,research/candidates.json,Opensource Cloud Provider (focusing on video streaming)
sdroege/gst-player,https://github.com/sdroege/gst-player,GStreamer Playback API,C,71,True,2017-01-10T16:39:14Z,master,818,['gstreamer'],LGPL-2.1,streaming_transport,metadata_screened,research/candidates.json,GStreamer Playback API
sdroege/http-launch,https://github.com/sdroege/http-launch,Simple GStreamer HTTP live streaming from a pipeline description,C,66,False,2018-01-29T08:19:49Z,master,821,['gstreamer'],NOASSERTION,streaming_transport,metadata_screened,research/candidates.json,Simple GStreamer HTTP live streaming from a pipeline description
security-union/videocall-rs,https://github.com/security-union/videocall-rs,media streaming framework and teleconferencing system written in rust,Rust,1786,False,2026-09-01T14:59:12Z,main,822,"['media_framework', 'rust_media']",Apache-2.0,streaming_transport,metadata_screened,research/candidates.json,media streaming framework and teleconferencing system written in rust
SentryShot/sentryshot,https://github.com/SentryShot/sentryshot, Video Management System. Mirror of Codeberg.,Rust,363,False,2026-04-27T19:29:26Z,master,824,['rust_media'],GPL-2.0,processing_framework,metadata_screened,research/candidates.json, Video Management System. Mirror of Codeberg.
sepfy/libpeer,https://github.com/sepfy/libpeer,WebRTC Library for IoT/Embedded Device using C,C,1545,False,2026-08-23T14:56:24Z,main,825,['streaming'],MIT,streaming_transport,metadata_screened,research/candidates.json,WebRTC Library for IoT/Embedded Device using C
Serial-ATA/lofty-rs,https://github.com/Serial-ATA/lofty-rs,Audio metadata library,Rust,356,False,2026-09-03T20:59:37Z,main,827,['rust_media'],Apache-2.0,container_metadata,metadata_screened,research/candidates.json,Audio metadata library
shadowmoose/Web-Video-Editor,https://github.com/shadowmoose/Web-Video-Editor,Web-based video file Editor - Crop video/Adjust time. Supports in-browser conversion or exporting FFmpeg commands.,JavaScript,154,False,2023-06-21T05:24:48Z,master,830,['video_editor'],MIT,editor_compositor,metadata_screened,research/candidates.json,Web-based video file Editor - Crop video/Adjust time. Supports in-browser conversion or exporting FFmpeg commands.
shahen94/react-native-video-processing,https://github.com/shahen94/react-native-video-processing,Native Video editing/trimming/compressing  :movie_camera: library for React-Native,Objective-C,1288,False,2026-01-21T23:18:12Z,master,831,['video_processing'],MIT,editor_compositor,metadata_screened,research/candidates.json,Native Video editing/trimming/compressing  :movie_camera: library for React-Native
shaka-project/shaka-packager,https://github.com/shaka-project/shaka-packager,"A media packaging and development framework for VOD and Live DASH and HLS applications, supporting Common Encryption for Widevine and other DRM Systems.",C++,2594,False,2026-08-21T16:30:14Z,main,832,['media_framework'],NOASSERTION,processing_framework,metadata_screened,research/candidates.json,"A media packaging and development framework for VOD and Live DASH and HLS applications, supporting Common Encryption for Widevine and other DRM Systems."
shichaog/WebRTC-audio-processing,https://github.com/shichaog/WebRTC-audio-processing,webrtc audio processing,C++,429,False,2020-05-10T09:14:01Z,master,835,['audio'],UNKNOWN,audio_dsp,metadata_screened,research/candidates.json,webrtc audio processing
shinyoshiaki/werift-webrtc,https://github.com/shinyoshiaki/werift-webrtc,"WebRTC Implementation for TypeScript (Node.js), includes ICE/DTLS/SCTP/RTP/SRTP/WEBM/MP4",TypeScript,626,False,2026-09-04T09:59:55Z,develop,836,['containers'],MIT,container_metadata,metadata_screened,research/candidates.json,"WebRTC Implementation for TypeScript (Node.js), includes ICE/DTLS/SCTP/RTP/SRTP/WEBM/MP4"
signalapp/Signal-Calling-Service,https://github.com/signalapp/Signal-Calling-Service,Forwards media from 1 group call device to N group call devices.,Rust,464,False,2026-08-31T23:19:43Z,main,839,['rust_media'],AGPL-3.0,processing_framework,metadata_screened,research/candidates.json,Forwards media from 1 group call device to N group call devices.
sijow/gst-airplay,https://github.com/sijow/gst-airplay,GStreamer source element for AirPlay video streams,C,96,False,2024-03-03T02:17:34Z,main,840,['gstreamer'],GPL-3.0,streaming_transport,metadata_screened,research/candidates.json,GStreamer source element for AirPlay video streams
Silence-GitHub/BBMetalImage,https://github.com/Silence-GitHub/BBMetalImage,A high performance Swift library for GPU-accelerated image/video processing based on Metal.,Swift,1043,False,2022-10-10T06:57:14Z,master,841,"['video_processing', 'filters']",MIT,processing_framework,metadata_screened,research/candidates.json,A high performance Swift library for GPU-accelerated image/video processing based on Metal.
Silo-Server/silo-server,https://github.com/Silo-Server/silo-server,"Self-hosted media streaming server with a Go backend, React web UI, Docker deployment, transcoding, and Jellyfin-compatible APIs.",Go,349,False,2026-09-04T17:23:42Z,main,842,['transcoding'],AGPL-3.0,transcoding_product,metadata_screened,research/candidates.json,"Self-hosted media streaming server with a Go backend, React web UI, Docker deployment, transcoding, and Jellyfin-compatible APIs."
simplewebrtc/SimpleWebRTC,https://github.com/simplewebrtc/SimpleWebRTC,Simplest WebRTC ever,JavaScript,4686,False,2022-08-14T00:15:59Z,master,844,['streaming'],NOASSERTION,streaming_transport,metadata_screened,research/candidates.json,Simplest WebRTC ever
SINRG-Lab/swift,https://github.com/SINRG-Lab/swift,Adaptive Video Streaming with Layered Neural Codecs,C,44,False,2022-04-01T15:38:16Z,main,845,['video_codec'],UNKNOWN,codec_hardware,metadata_screened,research/candidates.json,Adaptive Video Streaming with Layered Neural Codecs
sipsorcery-org/sipsorcery,https://github.com/sipsorcery-org/sipsorcery,"A WebRTC, SIP and VoIP library for C# and .NET. Designed for real-time communications apps.",C#,1936,False,2026-08-31T16:56:54Z,master,846,['streaming'],NOASSERTION,streaming_transport,metadata_screened,research/candidates.json,"A WebRTC, SIP and VoIP library for C# and .NET. Designed for real-time communications apps."
Skardyy/mcat,https://github.com/Skardyy/mcat,"Terminal image, video, PDF, and Markdown viewer",Rust,1398,False,2026-08-31T13:43:52Z,main,848,['rust_media'],MIT,processing_framework,metadata_screened,research/candidates.json,"Terminal image, video, PDF, and Markdown viewer"
slhck/ffmpeg-normalize,https://github.com/slhck/ffmpeg-normalize,Audio Normalization for Python/ffmpeg,HTML,1532,False,2026-09-02T06:30:54Z,master,849,['ffmpeg'],NOASSERTION,audio_dsp,metadata_screened,research/candidates.json,Audio Normalization for Python/ffmpeg
smourier/DirectN,https://github.com/smourier/DirectN,"Direct interop Code for .NET Framework, .NET Core and .NET 5+ : DXGI, WIC, DirectX 9 to 12, Direct2D, Direct Write, Direct Composition, Media Foundation, WASAPI, CodecAPI, GDI, Spatial Audio, DVD, Windows Media Player, UWP DXInterop, WinUI3, etc.",C#,389,False,2026-06-03T15:55:41Z,master,851,['media_framework'],MIT,editor_compositor,metadata_screened,research/candidates.json,"Direct interop Code for .NET Framework, .NET Core and .NET 5+ : DXGI, WIC, DirectX 9 to 12, Direct2D, Direct Write, Direct Composition, Media Foundation, WASAPI, CodecAPI, GDI, Spatial Audio, DVD, Windows Media Player, UWP DXInterop, WinUI3, etc."
snuq/VSEQF,https://github.com/snuq/VSEQF,VSE Quick Functions Addon For Blender.  Improve the Blender video editor with new workflows and functions.,Python,198,False,2026-03-20T23:51:26Z,master,854,['video_editor'],UNKNOWN,editor_compositor,metadata_screened,research/candidates.json,VSE Quick Functions Addon For Blender.  Improve the Blender video editor with new workflows and functions.
software-mansion/smelter,https://github.com/software-mansion/smelter,"Toolkit for real-time, low latency, programmable video and audio mixing.",Rust,719,False,2026-09-04T14:09:56Z,master,855,['rust_media'],NOASSERTION,audio_dsp,metadata_screened,research/candidates.json,"Toolkit for real-time, low latency, programmable video and audio mixing."
stackia/rtp2httpd,https://github.com/stackia/rtp2httpd,"Multicast RTP/RTSP to Unicast HTTP stream converter, with built-in web player, status dashboard, fast channel change support, and more!",C,2031,False,2026-09-03T23:11:10Z,main,858,['streaming'],GPL-2.0,transcoding_product,metadata_screened,research/candidates.json,"Multicast RTP/RTSP to Unicast HTTP stream converter, with built-in web player, status dashboard, fast channel change support, and more!"
starrtc/starrtc-server,https://github.com/starrtc/starrtc-server,免费IM系统，IM即时通信消息系统(含一对一文字聊天，群聊，聊天室)，免费一对一voip实时通话，录屏，webrtc服务端，免费直播连麦，互动直播，视频直播，RTSP拉流，RTMP推流，语音对讲，免费在线会议，视频会议等服务端程序，支持物联网平台，✨万水千山总是情，来个star行不行✨,C,3073,False,2019-12-27T13:44:39Z,master,860,['streaming'],UNKNOWN,streaming_transport,metadata_screened,research/candidates.json,免费IM系统，IM即时通信消息系统(含一对一文字聊天，群聊，聊天室)，免费一对一voip实时通话，录屏，webrtc服务端，免费直播连麦，互动直播，视频直播，RTSP拉流，RTMP推流，语音对讲，免费在线会议，视频会议等服务端程序，支持物联网平台，✨万水千山总是情，来个star行不行✨
steelbrain/ffmpeg-over-ip,https://github.com/steelbrain/ffmpeg-over-ip,Connect to remote ffmpeg servers,Go,1177,False,2026-06-14T02:51:36Z,main,862,['ffmpeg'],NOASSERTION,processing_framework,metadata_screened,research/candidates.json,Connect to remote ffmpeg servers
stephengpope/no-code-architects-toolkit,https://github.com/stephengpope/no-code-architects-toolkit,"The NCA Toolkit API eliminates monthly subscription fees by consolidating common API functionalities into a single FREE API. Designed for businesses, creators, and developers, it streamlines advanced media processing, including video editing and captioning, image transformations, cloud storage, and Python code execution.",Python,2344,False,2026-01-02T01:51:53Z,main,863,"['video_processing', 'filters']",GPL-2.0,editor_compositor,metadata_screened,research/candidates.json,"The NCA Toolkit API eliminates monthly subscription fees by consolidating common API functionalities into a single FREE API. Designed for businesses, creators, and developers, it streamlines advanced media processing, including video editing and captioning, image transformations, cloud storage, and Python code execution."
steveseguin/vdo.ninja,https://github.com/steveseguin/vdo.ninja,VDO.Ninja is a powerful tool that lets you bring remote video feeds into OBS or other studio software via WebRTC.,JavaScript,4015,False,2026-09-01T13:23:40Z,develop,865,['streaming'],NOASSERTION,streaming_transport,metadata_screened,research/candidates.json,VDO.Ninja is a powerful tool that lets you bring remote video feeds into OBS or other studio software via WebRTC.
Streamedian/html5_rtsp_player,https://github.com/Streamedian/html5_rtsp_player,Play RTSP stream from IP camera in browser in this HTML5 player without plugins,JavaScript,2731,False,2024-01-18T07:32:39Z,master,866,['streaming'],Apache-2.0,streaming_transport,metadata_screened,research/candidates.json,Play RTSP stream from IP camera in browser in this HTML5 player without plugins
streamio/streamio-ffmpeg,https://github.com/streamio/streamio-ffmpeg,Simple yet powerful ruby ffmpeg wrapper for reading metadata and transcoding movies,Ruby,1685,False,2024-05-08T12:47:14Z,master,867,"['ffmpeg', 'transcoding']",MIT,integration_wrapper,metadata_screened,research/candidates.json,Simple yet powerful ruby ffmpeg wrapper for reading metadata and transcoding movies
strukturag/gstreamer-libde265,https://github.com/strukturag/gstreamer-libde265,HEVC/H.265 video decoder using libde265 (GStreamer plugin),C,62,False,2023-08-28T10:05:40Z,master,870,['gstreamer'],LGPL-3.0,streaming_transport,metadata_screened,research/candidates.json,HEVC/H.265 video decoder using libde265 (GStreamer plugin)
strukturag/libde265,https://github.com/strukturag/libde265,Open h.265 video codec implementation.,C++,1911,False,2026-09-03T17:52:45Z,master,871,['video_codec'],NOASSERTION,codec_hardware,metadata_screened,research/candidates.json,Open h.265 video codec implementation.
SublerApp/Subler,https://github.com/SublerApp/Subler,"MP4 muxer and editor, can add tx3g subtitles, video, audio and chapters tracks compatible with QuickTime",Swift,241,False,2026-08-27T14:51:38Z,main,873,['video_editor'],NOASSERTION,editor_compositor,metadata_screened,research/candidates.json,"MP4 muxer and editor, can add tx3g subtitles, video, audio and chapters tracks compatible with QuickTime"
svt/encore,https://github.com/svt/encore,Transcode media files in an epic manner,Kotlin,336,False,2026-07-01T11:53:00Z,master,876,['transcoding'],EUPL-1.2,transcoding_product,metadata_screened,research/candidates.json,Transcode media files in an epic manner
syedhali/EZAudio,https://github.com/syedhali/EZAudio,"An iOS and macOS audio visualization framework built upon Core Audio useful for anyone doing real-time, low-latency audio processing and visualizations.",Objective-C,4981,False,2025-09-09T05:58:54Z,master,878,['audio'],NOASSERTION,audio_dsp,metadata_screened,research/candidates.json,"An iOS and macOS audio visualization framework built upon Core Audio useful for anyone doing real-time, low-latency audio processing and visualizations."
synctv-org/synctv,https://github.com/synctv-org/synctv,"Synchronized viewing, theater, live streaming, video",Rust,2483,False,2026-09-02T04:02:17Z,main,879,['rust_media'],MIT,streaming_transport,metadata_screened,research/candidates.json,"Synchronized viewing, theater, live streaming, video"
tamnguyenvan/screenarc,https://github.com/tamnguyenvan/screenarc,"ScreenArc – Cross-platform screen recorder & editor with automatic cinematic zooms, mouse tracking, and effortless video creation.",TypeScript,707,False,2026-07-22T02:36:51Z,main,881,['video_editor'],GPL-3.0,editor_compositor,metadata_screened,research/candidates.json,"ScreenArc – Cross-platform screen recorder & editor with automatic cinematic zooms, mouse tracking, and effortless video creation."
TeamNewPipe/NewPlayer,https://github.com/TeamNewPipe/NewPlayer,A media player framework based on ExoPlayer. Separate from NewPipe to enforce modularity.,Kotlin,178,True,2026-06-01T08:15:32Z,dev,885,['media_framework'],GPL-3.0,playback,metadata_screened,research/candidates.json,A media player framework based on ExoPlayer. Separate from NewPipe to enforce modularity.
TechSmith/mp4v2,https://github.com/TechSmith/mp4v2,Fork of mp4v2: https://code.google.com/archive/p/mp4v2/,C++,311,False,2026-06-11T18:26:42Z,main,886,['containers'],NOASSERTION,container_metadata,metadata_screened,research/candidates.json,Fork of mp4v2: https://code.google.com/archive/p/mp4v2/
teltek/gst-plugin-ndi,https://github.com/teltek/gst-plugin-ndi,GStreamer NDI Plugin for Linux,Rust,178,False,2022-06-22T10:07:50Z,master,888,['gstreamer'],LGPL-2.1,streaming_transport,metadata_screened,research/candidates.json,GStreamer NDI Plugin for Linux
teodly/inferno,https://github.com/teodly/inferno,[MIRROR] unofficial implementation of Dante protocol (Audio over IP),Rust,323,False,2026-07-07T13:48:18Z,dev,891,['rust_media'],NOASSERTION,audio_dsp,metadata_screened,research/candidates.json,[MIRROR] unofficial implementation of Dante protocol (Audio over IP)
tesselode/kira,https://github.com/tesselode/kira,Library for expressive game audio.,Rust,1060,False,2026-08-27T05:35:07Z,main,892,['rust_media'],Apache-2.0,audio_dsp,metadata_screened,research/candidates.json,Library for expressive game audio.
tharunbirla/LibreCuts,https://github.com/tharunbirla/LibreCuts,"LibreCuts is a free, open-source video editor for Android that prioritizes simplicity and efficiency.",Kotlin,693,False,2026-09-04T10:58:14Z,main,894,['video_editor'],MIT,editor_compositor,metadata_screened,research/candidates.json,"LibreCuts is a free, open-source video editor for Android that prioritizes simplicity and efficiency."
thaytan/gst-rpicamsrc,https://github.com/thaytan/gst-rpicamsrc,GStreamer element for the Raspberry Pi camera module,C,264,False,2020-11-19T15:08:08Z,master,895,['gstreamer'],NOASSERTION,streaming_transport,metadata_screened,research/candidates.json,GStreamer element for the Raspberry Pi camera module
TheGodsThemselves/WsVideoEditor,https://github.com/TheGodsThemselves/WsVideoEditor,A Video Editor Library,C,330,False,2020-05-05T13:15:33Z,master,898,['video_editor'],UNKNOWN,editor_compositor,metadata_screened,research/candidates.json,A Video Editor Library
TheOrcDev/videorc,https://github.com/TheOrcDev/videorc,"Open-source macOS screen recorder & multistream studio — record in 4K, stream live, publish with AI.",Rust,447,False,2026-08-31T21:50:05Z,main,901,['rust_media'],AGPL-3.0,streaming_transport,metadata_screened,research/candidates.json,"Open-source macOS screen recorder & multistream studio — record in 4K, stream live, publish with AI."
thestk/stk,https://github.com/thestk/stk,The Synthesis ToolKit in C++ (STK) is a set of open source audio signal processing and algorithmic synthesis classes written in the C++ programming language.,C++,1232,False,2025-03-29T19:25:00Z,master,902,['audio'],NOASSERTION,audio_dsp,metadata_screened,research/candidates.json,The Synthesis ToolKit in C++ (STK) is a set of open source audio signal processing and algorithmic synthesis classes written in the C++ programming language.
tiangolo/nginx-rtmp-docker,https://github.com/tiangolo/nginx-rtmp-docker,Docker image with Nginx using the nginx-rtmp-module module for live multimedia (video) streaming.,Shell,1346,False,2026-09-04T00:12:59Z,master,905,['streaming'],MIT,streaming_transport,metadata_screened,research/candidates.json,Docker image with Nginx using the nginx-rtmp-module module for live multimedia (video) streaming.
time4tea/gopro-dashboard-overlay,https://github.com/time4tea/gopro-dashboard-overlay,Programs to process GoPro MP4 & Generic GPX/FIT files and create video dashboards & maps,Python,585,False,2026-08-04T17:08:55Z,main,906,"['video_processing', 'containers', 'filters']",GPL-3.0,container_metadata,metadata_screened,research/candidates.json,Programs to process GoPro MP4 & Generic GPX/FIT files and create video dashboards & maps
timschneeb/RootlessJamesDSP,https://github.com/timschneeb/RootlessJamesDSP,An implementation of the system-wide JamesDSP audio processing engine for non-rooted Android devices,C,1655,False,2026-08-31T04:26:24Z,master,908,['audio'],GPL-3.0,audio_dsp,metadata_screened,research/candidates.json,An implementation of the system-wide JamesDSP audio processing engine for non-rooted Android devices
tin2tin/Pallaidium,https://github.com/tin2tin/Pallaidium,"PALLAIDIUM — a generative AI movie studio, seamlessly integrated into the Blender Video Editor (VSE), enabling end-to-end production from script to screen and back.",Python,1523,False,2026-08-22T09:38:28Z,main,909,['video_editor'],GPL-3.0,editor_compositor,metadata_screened,research/candidates.json,"PALLAIDIUM — a generative AI movie studio, seamlessly integrated into the Blender Video Editor (VSE), enabling end-to-end production from script to screen and back."
tnfe/FFCreator,https://github.com/tnfe/FFCreator,A fast video processing library based on node.js (一个基于node.js的高速视频制作库),JavaScript,3159,False,2024-12-19T07:43:53Z,master,914,"['video_processing', 'filters']",MIT,processing_framework,metadata_screened,research/candidates.json,A fast video processing library based on node.js (一个基于node.js的高速视频制作库)
tonarino/webrtc-audio-processing,https://github.com/tonarino/webrtc-audio-processing,Rust bindings for the webrtc-audio-processing library,Rust,325,False,2026-07-16T19:26:59Z,main,917,"['audio', 'rust_media']",BSD-3-Clause,integration_wrapper,metadata_screened,research/candidates.json,Rust bindings for the webrtc-audio-processing library
transitive-bullshit/ffmpeg-concat,https://github.com/transitive-bullshit/ffmpeg-concat,Concats a list of videos together using ffmpeg with sexy OpenGL transitions.,JavaScript,988,False,2026-01-24T03:05:04Z,master,920,['ffmpeg'],UNKNOWN,processing_framework,metadata_screened,research/candidates.json,Concats a list of videos together using ffmpeg with sexy OpenGL transitions.
tsowell/wiremix,https://github.com/tsowell/wiremix,Simple TUI audio mixer for PipeWire,Rust,1046,False,2026-07-12T01:19:37Z,main,925,['rust_media'],Apache-2.0,audio_dsp,metadata_screened,research/candidates.json,Simple TUI audio mixer for PipeWire
ttqftech/FFBox,https://github.com/ttqftech/FFBox,一个多媒体转码百宝箱 / 一个 FFmpeg 的套壳,TypeScript,1102,False,2026-08-10T20:09:00Z,6.0+,926,['ffmpeg'],NOASSERTION,processing_framework,metadata_screened,research/candidates.json,一个多媒体转码百宝箱 / 一个 FFmpeg 的套壳
twitter/vireo,https://github.com/twitter/vireo,Vireo is a lightweight and versatile video processing library written in C++11,C++,955,False,2021-10-21T17:26:15Z,master,928,"['video_processing', 'filters']",MIT,processing_framework,metadata_screened,research/candidates.json,Vireo is a lightweight and versatile video processing library written in C++11
u2takey/ffmpeg-go,https://github.com/u2takey/ffmpeg-go,golang binding for ffmpeg,Go,2349,False,2024-05-24T01:49:22Z,master,929,['ffmpeg'],Apache-2.0,integration_wrapper,metadata_screened,research/candidates.json,golang binding for ffmpeg
umezawatakeshi/utvideo,https://github.com/umezawatakeshi/utvideo,Ut Video Codec Suite - fast lossless video codec,C++,347,False,2025-10-17T14:22:12Z,master,931,['video_codec'],GPL-2.0,codec_hardware,metadata_screened,research/candidates.json,Ut Video Codec Suite - fast lossless video codec
unosquare/ffmediaelement,https://github.com/unosquare/ffmediaelement,FFME: The Advanced WPF MediaElement (based on FFmpeg),C#,1274,False,2024-06-26T19:16:34Z,master,933,['ffmpeg'],NOASSERTION,integration_wrapper,metadata_screened,research/candidates.json,FFME: The Advanced WPF MediaElement (based on FFmpeg)
Vanilagy/mp4-muxer,https://github.com/Vanilagy/mp4-muxer,"MP4 multiplexer in pure TypeScript with support for WebCodecs API, video & audio.",TypeScript,612,False,2025-09-21T15:55:01Z,main,936,['containers'],MIT,container_metadata,metadata_screened,research/candidates.json,"MP4 multiplexer in pure TypeScript with support for WebCodecs API, video & audio."
vapoursynth/vapoursynth,https://github.com/vapoursynth/vapoursynth,A video processing framework with simplicity in mind,C++,2086,False,2026-09-04T16:04:47Z,master,938,"['video_processing', 'filters']",LGPL-2.1,processing_framework,metadata_screened,research/candidates.json,A video processing framework with simplicity in mind
vb000/Waveformer,https://github.com/vb000/Waveformer,A deep neural network architecture for low-latency audio processing,Python,327,False,2023-08-15T09:47:20Z,main,941,['audio'],MIT,audio_dsp,metadata_screened,research/candidates.json,A deep neural network architecture for low-latency audio processing
versatica/mediasoup,https://github.com/versatica/mediasoup,Cutting Edge WebRTC Video Conferencing,C++,7353,False,2026-09-04T12:20:47Z,v3,942,['streaming'],ISC,streaming_transport,metadata_screened,research/candidates.json,Cutting Edge WebRTC Video Conferencing
VERT-sh/vertd,https://github.com/VERT-sh/vertd,VERT's solution to crappy video conversion services.,Rust,447,False,2026-09-01T21:35:41Z,main,943,['rust_media'],GPL-3.0,processing_framework,metadata_screened,research/candidates.json,VERT's solution to crappy video conversion services.
video-dev/video-transcoding-api,https://github.com/video-dev/video-transcoding-api,Agnostic API to transcode media assets across different cloud services.,Go,649,True,2023-03-06T09:02:25Z,main,945,['transcoding'],Apache-2.0,transcoding_product,metadata_screened,research/candidates.json,Agnostic API to transcode media assets across different cloud services.
videoflow/videoflow,https://github.com/videoflow/videoflow,Python framework that facilitates the quick development of complex video analysis applications and other series-processing based applications in a multiprocessing environment.,Python,1034,False,2026-07-29T17:46:39Z,master,946,"['video_processing', 'filters']",MIT,processing_framework,metadata_screened,research/candidates.json,Python framework that facilitates the quick development of complex video analysis applications and other series-processing based applications in a multiprocessing environment.
videojs/v10,https://github.com/videojs/v10,[Beta] Video.js v10 - open source media player framework for Web and React.,TypeScript,931,False,2026-09-04T00:51:58Z,main,947,['media_framework'],NOASSERTION,playback,metadata_screened,research/candidates.json,[Beta] Video.js v10 - open source media player framework for Web and React.
VienLi/CcClip,https://github.com/VienLi/CcClip,vue and ffmpeg based tool for video clips. 使用vue(vue3) + ffmpeg + wasm 实现纯前端音视频编辑，功能包括：视频剪辑、音频剪辑、音频合成裁剪、音波展示、视频抽帧、gif抽帧、帧播放器、字幕、贴图、时间轴、素材轨道,Vue,1843,False,2025-02-24T03:27:13Z,master,950,['ffmpeg'],NOASSERTION,processing_framework,metadata_screened,research/candidates.json,vue and ffmpeg based tool for video clips. 使用vue(vue3) + ffmpeg + wasm 实现纯前端音视频编辑，功能包括：视频剪辑、音频剪辑、音频合成裁剪、音波展示、视频抽帧、gif抽帧、帧播放器、字幕、贴图、时间轴、素材轨道
ViliamVadocz/nvidia-video-codec-sdk,https://github.com/ViliamVadocz/nvidia-video-codec-sdk,Rust bindings for NVIDIA Video Codec SDK,Rust,31,False,2026-03-31T14:38:56Z,master,951,['video_codec'],MIT,integration_wrapper,metadata_screened,research/candidates.json,Rust bindings for NVIDIA Video Codec SDK
vime-js/vime,https://github.com/vime-js/vime,"Customizable, extensible, accessible and framework agnostic media player. Modern alternative to Video.js and Plyr. Supports HTML5, HLS, Dash, YouTube, Vimeo, Dailymotion...",TypeScript,2844,False,2024-11-17T10:34:11Z,main,952,['media_framework'],MIT,playback,metadata_screened,research/candidates.json,"Customizable, extensible, accessible and framework agnostic media player. Modern alternative to Video.js and Plyr. Supports HTML5, HLS, Dash, YouTube, Vimeo, Dailymotion..."
virinext/pipeviz,https://github.com/virinext/pipeviz,Pipeviz is a gui tool for constructing and testing gstreamer pipelines,C++,124,False,2020-01-09T19:53:00Z,master,953,['gstreamer'],GPL-2.0,streaming_transport,metadata_screened,research/candidates.json,Pipeviz is a gui tool for constructing and testing gstreamer pipelines
vladmandic/stream-rtsp,https://github.com/vladmandic/stream-rtsp,Transcode & Play RTSP Video Streams in Browser,JavaScript,122,True,2024-03-13T23:09:49Z,main,957,['transcoding'],MIT,transcoding_product,metadata_screened,research/candidates.json,Transcode & Play RTSP Video Streams in Browser
walterlow/freecut,https://github.com/walterlow/freecut,"FreeCut is a professional-grade video editor that runs entirely in your browser. Professional video editing, zero installation. Create stunning videos with multi-track editing, keyframe animations, real-time preview, and high-quality exports.",TypeScript,2140,False,2026-08-31T23:50:48Z,main,964,['video_editor'],MIT,editor_compositor,metadata_screened,research/candidates.json,"FreeCut is a professional-grade video editor that runs entirely in your browser. Professional video editing, zero installation. Create stunning videos with multi-track editing, keyframe animations, real-time preview, and high-quality exports."
wang-bin/QtAV,https://github.com/wang-bin/QtAV,A cross-platform multimedia framework based on Qt and FFmpeg. 基于Qt和FFmpeg的跨平台高性能音视频播放框架. Recommand to use new sdk https://github.com/wang-bin/mdk-sdk,C++,4256,False,2025-08-15T16:20:01Z,master,965,['ffmpeg'],UNKNOWN,processing_framework,metadata_screened,research/candidates.json,A cross-platform multimedia framework based on Qt and FFmpeg. 基于Qt和FFmpeg的跨平台高性能音视频播放框架. Recommand to use new sdk https://github.com/wang-bin/mdk-sdk
wangdxh/netty-stream,https://github.com/wangdxh/netty-stream,a media server by netty framework support rtsp httpflv websocketflv,Java,113,False,2023-07-18T03:04:36Z,master,966,['media_framework'],Apache-2.0,streaming_transport,metadata_screened,research/candidates.json,a media server by netty framework support rtsp httpflv websocketflv
wangrongding/WebCut,https://github.com/wangrongding/WebCut,🎬 基于 web 端的音视频编辑器。(A web-based audio and video editor.),Vue,207,False,2024-05-03T16:56:17Z,main,967,['video_editor'],LGPL-3.0,editor_compositor,metadata_screened,research/candidates.json,🎬 基于 web 端的音视频编辑器。(A web-based audio and video editor.)
WangShuo1143368701/WSLiveDemo,https://github.com/WangShuo1143368701/WSLiveDemo,音视频，直播SDK，rtmp推流，录制视频，滤镜。百万用户，线上迭代半年，已经稳定。,Java,2057,False,2022-04-04T06:24:43Z,master,968,['streaming'],UNKNOWN,streaming_transport,metadata_screened,research/candidates.json,音视频，直播SDK，rtmp推流，录制视频，滤镜。百万用户，线上迭代半年，已经稳定。
wangyijin/GPUImage-x,https://github.com/wangyijin/GPUImage-x,"A Cross-platform (for both Android & iOS) Framework for GPU-based Filters, Video and Image Processing. ",C++,220,False,2020-08-04T10:44:06Z,master,969,"['video_processing', 'filters']",NOASSERTION,processing_framework,metadata_screened,research/candidates.json,"A Cross-platform (for both Android & iOS) Framework for GPU-based Filters, Video and Image Processing. "
webRTC-io/webRTC.io,https://github.com/webRTC-io/webRTC.io,An abstraction layer for webRTC. Aim is to simplify the HTML5 web standard webRTC in a similar manner to socket.io w/ websockets. Highly experimental technology,JavaScript,1603,False,2013-05-17T01:50:26Z,master,974,['streaming'],UNKNOWN,streaming_transport,metadata_screened,research/candidates.json,An abstraction layer for webRTC. Aim is to simplify the HTML5 web standard webRTC in a similar manner to socket.io w/ websockets. Highly experimental technology
webrtc-rs/webrtc,https://github.com/webrtc-rs/webrtc,Async-friendly WebRTC implementation in Rust,Rust,5142,False,2026-09-04T14:40:34Z,master,975,['streaming'],Apache-2.0,streaming_transport,metadata_screened,research/candidates.json,Async-friendly WebRTC implementation in Rust
webstream-labs/jmuxer,https://github.com/webstream-labs/jmuxer,jMuxer - a simple javascript mp4 muxer that works in both browser and node environment.,JavaScript,639,False,2026-09-03T12:11:28Z,master,977,['containers'],NOASSERTION,container_metadata,metadata_screened,research/candidates.json,jMuxer - a simple javascript mp4 muxer that works in both browser and node environment.
welovemedia/ffmate,https://github.com/welovemedia/ffmate,"FFmate is a modern and powerful automation layer built on top of FFmpeg - designed to make video and audio transcoding simpler, smarter, and easier to integrate",Go,597,False,2026-09-01T10:53:33Z,main,979,['transcoding'],AGPL-3.0,transcoding_product,metadata_screened,research/candidates.json,"FFmate is a modern and powerful automation layer built on top of FFmpeg - designed to make video and audio transcoding simpler, smarter, and easier to integrate"
whitphx/streamlit-webrtc,https://github.com/whitphx/streamlit-webrtc,Real-time video and audio processing on Streamlit,Python,1706,False,2026-09-01T21:51:38Z,main,980,"['video_processing', 'filters', 'audio']",MIT,audio_dsp,metadata_screened,research/candidates.json,Real-time video and audio processing on Streamlit
wiedymi/mediafox,https://github.com/wiedymi/mediafox,"Framework-agnostic, TypeScript-first media player powered by MediaBunny. Full control over rendering and UI.",TypeScript,72,False,2026-02-07T19:57:35Z,main,982,['media_framework'],UNKNOWN,playback,metadata_screened,research/candidates.json,"Framework-agnostic, TypeScript-first media player powered by MediaBunny. Full control over rendering and UI."
winshining/nginx-http-flv-module,https://github.com/winshining/nginx-http-flv-module,"A media streaming server based on nginx-rtmp-module. In addtion to the features nginx-rtmp-module provides, HTTP-FLV, GOP cache, VHosts (one IP for multi domain names) and JSON style statistics are supported now.",C,2933,False,2026-08-19T13:57:01Z,master,983,['streaming'],BSD-2-Clause,streaming_transport,metadata_screened,research/candidates.json,"A media streaming server based on nginx-rtmp-module. In addtion to the features nginx-rtmp-module provides, HTTP-FLV, GOP cache, VHosts (one IP for multi domain names) and JSON style statistics are supported now."
wiseman/py-webrtcvad,https://github.com/wiseman/py-webrtcvad,Python interface to the WebRTC Voice Activity Detector ,C,2498,False,2024-07-04T02:23:24Z,master,985,['streaming'],NOASSERTION,integration_wrapper,metadata_screened,research/candidates.json,Python interface to the WebRTC Voice Activity Detector 
wseemann/FFmpegMediaMetadataRetriever,https://github.com/wseemann/FFmpegMediaMetadataRetriever,FFmpegMediaMetadataRetriever provides a unified interface for retrieving frame and meta data from an input media file.,C,1784,False,2026-06-28T00:31:27Z,master,988,['ffmpeg'],UNKNOWN,container_metadata,metadata_screened,research/candidates.json,FFmpegMediaMetadataRetriever provides a unified interface for retrieving frame and meta data from an input media file.
WyattBlue/auto-editor,https://github.com/WyattBlue/auto-editor,Effort free video editing!,Nim,5151,False,2026-09-03T01:47:12Z,master,989,['video_editor'],Unlicense,editor_compositor,metadata_screened,research/candidates.json,Effort free video editing!
xaus-group/nyx_converter,https://github.com/xaus-group/nyx_converter,"A Flutter package for converting, inspecting, and previewing audio and video files with FFmpeg. Supports containers, codecs, bitrates, media info, thumbnails, and real-time progress tracking. https://xaus-group.github.io/nyx_converter/",Dart,23,False,2026-08-28T07:41:02Z,master,992,['video_codec'],LGPL-3.0,transcoding_product,metadata_screened,research/candidates.json,"A Flutter package for converting, inspecting, and previewing audio and video files with FFmpeg. Supports containers, codecs, bitrates, media info, thumbnails, and real-time progress tracking. https://xaus-group.github.io/nyx_converter/"
xiongyihui/python-webrtc-audio-processing,https://github.com/xiongyihui/python-webrtc-audio-processing,Python bindings of WebRTC Audio Processing,C++,215,False,2025-05-07T08:56:19Z,master,995,['audio'],UNKNOWN,integration_wrapper,metadata_screened,research/candidates.json,Python bindings of WebRTC Audio Processing
xiph/speexdsp,https://github.com/xiph/speexdsp,"Speex audio processing library - THIS IS A MIRROR, DEVELOPMENT HAPPENS AT https://gitlab.xiph.org/xiph/speexdsp",C,726,False,2026-08-31T17:49:54Z,master,996,['audio'],NOASSERTION,audio_dsp,metadata_screened,research/candidates.json,"Speex audio processing library - THIS IS A MIRROR, DEVELOPMENT HAPPENS AT https://gitlab.xiph.org/xiph/speexdsp"
yangjie10930/EpMedia,https://github.com/yangjie10930/EpMedia,"Android上基于FFmpeg开发的视频处理框架，简单易用，体积小，帮助使用者快速实现视频处理功能。包含以下功能：剪辑，裁剪，旋转，镜像，合并，分离，变速，添加LOGO，添加滤镜，添加背景音乐，加速减速视频，倒放音视频。 The video processing framework based on FFmpeg developed on Android is simple, easy to use, and small in size, helping users quickly realize video processing functions. Contains the following functions: editing, cropping, rotating, mirroring, merging, separating, variable speed, adding LOGO, adding filters, adding background music, accelerating and decelerating video, rewinding audio and video.",C,2508,False,2021-08-09T08:11:06Z,master,1000,"['video_processing', 'ffmpeg', 'media_framework', 'filters', 'audio']",MIT,integration_wrapper,metadata_screened,research/candidates.json,"Android上基于FFmpeg开发的视频处理框架，简单易用，体积小，帮助使用者快速实现视频处理功能。包含以下功能：剪辑，裁剪，旋转，镜像，合并，分离，变速，添加LOGO，添加滤镜，添加背景音乐，加速减速视频，倒放音视频。 The video processing framework based on FFmpeg developed on Android is simple, easy to use, and small in size, helping users quickly realize video processing functions. Contains the following functions: editing, cropping, rotating, mirroring, merging, separating, variable speed, adding LOGO, adding filters, adding background music, accelerating and decelerating video, rewinding audio and video."
yangkun19921001/AVEditor,https://github.com/yangkun19921001/AVEditor,"这是一款短视频编辑 SDK，仿 DouYin 音视频处理。功能包含有美颜、滤镜、贴纸、特效、录制、分段录制、速率录制、变声、配乐、rtmp 直播推流、图片转视频、剪辑,mp4/flv 格式封装等功能。动态库用的我另一个项目编译好的 https://github.com/yangkun19921001/AVFFmpegLib",C,382,False,2020-10-12T10:19:43Z,master,1001,['containers'],UNKNOWN,editor_compositor,metadata_screened,research/candidates.json,"这是一款短视频编辑 SDK，仿 DouYin 音视频处理。功能包含有美颜、滤镜、贴纸、特效、录制、分段录制、速率录制、变声、配乐、rtmp 直播推流、图片转视频、剪辑,mp4/flv 格式封装等功能。动态库用的我另一个项目编译好的 https://github.com/yangkun19921001/AVFFmpegLib"
yapingcat/gomedia,https://github.com/yapingcat/gomedia,"golang library for rtmp, mpeg-ts,mpeg-ps,flv,mp4,ogg,rtsp",Go,502,False,2024-09-06T16:27:32Z,main,1003,['containers'],MIT,container_metadata,metadata_screened,research/candidates.json,"golang library for rtmp, mpeg-ts,mpeg-ps,flv,mp4,ogg,rtsp"
YeautyYE/ez-ffmpeg,https://github.com/YeautyYE/ez-ffmpeg,"A safe and ergonomic Rust interface for FFmpeg integration, designed for ease of use.",Rust,354,False,2026-09-01T19:23:17Z,main,1006,['rust_media'],Apache-2.0,processing_framework,metadata_screened,research/candidates.json,"A safe and ergonomic Rust interface for FFmpeg integration, designed for ease of use."
yellowcath/VideoProcessor,https://github.com/yellowcath/VideoProcessor,process video(cut & scale & increase & decrease & reverse) with mediacodec,Java,991,False,2023-04-13T02:41:26Z,master,1007,"['video_processing', 'filters']",Apache-2.0,codec_hardware,metadata_screened,research/candidates.json,process video(cut & scale & increase & decrease & reverse) with mediacodec
yohhoy/av1parser,https://github.com/yohhoy/av1parser,AV1 video codec bitstream parser (not decoder!),Rust,42,False,2021-09-29T22:48:36Z,master,1009,['video_codec'],MIT,codec_hardware,metadata_screened,research/candidates.json,AV1 video codec bitstream parser (not decoder!)
ypresto/android-transcoder,https://github.com/ypresto/android-transcoder,"MP4 video transcode using Android MediaCodec API, pure Java (not LGPL nor patent issue!). Supports API >= 18.",Java,853,False,2022-12-20T15:08:26Z,master,1011,"['containers', 'transcoding']",Apache-2.0,container_metadata,metadata_screened,research/candidates.json,"MP4 video transcode using Android MediaCodec API, pure Java (not LGPL nor patent issue!). Supports API >= 18."
yuanqing/vdx,https://github.com/yuanqing/vdx,":film_strip: An intuitive CLI for processing video, powered by FFmpeg",TypeScript,1659,False,2021-02-27T07:45:42Z,main,1013,"['video_processing', 'ffmpeg', 'filters']",MIT,processing_framework,metadata_screened,research/candidates.json,":film_strip: An intuitive CLI for processing video, powered by FFmpeg"
zamaudio/zam-plugins,https://github.com/zamaudio/zam-plugins,Collection of LADSPA/LV2/VST/JACK audio plugins for high-quality processing,C++,321,False,2026-07-28T08:05:32Z,master,1016,['audio'],GPL-2.0,audio_dsp,metadata_screened,research/candidates.json,Collection of LADSPA/LV2/VST/JACK audio plugins for high-quality processing
zaps166/QMPlay2,https://github.com/zaps166/QMPlay2,QMPlay2 is a video and audio player which can play most formats and codecs.,C++,1178,False,2026-08-30T15:44:46Z,master,1018,['video_codec'],LGPL-3.0,codec_hardware,metadata_screened,research/candidates.json,QMPlay2 is a video and audio player which can play most formats and codecs.
zhongyang219/MusicPlayer2,https://github.com/zhongyang219/MusicPlayer2,MusicPlayer2是一款功能强大的本地音乐播放软件，旨在为用户提供最佳的本地音乐播放体验。它支持歌词显示、歌词卡拉OK样式显示、歌词在线下载、歌词编辑、歌曲标签识别、专辑封面显示、专辑封面在线下载、频谱分析、音效设置、任务栏缩略图按钮、主题颜色、格式转换等功能，支持高度自定义的界面布局，支持多种播放内核（BASS和FFMpeg）。播放器支持大部分常见的音频格式。,C++,6645,False,2026-08-31T10:02:41Z,master,1022,['ffmpeg'],GPL-3.0,audio_dsp,metadata_screened,research/candidates.json,MusicPlayer2是一款功能强大的本地音乐播放软件，旨在为用户提供最佳的本地音乐播放体验。它支持歌词显示、歌词卡拉OK样式显示、歌词在线下载、歌词编辑、歌曲标签识别、专辑封面显示、专辑封面在线下载、频谱分析、音效设置、任务栏缩略图按钮、主题颜色、格式转换等功能，支持高度自定义的界面布局，支持多种播放内核（BASS和FFMpeg）。播放器支持大部分常见的音频格式。
ZLMediaKit/ZLMediaKit,https://github.com/ZLMediaKit/ZLMediaKit,WebRTC/RTSP/RTMP/HTTP/HLS/HTTP-FLV/WebSocket-FLV/HTTP-TS/HTTP-fMP4/WebSocket-TS/WebSocket-fMP4/GB28181/SRT/STUN/TURN server and client framework based on C++11,C++,17495,False,2026-09-03T13:22:25Z,master,1025,['streaming'],NOASSERTION,container_metadata,metadata_screened,research/candidates.json,WebRTC/RTSP/RTMP/HTTP/HLS/HTTP-FLV/WebSocket-FLV/HTTP-TS/HTTP-fMP4/WebSocket-TS/WebSocket-fMP4/GB28181/SRT/STUN/TURN server and client framework based on C++11
zmwangx/rust-ffmpeg,https://github.com/zmwangx/rust-ffmpeg,Safe FFmpeg wrapper.,Rust,1990,False,2026-08-30T20:16:26Z,master,1026,['ffmpeg'],WTFPL,integration_wrapper,metadata_screened,research/candidates.json,Safe FFmpeg wrapper.
