full_name,html_url,category,description,language,stargazers_count,archived,pushed_at,license,review_level,readme_status,readme_blob_sha,readme_sha256,readme_signals,investigation_questions,advantage_verified
0xsline/OpenChatCut,https://github.com/0xsline/OpenChatCut,editor_compositor,"Open-source, local-first conversational AI video editor with a professional multi-track timeline, Agent Skills, MCP integration, and Remotion rendering.",TypeScript,1583,False,2026-09-04T13:29:30Z,AGPL-3.0,metadata_manual_readme_automated,ok,d5c8f502ce6a613ae0ca2af94679f35c5b6ae2dc,d8aa61564159cb703fee4783a3e44bd577bd5c20bfe8ea52431754831bd44a92,scheduling; gpu; modularity,"Проверить очереди, ожидание и бюджет параллелизма; Проверить передачу GPU-поверхностей и синхронизацию; Проверить границы модулей и контракт расширений",False
3d0c/gmf,https://github.com/3d0c/gmf,processing_framework,Go Media Framework,Go,934,False,2022-09-06T17:04:54Z,MIT,metadata_manual_readme_automated,ok,69fcf4a78916d8a31d5761699a8e80b7d34366fb,4d22272497e75d7147ee879afaa97591b1df3fd04bc7880216f846a731969b65,,Проверить применимость по назначению; README не дал архитектурных сигналов,False
66HEX/frame,https://github.com/66HEX/frame,integration_wrapper,FFmpeg GUI,Rust,1978,False,2026-08-31T02:37:41Z,GPL-3.0,metadata_manual_readme_automated,ok,825bd55e5a52c8965856bf62e238fc9cf5bfc7e8,330af125db5dbf3fb12f7dd08d246d5cdec23d74701464d3f46533abb9f6d23b,scheduling; gpu,"Проверить очереди, ожидание и бюджет параллелизма; Проверить передачу GPU-поверхностей и синхронизацию",False
75lb/handbrake-js,https://github.com/75lb/handbrake-js,transcoding_product,Video encoding / transcoding / converting for node.js,JavaScript,590,False,2026-05-09T16:59:47Z,NOASSERTION,metadata_manual_readme_automated,ok,0cb74a6748aafe1f675310600394848ec74d183d,1e2f87b2390e78e136cedf4e5dbff8f2f0d68012421bd0e8e57e97d3249c96b0,scheduling,"Проверить очереди, ожидание и бюджет параллелизма",False
8xFF/atm0s-media-server,https://github.com/8xFF/atm0s-media-server,streaming_transport,"Decentralized, Global-Scale Media Server written in Rust (WebRTC/Whip/Whep/Rtmp/Sip)",Rust,329,False,2026-09-04T04:57:14Z,MIT,metadata_manual_readme_automated,ok,34b71b508c245918d2c81f0cb918507e142aba31,26431e36a191a0d012c194a4298623d3fc5ea99d99be2a65d26ab7436d8c2361,time,"Проверить временные шкалы, задержку и discontinuity",False
a-schild/jave2,https://github.com/a-schild/jave2,integration_wrapper,The JAVE (Java Audio Video Encoder) library is Java wrapper on the ffmpeg project,Java,1375,False,2026-08-20T12:51:44Z,GPL-3.0,metadata_manual_readme_automated,ok,04601bf07e82a7cced556d269d0f2d7f6d97fadf,d933d4fa2e1337068857569fef6250371837ffe998c256045437134543e8cd9b,modularity,Проверить границы модулей и контракт расширений,False
aadsm/jsmediatags,https://github.com/aadsm/jsmediatags,container_metadata,"Media Tags Reader (ID3, MP4, FLAC)",JavaScript,797,False,2026-07-13T19:54:21Z,NOASSERTION,metadata_manual_readme_automated,ok,e16e6cb86d3f25d96d6d549dc5c7232011e05ea6,2a330fb1125fe6375f1560f8e8135d0ca3024711dbdcfe5fa3ca8d9aab74bb16,time,"Проверить временные шкалы, задержку и discontinuity",False
abema/go-mp4,https://github.com/abema/go-mp4,container_metadata,Go library for reading and writing MP4 file,Go,546,False,2026-09-04T10:49:19Z,MIT,metadata_manual_readme_automated,ok,99110621f0de83786f8fb6275d30f76749151d4b,f332b937f0db58a6ce60af324f3741a0a5de3d320e739f7fbc16fc36cd4cffd8,,Проверить применимость по назначению; README не дал архитектурных сигналов,False
abhiTronix/vidgear,https://github.com/abhiTronix/vidgear,processing_framework,A High-performance cross-platform Video Processing Python framework powerpacked with unique trailblazing features :fire:,Python,3723,False,2026-05-18T07:11:58Z,Apache-2.0,metadata_manual_readme_automated,ok,c929cf27d181a3efd7eacf3bdf4c81ea67d170c3,62c15c3b80bbbe41adca33f2fa1afd745c2f972e8bf20193a328ae38e6bcdf0d,memory; scheduling; gpu; time; modularity,"Проверить владение, лимиты памяти и жизненный цикл буферов; Проверить очереди, ожидание и бюджет параллелизма; Проверить передачу GPU-поверхностей и синхронизацию; Проверить временные шкалы, задержку и discontinuity; Проверить границы модулей и контракт расширений",False
abus-aikorea/voice-pro,https://github.com/abus-aikorea/voice-pro,audio_dsp,"Gradio WebUI for creators and developers, featuring key TTS (Edge-TTS, kokoro) and zero-shot Voice Cloning (E2 & F5-TTS, CosyVoice), with Whisper audio processing, YouTube download, Demucs vocal isolation, and multilingual translation.",Python,12747,False,2026-07-13T01:28:10Z,GPL-3.0,metadata_manual_readme_automated,ok,b06c9969f6b2612f2db3cb1dda6b445bba0f5a31,0a5b3c2a2491e46f00e85dd1cecf832036b5c48f8070b4b5715c891e2bca5146,gpu; time,"Проверить передачу GPU-поверхностей и синхронизацию; Проверить временные шкалы, задержку и discontinuity",False
ac-freeman/adder-codec-rs,https://github.com/ac-freeman/adder-codec-rs,transcoding_product,"A unified framework for event-based video. Encoder/transcoder/decoder for ADΔER (Address, Decimation, Δt Event Representation) video streams.",Rust,51,False,2026-06-22T18:30:58Z,MIT,metadata_manual_readme_automated,ok,faeaaf7b2921f3dd311721e4e43e5d7378679bea,8294863235598419fdb8c504e3e3ef4dd2e50b711dadcc0fd687102fe08650a8,time,"Проверить временные шкалы, задержку и discontinuity",False
AcademySoftwareFoundation/OpenColorIO,https://github.com/AcademySoftwareFoundation/OpenColorIO,targeted_library_framework,A color management framework for visual effects and animation.,C++,2097,False,2026-07-10T01:05:14Z,BSD-3-Clause,metadata_manual_readme_automated,ok,03276fa64831f3461cab6120ded1721841e0c4e3,7f76fc7a9b18c406a2d675a936814a95542402ef2aa30d555de0c34efb7db039,gpu,Проверить передачу GPU-поверхностей и синхронизацию,False
AcademySoftwareFoundation/openexr,https://github.com/AcademySoftwareFoundation/openexr,targeted_library_framework,"The OpenEXR project provides the specification and reference implementation of the EXR file format, the professional-grade image storage format of the motion picture industry.",C,1842,False,2026-09-04T15:19:38Z,BSD-3-Clause,metadata_manual_readme_automated,ok,501e8084b9526af4140a0f3a4bf93c7e46c3e6a6,1a1b6f389e6f1219f311d88adaa33882d866f8acb0677f744439329ac6a6f9b4,,Проверить применимость по назначению; README не дал архитектурных сигналов,False
AcademySoftwareFoundation/OpenImageIO,https://github.com/AcademySoftwareFoundation/OpenImageIO,targeted_library_framework,"Reading, writing, and processing images in a wide variety of file formats, using a format-agnostic API, aimed at VFX applications.",C++,2358,False,2026-09-04T17:50:19Z,Apache-2.0,metadata_manual_readme_automated,ok,262c1ceb67aa3712112c6b1e799f5ccc802690d6,b1d89737c2416f6314868ad7495bb2e73cc8b1e4686af1bbf8cde839b5916587,modularity,Проверить границы модулей и контракт расширений,False
AcademySoftwareFoundation/OpenTimelineIO,https://github.com/AcademySoftwareFoundation/OpenTimelineIO,targeted_library_framework,Open Source API and interchange format for editorial timeline information.,C++,1975,False,2026-08-07T21:08:35Z,Apache-2.0,selected_source_excerpts,ok,8e1e68585ebe492177ed10a5b8c5c80e952db04a,3f89ac18a0e4ac4215960326721d37869917c301d9f75cc793468f9fbf53003d,modularity,Проверить границы модулей и контракт расширений,False
adobe-research/DeepAFx-ST,https://github.com/adobe-research/DeepAFx-ST,audio_dsp,DeepAFx-ST - Style transfer of audio effects with differentiable signal processing. Please see https://csteinmetz1.github.io/DeepAFx-ST/,Python,413,False,2023-05-30T17:32:10Z,NOASSERTION,metadata_manual_readme_automated,ok,b286cb10cd48faa06264a980c4fc46fd4ecdb7d0,1c8d12a61d6c8a8113cae1168828eb4995b7de1754c6cb47bdc25fef05a0feab,gpu,Проверить передачу GPU-поверхностей и синхронизацию,False
AdrianEddy/telemetry-parser,https://github.com/AdrianEddy/telemetry-parser,container_metadata,"A tool to parse real-time metadata embedded in video files or telemetry from other sources like Betaflight blackbox. Supported formats: Sony, GoPro GPMF, Insta360, Betaflight blackbox (csv and binary)",Rust,297,False,2026-09-04T20:08:10Z,Apache-2.0,metadata_manual_readme_automated,ok,2d48881450137b26b1ff921475a6a39510ecd17a,72493308b164a0109b05182d31d27d76bddc629787974d41a2b627cfd59c80c9,,Проверить применимость по назначению; README не дал архитектурных сигналов,False
aFarkas/jMediaelement,https://github.com/aFarkas/jMediaelement,processing_framework,jquery multimedia framework,JavaScript,151,False,2014-03-05T19:38:16Z,GPL-2.0,metadata_manual_readme_automated,failed,,,,Проверить применимость по назначению; README не дал архитектурных сигналов,False
AIEraDev/Clypra,https://github.com/AIEraDev/Clypra,editor_compositor,"A modern video editor built with Tauri, React, and TypeScript. Focus on building free capabilities of premium capcut functionalities",TypeScript,3169,False,2026-09-04T19:06:44Z,MIT,metadata_manual_readme_automated,ok,3584dd832158823f23eac3a387a2878171d2d53c,f90612b1b6ba495e1246804431ef1911d7834d0ed950459c63b533622f2dd74d,gpu; time; modularity,"Проверить передачу GPU-поверхностей и синхронизацию; Проверить временные шкалы, задержку и discontinuity; Проверить границы модулей и контракт расширений",False
aiortc/aiortc,https://github.com/aiortc/aiortc,streaming_transport,WebRTC and ORTC implementation for Python using asyncio,Python,5098,False,2026-07-17T08:17:35Z,BSD-3-Clause,metadata_manual_readme_automated,ok,926c27b3cd8fe5702ee61488381f0693dd5eb2fc,b359ed42ea8efa7f205f6eaa45f8d362903e59ddaf02f8ff525a915571e22080,,Проверить применимость по назначению; README не дал архитектурных сигналов,False
alemidev/scope-tui,https://github.com/alemidev/scope-tui,processing_framework,oscilloscope/vectorscope/spectroscope for your terminal,Rust,710,False,2026-03-01T08:50:33Z,MIT,metadata_manual_readme_automated,ok,fef522c63bc0811b5fa9f18352fde0758a8b0c52,97b971aba44e29807db29066b818baf7e1803a4d261fc4c5f81129e264d94c0c,time; modularity,"Проверить временные шкалы, задержку и discontinuity; Проверить границы модулей и контракт расширений",False
AlexxIT/WebRTC,https://github.com/AlexxIT/WebRTC,streaming_transport,Home Assistant custom component for real-time viewing of almost any camera stream using WebRTC and other technologies.,JavaScript,2171,False,2025-11-26T10:15:48Z,MIT,metadata_manual_readme_automated,ok,c36a101d7437bb30fab9399d21fe59c460c2c543,892cd4b70d99e3e4d8e16baef842e988cbeeaf16938b8c81b2500cb38b8a5a5a,time,"Проверить временные шкалы, задержку и discontinuity",False
alfg/ffmpeg-commander,https://github.com/alfg/ffmpeg-commander,processing_framework,A web-based GUI for quickly generating common FFmpeg command-line operations.,TypeScript,1084,False,2026-09-04T11:43:23Z,MIT,metadata_manual_readme_automated,ok,e5226dacae6e7b15c42b68dae1669d360f7608ca,42debd63e4a73ddaf8fb6e9b42119c3257f292ab023ff8d2df601aa3d350ee18,,Проверить применимость по назначению; README не дал архитектурных сигналов,False
alfg/mp4-rust,https://github.com/alfg/mp4-rust,container_metadata,MP4 reader + writer library in Rust! 🎥🦀,Rust,354,False,2024-06-15T05:18:14Z,MIT,metadata_manual_readme_automated,ok,91778ec7ce1241a8add8e7c043898b6bccc3afcf,041fa85ae33255d942825165c79fb5faafdf69cbf376ef1a32520dbe5e45de98,,Проверить применимость по назначению; README не дал архитектурных сигналов,False
alibaba/unified-audio,https://github.com/alibaba/unified-audio,audio_dsp,An Open-Source Project to Unify Audio Processing and Generation,Python,510,False,2026-07-07T05:43:04Z,Apache-2.0,metadata_manual_readme_automated,ok,e1dbb742d12cd50cb965acf346316683640689ba,ba5fab9f0e53f7b8045fffeed96bb574cb0bbdea62d03f3028b3d40c51881d46,,Проверить применимость по назначению; README не дал архитектурных сигналов,False
allwinner-zh/media-codec,https://github.com/allwinner-zh/media-codec,codec_hardware,Video and audio deconde/encode libraries.,C,188,False,2021-11-10T23:44:14Z,NOASSERTION,metadata_manual_readme_automated,ok,833c0f4bc066e4c0b7906f664aea7d3dd406ed65,1a6f437db840ad261b752ee702440fa35fd5540d30dab3a28521955d4e982b3b,,Проверить применимость по назначению; README не дал архитектурных сигналов,False
alumae/gst-kaldi-nnet2-online,https://github.com/alumae/gst-kaldi-nnet2-online,streaming_transport,GStreamer plugin around Kaldi's online neural network decoder,C++,184,False,2020-10-13T13:52:23Z,Apache-2.0,metadata_manual_readme_automated,ok,124db1ffcee2e82eaca131b8f008efa30339a76e,17b5466b98ac883f588a74cb31e0c9d7cea05c4ebde16d14530f514f9b27d81c,memory; scheduling; modularity,"Проверить владение, лимиты памяти и жизненный цикл буферов; Проверить очереди, ожидание и бюджет параллелизма; Проверить границы модулей и контракт расширений",False
alumae/kaldi-gstreamer-server,https://github.com/alumae/kaldi-gstreamer-server,streaming_transport,"Real-time full-duplex speech recognition server, based on the Kaldi toolkit and the GStreamer framwork.",Python,1094,False,2024-06-08T11:29:50Z,BSD-2-Clause,metadata_manual_readme_automated,ok,54d8228a8905158c579535da059c5e51e6346b01,ce65cc3334f591cc0976c5ce76856dcb671a3621c5ba5c36ba6e54f3074dcc13,scheduling; modularity,"Проверить очереди, ожидание и бюджет параллелизма; Проверить границы модулей и контракт расширений",False
amishshah/prism-media,https://github.com/amishshah/prism-media,transcoding_product,Easily transcode media using Node.js 🎶,JavaScript,258,False,2023-07-18T20:37:12Z,Apache-2.0,metadata_manual_readme_automated,ok,f831efc9b1890eb4465bd04f3065c63f67906bbb,25eadcf75e8222cdc557512efa9104ec93372848a7537d2508c307fa20da369b,,Проверить применимость по назначению; README не дал архитектурных сигналов,False
AmitDigga/fabric-video-editor,https://github.com/AmitDigga/fabric-video-editor,editor_compositor,"Video editor that runs in the browser: timeline, text, image, video and audio layers, animations, filters, export with sound. Fabric.js + React + Next.js.",TypeScript,574,False,2026-08-30T08:31:24Z,MIT,metadata_manual_readme_automated,ok,cf122e06f156786b7293dfaccc8cc205bcc087d8,9758a985a03acb9135be36624a23ed93c57c17a30dede28e996f725c26a22013,,Проверить применимость по назначению; README не дал архитектурных сигналов,False
anacrolix/dms,https://github.com/anacrolix/dms,transcoding_product,"A UPnP DLNA Digital Media Server that includes basic video transcoding. Tested on a Panasonic Viera television, several Android UPnP apps, and Chromecast.",Go,749,False,2026-08-13T05:52:41Z,BSD-3-Clause,metadata_manual_readme_automated,ok,27b66cbec9d524cfdf1872f4d7d299765bec9b6f,76e1b1d44175fd0af0b7d3685fa05cc9e550ed32baced60858e6b46661d9ebe9,,Проверить применимость по назначению; README не дал архитектурных сигналов,False
andrewrk/libgroove,https://github.com/andrewrk/libgroove,audio_dsp,streaming audio processing library,C,295,False,2024-03-28T02:17:35Z,MIT,metadata_manual_readme_automated,ok,bbc5812898f459ef8f39bc3d962fd9d4a38ed6c2,70cb0c83cea2ecb03064874ffabc55ee21121021e5ed8da0a0b54aed728bd6db,modularity,Проверить границы модулей и контракт расширений,False
andrewrk/node-waveform,https://github.com/andrewrk/node-waveform,transcoding_product,simultaneously transcode audio and generate visuals - Node.js module,C,102,False,2016-02-12T22:32:29Z,MIT,metadata_manual_readme_automated,ok,416bf7071cd6bdb13133c356ddb908fc1711b93f,dea3024454a6718459d367f16b89b94ff119ad6cf58b46dfeff769694a04795c,,Проверить применимость по назначению; README не дал архитектурных сигналов,False
andrewrk/waveform,https://github.com/andrewrk/waveform,transcoding_product,simultaneously transcode and generate visuals for an audio file,C,268,False,2014-10-08T03:47:29Z,MIT,metadata_manual_readme_automated,ok,8b9b586b52ec8f61be59a16616cf849d71c5c55d,8bde2aee64bc7b6e8e329975746242291e2d42f27d4c10148b4f8b1bf0d7aa98,,Проверить применимость по назначению; README не дал архитектурных сигналов,False
Android-Jungle/android-jungle-mediaplayer,https://github.com/Android-Jungle/android-jungle-mediaplayer,audio_dsp,"An Android MediaPlayer framework. Can play audio / video, or record audio.",Java,96,False,2017-11-03T02:43:18Z,Apache-2.0,metadata_manual_readme_automated,ok,d78a04745e4fec07215c9cefd7b2f9511ec563c5,a7f7291445b5189a6ddd25eaccfcd69a0a5833ffabbdd168601303b8d7bff204,,Проверить применимость по назначению; README не дал архитектурных сигналов,False
AngryCarrot789/FramePFX,https://github.com/AngryCarrot789/FramePFX,editor_compositor,A non-linear video editor written in C# using Avalonia,C#,274,False,2026-02-06T11:20:34Z,GPL-3.0,metadata_manual_readme_automated,ok,ea3f0e93e5bf2cdb7fa9315733db0a08d9719906,d4d1c427c4cb303044bfdae34c03a891d8e40b6538ab6874ae5cfd0dbedfffda,scheduling; time; modularity,"Проверить очереди, ожидание и бюджет параллелизма; Проверить временные шкалы, задержку и discontinuity; Проверить границы модулей и контракт расширений",False
anonbeat/guayadeque,https://github.com/anonbeat/guayadeque,audio_dsp,Guayadeque is a music management program designed for all music enthusiasts. It is Full Featured Linux media player that can easily manage large collections and uses the Gstreamer media framework.,C++,131,True,2023-11-23T16:20:15Z,GPL-3.0,metadata_manual_readme_automated,ok,a752bf6a0c8ac1c88e760e6615d2b34ea61b0a78,9636393e2ff76dc5f65acff0735bfeba4db11358126ddc95623de6fc4f068f6c,modularity,Проверить границы модулей и контракт расширений,False
ant-media/Ant-Media-Server,https://github.com/ant-media/Ant-Media-Server,transcoding_product,"Ant Media Server — Ultra-low latency streaming engine with WebRTC (~0.5s), SRT, RTMP, HLS, CMAF, adaptive bitrate, transcoding & scaling",Java,4727,False,2026-09-03T17:05:46Z,NOASSERTION,metadata_manual_readme_automated,ok,b6456557a3a11894541e866b4a8559b7724a9235,c52efc2575c985333ca7b7097a41ade86877bc8058a618a1415f69e83c202e61,time,"Проверить временные шкалы, задержку и discontinuity",False
anthwlock/untrunc,https://github.com/anthwlock/untrunc,container_metadata,Restore a truncated mp4/mov. Improved version of ponchio/untrunc,C++,3400,False,2026-08-21T21:00:21Z,GPL-2.0,metadata_manual_readme_automated,ok,9c2d7c581e219ae67d57442c6b812b3990bd2794,5c8f9e2fac45b930b291354257491c2ec008002f2f297d41dc5e011d931b4f1a,,Проверить применимость по назначению; README не дал архитектурных сигналов,False
anyrtcIO-Community/anyRTC-RTMP-OpenSource,https://github.com/anyrtcIO-Community/anyRTC-RTMP-OpenSource,streaming_transport,"RTMP 推流器，RTMP(HLS)秒开播放器，直播点播，跨平台（Win,IOS,Android）开源代码",C++,4910,False,2025-04-22T00:48:39Z,GPL-3.0,metadata_manual_readme_automated,ok,ab471836c52a3803685a91d155a40705ac7feed8,e7a6e2913cef981749fe66cc1984d05dbd09d07fb31135f6d86f9c9809506f55,gpu,Проверить передачу GPU-поверхностей и синхронизацию,False
AOMediaCodec/avm,https://github.com/AOMediaCodec/avm,codec_hardware,AVM (AOM Video Model) is the reference software for AV2 codec from Alliance for Open Media (https://aomedia.org/).,C,212,False,2026-09-04T16:29:56Z,BSD-3-Clause-Clear,metadata_manual_readme_automated,ok,491efb024aeb39c51c84d1197408894c339c9613,31d9e292a3177133f3399e7af997fb57846d1130c7d7fe32a64d029d2f7ba8da,scheduling; quality,"Проверить очереди, ожидание и бюджет параллелизма; Проверить корпус, качество и воспроизводимость метрик",False
AOMediaCodec/SVT-AV1,https://github.com/AOMediaCodec/SVT-AV1,targeted_library_framework,The canonical URL for this project is at https://gitlab.com/AOMediaCodec/SVT-AV1,C,72,False,2026-08-09T12:58:27Z,BSD-3-Clause-Clear,metadata_manual_readme_automated,ok,95348c4599c919c09f6845be4ab382ae61bd7ae9,4f7e03d3dfadf6fb1a96f1bb45db48421734c75314ff0f53fe97ce362d57f9fd,scheduling,"Проверить очереди, ожидание и бюджет параллелизма",False
AprilAndFriends/theoraplayer,https://github.com/AprilAndFriends/theoraplayer,codec_hardware,"A multi-threaded C++ library that plays video files supporting multiple codecs across platforms. Easy to use, fast, responsive, abstract interface and minimal dependencies, you'll soon be wondering how you lived without it! ;) Audio and Video interfaces are completely abstracted so the library can be used anywhere, regardless of what you use to display video frames and play audio samples (eg. OpenGL / OpenAL, Direct3D / DirectSound?, SDL / SDL_mixer, X11 / alsa ...) The library can pre-cache video frames and decoded audio samples for maximum efficiency and smooth playback, even on single-cpu systems. Currently, the library supports Theora on Windows, Mac, iOS, Linux, Android, WinRT and Windows Phone. H.264 is supported on Mac and iOS.",C,90,False,2022-07-08T07:36:08Z,BSD-3-Clause,metadata_manual_readme_automated,failed,,,,Проверить применимость по назначению; README не дал архитектурных сигналов,False
ar1st0crat/NWaves,https://github.com/ar1st0crat/NWaves,audio_dsp,.NET DSP library with a lot of audio processing functions,C#,551,False,2022-09-27T18:42:31Z,MIT,metadata_manual_readme_automated,ok,a2c98e0f01207633a7acceb461492fcb704e3537,36d78c22b955435309c4c11616aaffa8dd488b4faf073e4a3b4a55fb2f203979,memory; scheduling,"Проверить владение, лимиты памяти и жизненный цикл буферов; Проверить очереди, ожидание и бюджет параллелизма",False
aregrid/frame,https://github.com/aregrid/frame,editor_compositor,"Frame is an AI-powered, open-source vibe video editor, offering a Professional VIDEO cuting alternative for creators. With Cursor-like interaction, it automates editing, enhances videos, and delivers a seamless vibe video editing experience. ",,272,False,2025-05-06T07:59:38Z,MIT,metadata_manual_readme_automated,ok,391e99501b98c1ce2745d22e6d3f700679f569e1,fbe9e14ca871dcbd19340063530d7c54883dbb6ea4ed2d7f7235b1acef95ce36,modularity,Проверить границы модулей и контракт расширений,False
argorar/WebMConverter,https://github.com/argorar/WebMConverter,integration_wrapper,GUI for ffmpeg to convert videos to WebM and mp4. ,C#,303,False,2026-08-30T01:44:43Z,MIT,metadata_manual_readme_automated,ok,168ff48cd1a2fc2eb6306a16d3895be806ba637a,a5ac295a9b3328770fe7927ecc50051564dc654ad2058d16b489c64b4653a327,time,"Проверить временные шкалы, задержку и discontinuity",False
arrowpc/palettum,https://github.com/arrowpc/palettum,processing_framework,"Web app and CLI tool that lets you recolor images, GIFs, and videos with any custom palette of your choosing",Rust,488,False,2025-07-28T07:25:05Z,AGPL-3.0,metadata_manual_readme_automated,ok,f759ec91c4d052fb2817045fe76ab23e3b9b4abb,779d84235275b74e88fc388326c521685e95dee638216ee565e49b6456217926,,Проверить применимость по назначению; README не дал архитектурных сигналов,False
ArseniyMirniy/Godot-4-Color-Correction-and-Screen-Effects,https://github.com/ArseniyMirniy/Godot-4-Color-Correction-and-Screen-Effects,editor_compositor,"Godot 4 color correction tools similar to Video Editing apps + Post Processing Screen Effects, made with pure Visual Shaders in Godot 4.3, 4.4, and now 4.7",,242,False,2026-09-01T04:18:21Z,MIT,metadata_manual_readme_automated,ok,edf2621e1b69e0b59bd62ab69705f15f1d4c30ca,7e83327df8cd7499d2870ed912ac644e8237bb712a8dfd672bbc4bd7367db6f8,,Проверить применимость по назначению; README не дал архитектурных сигналов,False
artclarke/humble-video,https://github.com/artclarke/humble-video,container_metadata,"Humble Video: Demuxing, Decoding, Filtering, Encoding and Muxing of 100's of video and audio formats and Codecs from the JVM",C,578,False,2024-05-20T21:42:52Z,AGPL-3.0,metadata_manual_readme_automated,ok,aa5c89e239dba3da3de00f8409dfd19f18adfcd5,5f1ab3a8a614d0103bf75fcb22e37c4addc164d791d22e31083ed7f9ef691c44,scheduling,"Проверить очереди, ожидание и бюджет параллелизма",False
arthenica/ffmpeg-kit,https://github.com/arthenica/ffmpeg-kit,processing_framework,"FFmpeg Kit for applications. Supports Android, Flutter, iOS, Linux, macOS, React Native and tvOS. Supersedes MobileFFmpeg, flutter_ffmpeg and react-native-ffmpeg.",C,5848,True,2026-07-02T19:58:31Z,LGPL-3.0,metadata_manual_readme_automated,ok,1d0f45abc115391140d420ce8c6db1fe8ba5be0b,401e45caf108625efd4d0c07efd1f74b50f4db31c0d0614ceea5f97525b89f39,gpu,Проверить передачу GPU-поверхностей и синхронизацию,False
aserbao/AndroidCamera,https://github.com/aserbao/AndroidCamera,editor_compositor,"🔥🔥🔥自定义Android相机(仿抖音 TikTok)，其中功能包括视频人脸识别贴纸，美颜，分段录制，视频裁剪，视频帧处理，获取视频关键帧，视频旋转，添加滤镜，添加水印，合成Gif到视频，文字转视频，图片转视频，音视频合成，音频变声处理，SoundTouch，Fmod音频处理。 Android camera(imitation Tik Tok), which includes video editor,audio editor,video face recognition stickers, segment recording,video cropping, video frame processing, get the first video frame, key frame, video rotation, add filter Mirror ,add watermark ,add gif to video, add text to video, picture to video, audio and video synthesis, audio change processing, SoundTouch, Fmod audio processing.",Java,3296,False,2024-08-13T09:07:29Z,UNKNOWN,metadata_manual_readme_automated,ok,2c6cb9b7207f717bddfb405cf14c95f76b1b8de5,794035b9fb11c663c3093b44cd3bdf5b6df2ae53ccdf5d68af3c06466fdd48d3,,Проверить применимость по назначению; README не дал архитектурных сигналов,False
ashishnanda19/Video-transcoder,https://github.com/ashishnanda19/Video-transcoder,transcoding_product,"This project implements a scalable, event-driven video transcoding pipeline leveraging AWS services and Redis. It automatically processes uploaded videos and converts them into multiple resolutions to ensure efficient delivery and compatibility across devices.",TypeScript,83,False,2026-05-13T12:10:59Z,UNKNOWN,metadata_manual_readme_automated,ok,b64c61c5ea7812df254fd4e8636e9c609360a14e,4bd2b8a9660ab823a43d5a299cafea96230c37fdc0ae9cfd9a967536e7227387,scheduling; modularity,"Проверить очереди, ожидание и бюджет параллелизма; Проверить границы модулей и контракт расширений",False
Audio4Linux/JDSP4Linux,https://github.com/Audio4Linux/JDSP4Linux,audio_dsp,An audio effect processor for PipeWire and PulseAudio clients,C,1522,False,2026-08-29T16:29:46Z,GPL-3.0,metadata_manual_readme_automated,ok,8fe1f17241d963a6578a74e4b131b7e60da6cba3,0fc5285d407de29e52c042296f64bc37213c7bbd9cee449856e52c2fa6c93cfc,scheduling; time; modularity,"Проверить очереди, ожидание и бюджет параллелизма; Проверить временные шкалы, задержку и discontinuity; Проверить границы модулей и контракт расширений",False
AudioKit/AudioKit,https://github.com/AudioKit/AudioKit,audio_dsp,"Audio synthesis, processing, & analysis platform for iOS, macOS and tvOS",Swift,11458,False,2026-07-26T06:33:02Z,MIT,metadata_manual_readme_automated,ok,422afc7c6f9d301e966d1ebe8eb249ce8eaf70d0,0c9a7fa50dcafd5b9928962ca7e3a72c688d706194bfe33960ad5f109e0f2989,,Проверить применимость по назначению; README не дал архитектурных сигналов,False
Augani/openreel-video,https://github.com/Augani/openreel-video,editor_compositor,"OpenReel Video - Professional browser-based video editor. Open source CapCut alternative. 100% browser-based, no installation, no cloud uploads, no watermarks.",TypeScript,4987,False,2026-08-29T12:14:00Z,MIT,metadata_manual_readme_automated,ok,2fec315abe8b2552c868317c61123fb9053f3678,a74269605f351a99695510dfd8eb82412c3f12f4d6804a4645f9bb16852dd215,gpu; modularity,Проверить передачу GPU-поверхностей и синхронизацию; Проверить границы модулей и контракт расширений,False
AVbin/AVbin,https://github.com/AVbin/AVbin,integration_wrapper,"AVbin is a C library that provides a thin, cross-platform wrapper around Libav’s video- and audio-decoding functionality, providing long-term binary compatibility for applications and languages that need it.  See also: Pyglet, a python media framework that makes extensive use of AVbin.",C,83,False,2019-10-24T02:18:14Z,LGPL-3.0,metadata_manual_readme_automated,ok,9b8e7d0cfd13145c25ae2c8186b50d80204e6b9e,b5aa4f59f3cd468c336e03c8b6866d2ce34b91f148a2ab6e5a4c534e26e2aa15,,Проверить применимость по назначению; README не дал архитектурных сигналов,False
awslabs/aws-media-replay-engine,https://github.com/awslabs/aws-media-replay-engine,processing_framework,Media Replay Engine (MRE) is a framework to build automated video clipping and replay (highlight) generation pipelines for live and video-on-demand content.,Python,112,False,2026-08-27T22:14:55Z,Apache-2.0,metadata_manual_readme_automated,ok,016ccf52b8528b417c4be8edfd2d79a921315c6a,008e4706a44a938de884d1031500c5846dd6abb23a482e5985afe7181caa54c2,scheduling; time; modularity,"Проверить очереди, ожидание и бюджет параллелизма; Проверить временные шкалы, задержку и discontinuity; Проверить границы модулей и контракт расширений",False
awxkee/pic-scale,https://github.com/awxkee/pic-scale,targeted_library_framework,High performance image scale in pure Rust,Rust,41,False,2026-08-23T17:59:04Z,BSD-3-Clause,metadata_manual_readme_automated,ok,75409795e5c53278f890e28ae3183f42bfdfd53d,129faacb03469383a37226d398381ed04ebc0376bce1633abd77ddfa020067d8,scheduling,"Проверить очереди, ожидание и бюджет параллелизма",False
awxkee/yuvutils-rs,https://github.com/awxkee/yuvutils-rs,targeted_library_framework,Rust high performace utilities for YUV format handling and conversion.,Rust,123,False,2026-08-08T09:23:55Z,BSD-3-Clause,metadata_manual_readme_automated,ok,88eaf5946bc0b29e9aa20150900445a5bc2cc45f,024c1d7163f2b2892cab4e7eb237dd36ee9675ca13b43bfa3b380960ffd65fe5,scheduling,"Проверить очереди, ожидание и бюджет параллелизма",False
axiomatic-systems/Bento4,https://github.com/axiomatic-systems/Bento4,container_metadata,"Full-featured MP4 format, MPEG DASH, HLS, CMAF SDK and tools",C++,2499,False,2026-06-27T10:29:30Z,UNKNOWN,metadata_manual_readme_automated,ok,a58902699f98b81dff440e874198d2fb28212493,1520a882727b8b1bc4fa18aff0999bd36cbef7cebe1d1af5eff47065e333311f,,Проверить применимость по назначению; README не дал архитектурных сигналов,False
AydinAdn/MediaToolkit,https://github.com/AydinAdn/MediaToolkit,transcoding_product,A .NET library to convert and process all your video & audio files.,C#,694,False,2020-09-27T19:10:36Z,MIT,metadata_manual_readme_automated,ok,9bd9948cd73f46eef566b4409f9125990645341d,c7a05e065da1453c68399e73cb0b863522eae0d770d5185b9e3210f65da289e7,modularity,Проверить границы модулей и контракт расширений,False
b-editor/beutl,https://github.com/b-editor/beutl,editor_compositor,Cross-platform video editing (compositing) software.,C#,1226,False,2026-09-04T15:48:15Z,MIT,metadata_manual_readme_automated,ok,a0ce5867b453cc09d60484328f78f38b1d27e43f,cbf9e009f0d095eac7723343f28cffc999e92ef4fd3358c234320125358d60db,,Проверить применимость по назначению; README не дал архитектурных сигналов,False
BabitMF/bmf,https://github.com/BabitMF/bmf,transcoding_product,"Cross-platform, customizable multimedia/video processing framework.  With strong GPU acceleration, heterogeneous design, multi-language support, easy to use, multi-framework compatible and high performance, the framework is ideal for transcoding, AI inference, algorithm integration, live video streaming, and more.",C++,1034,False,2026-08-26T04:49:22Z,Apache-2.0,selected_source_excerpts,ok,fb8f26ccdc5237a99dd2c8fa05008494cee2c818,14a36469f18772a8487c5173dafc70944fbe4a84f684f50a90332e7b4b337181,scheduling; gpu; modularity,"Проверить очереди, ожидание и бюджет параллелизма; Проверить передачу GPU-поверхностей и синхронизацию; Проверить границы модулей и контракт расширений",False
basler/gst-plugin-pylon,https://github.com/basler/gst-plugin-pylon,streaming_transport,The official GStreamer plug-in for Basler cameras,C++,65,False,2026-08-27T13:10:31Z,BSD-3-Clause,metadata_manual_readme_automated,ok,a9c05ab89ad77c62ea4102941471e4a8cadbfe6f,411b8a2d8b4f1b59473e791edd4ef6161c417e3edd31fb78cb1c35f9f5637b79,scheduling; gpu; time; modularity,"Проверить очереди, ожидание и бюджет параллелизма; Проверить передачу GPU-поверхностей и синхронизацию; Проверить временные шкалы, задержку и discontinuity; Проверить границы модулей и контракт расширений",False
bbc/brave,https://github.com/bbc/brave,editor_compositor,"Basic Real-time AV Editor - allowing you to preview, mix, and route live audio and video streams on the cloud",Python,692,False,2023-09-01T11:54:56Z,Apache-2.0,metadata_manual_readme_automated,ok,8b1a5bb982f36231104d682859c66db7ddc0e682,2404cc10153ec569777a09c043e3487b9c20ff3eee71809b134ebb7b4b4adc1a,,Проверить применимость по назначению; README не дал архитектурных сигналов,False
bbc/react-transcript-editor,https://github.com/bbc/react-transcript-editor,editor_compositor,A React component to make correcting automated transcriptions of audio and video easier and faster. By BBC News Labs. - Work in progress,JavaScript,620,False,2024-02-12T21:24:55Z,NOASSERTION,metadata_manual_readme_automated,ok,3251925285f7b50341895310d42476e2e51236a3,cf6b2aad665fb63e2f1a7b4d0f3a68e674b4749865fce939e1b763fbc17768cb,,Проверить применимость по назначению; README не дал архитектурных сигналов,False
bbc/turingcodec,https://github.com/bbc/turingcodec,codec_hardware,"Source code for the Turing codec, an HEVC software encoder optimised for fast encoding of large resolution video content",C++,157,False,2017-11-13T10:51:02Z,GPL-2.0,metadata_manual_readme_automated,ok,0b32d765e8f7ff3e17930773704b68878ba83dad,a910f39f4d2ffdaeb5b9293c1636ed342a4058cf5ecaff5a6361e4dc86402eff,,Проверить применимость по назначению; README не дал архитектурных сигналов,False
beetbox/audioread,https://github.com/beetbox/audioread,codec_hardware,cross-library (GStreamer + Core Audio + MAD + FFmpeg) audio decoding for Python,Python,538,False,2026-04-09T14:33:08Z,MIT,metadata_manual_readme_automated,ok,ccc91819737fe25073b2a240f3bb3bc949ecaefd,9f13d1f16b7a208ef0512b4827b6e1091e58a34b209a95ecb9f3720c7b996ce6,modularity,Проверить границы модулей и контракт расширений,False
begeekmyfriend/yasea,https://github.com/begeekmyfriend/yasea,streaming_transport,RTMP live streaming client for Android,C++,4937,False,2026-04-13T03:33:27Z,MIT,metadata_manual_readme_automated,ok,2cbcb32d88949c7786e852238899f9ed4f2900e3,ebfa0968f59ee300bbacb5f79ee49993b5b4fbfbc599491f51160aec8be9dd61,gpu; time; modularity,"Проверить передачу GPU-поверхностей и синхронизацию; Проверить временные шкалы, задержку и discontinuity; Проверить границы модулей и контракт расширений",False
bfansports/CloudTranscode,https://github.com/bfansports/CloudTranscode,transcoding_product,"Distributed videos and images encoding/transcoding using Amazon SFN, FFMpeg and ImageMagic",PHP,300,False,2026-08-19T06:39:35Z,GPL-2.0,metadata_manual_readme_automated,ok,f5de15102d007296d1e8711af08691282c3cade5,7dd10946a82cd65552f330f6a16da55a8185afdb0760ea942add49da18562355,scheduling,"Проверить очереди, ожидание и бюджет параллелизма",False
bilashcse/video-editor,https://github.com/bilashcse/video-editor,editor_compositor,API based Online Video Editing using FFMPEG & NodeJs for Backend Editing,JavaScript,307,False,2023-03-05T05:25:06Z,UNKNOWN,metadata_manual_readme_automated,ok,8ec6cb9f29dbe90bb882691892382d7c2f594d8b,eafccca81720ab5e5816a757989fa8a8d05789728283f6a7e085d9fed4dd033a,time; modularity,"Проверить временные шкалы, задержку и discontinuity; Проверить границы модулей и контракт расширений",False
bilibili/ijkplayer,https://github.com/bilibili/ijkplayer,integration_wrapper,"Android/iOS video player based on FFmpeg n3.4, with MediaCodec, VideoToolbox support.",C,33202,False,2024-08-13T00:53:33Z,GPL-2.0,metadata_manual_readme_automated,ok,a670aa4b17a5b3c078c3ff37e542685d5a4c69a7,ec3b430f71ec86f067ed8be8402e2e8e4db197afc732fdee0f70c818af5c7d16,scheduling; gpu; modularity,"Проверить очереди, ожидание и бюджет параллелизма; Проверить передачу GPU-поверхностей и синхронизацию; Проверить границы модулей и контракт расширений",False
bill-auger/av-caster,https://github.com/bill-auger/av-caster,audio_dsp,"A light-weight native gStreamer GUI for screencast, webcam, and audio recording and streaming",C++,86,False,2022-08-31T16:34:16Z,NOASSERTION,metadata_manual_readme_automated,ok,7c5462656ac03364424472af65813c9d9497b66c,56cf225765d5d77e2f8b69d712ba6d6ff741c85a808a84ba045c57bd7bc66871,modularity,Проверить границы модулей и контракт расширений,False
BillyDM/Firewheel,https://github.com/BillyDM/Firewheel,audio_dsp,Powerful and flexible mid-level audio engine for games and other applications,Rust,309,False,2026-09-03T18:42:30Z,Apache-2.0,selected_source_excerpts,ok,f358801ad2759ca1e432d839a7ff3c644d30cbe3,bfa33148ab2c3ac0674d7980bf610c672391dc3ee3ae7e54d9db88881d6537b8,modularity,Проверить границы модулей и контракт расширений,False
binbat/live777,https://github.com/binbat/live777,streaming_transport,"Live777 Media Server. A very simple, high performance, edge WebRTC SFU",Rust,311,False,2026-08-25T00:39:06Z,MPL-2.0,metadata_manual_readme_automated,ok,21e381a6574d64303cbd7778fc1e18caa4999465,328d87606f5d4ce162d4554a245d363967d8cf690e4d3901a353a5119a668506,,Проверить применимость по назначению; README не дал архитектурных сигналов,False
Blaizzy/mlx-audio-swift,https://github.com/Blaizzy/mlx-audio-swift,audio_dsp,A modular Swift SDK for audio processing with MLX on Apple Silicon,Swift,772,False,2026-09-03T16:25:44Z,MIT,metadata_manual_readme_automated,ok,116308fd275d2df44e757702327f3e643355bbd2,3b37f2883bcec9aa2c5706d83f87cc78fdb937c1e191fb47f1dadee3cfd69a75,modularity,Проверить границы модулей и контракт расширений,False
bluenviron/mediamtx,https://github.com/bluenviron/mediamtx,audio_dsp,"Ready-to-use Media-over-QUIC / SRT / WebRTC / RTSP / RTMP / LL-HLS / MPEG-TS / RTP live media server and media proxy that allows to read, publish, proxy, record and playback real-time video and audio streams.",Go,20028,False,2026-09-04T17:02:51Z,MIT,metadata_manual_readme_automated,ok,9e6920633d52b2a29f319994c41ae5ce10f85b72,fa8f9121a4203d7989fb78a45fcf9fc8010cf54885df687a461240cbd7e4ceb2,,Проверить применимость по назначению; README не дал архитектурных сигналов,False
bmc0/dsp,https://github.com/bmc0/dsp,audio_dsp,An audio processing program with an interactive mode.,C,261,False,2026-08-26T17:56:14Z,ISC,metadata_manual_readme_automated,ok,a45436104d3843f60ad7d3668f3324d20e7941aa,9c15d38ad9012d7e0d1c1f15d37a38826c91a04b42f719b6ed57c48c78390ccd,memory; scheduling; time; modularity,"Проверить владение, лимиты памяти и жизненный цикл буферов; Проверить очереди, ожидание и бюджет параллелизма; Проверить временные шкалы, задержку и discontinuity; Проверить границы модулей и контракт расширений",False
bmewj/video-app,https://github.com/bmewj/video-app,processing_framework,A real-time video processing app written in C++ using OpenGL and FFmpeg,C++,263,False,2023-08-27T14:11:10Z,Apache-2.0,metadata_manual_readme_automated,ok,5717be80cb27ae0524e9e464034579f4439371e1,3e6396e7218edba07b8349992500cb029fe87dc226c4359953cf15607a2b242b,,Проверить применимость по назначению; README не дал архитектурных сигналов,False
Boddlnagg/midir,https://github.com/Boddlnagg/midir,processing_framework,Cross-platform realtime MIDI processing in Rust.,Rust,826,False,2026-08-11T06:41:30Z,MIT,metadata_manual_readme_automated,ok,325a63beb38736562e37f79af30145f7460d80be,0542d8f46af4da41129a0f3a2875f30b109f8ae80cbeb22be055a680ce1f1a25,scheduling; modularity,"Проверить очереди, ожидание и бюджет параллелизма; Проверить границы модулей и контракт расширений",False
bookkojot/mp4fixer,https://github.com/bookkojot/mp4fixer,container_metadata,Recover damaged/unfinished mp4 files with h264 video,Perl,426,False,2022-11-16T20:50:29Z,GPL-3.0,metadata_manual_readme_automated,ok,46cf0990ba50c897e29744f36de3a1369c3ed96e,da1518c4e0ce003f34bbdbc4fab729915fb65d9b875e8dd3d6685ee6818e2797,time,"Проверить временные шкалы, задержку и discontinuity",False
bookyo/express-ffmpeg,https://github.com/bookyo/express-ffmpeg,transcoding_product,nodejs ffmpeg video transcode webui，基于nodejs的云转码系统 https://www.efvcms.com,JavaScript,94,False,2024-04-23T04:36:30Z,Apache-2.0,metadata_manual_readme_automated,ok,71dac0d350ca9a87378c518125780d5e9ae4bff4,ffaeb1602dbd8c142c77e3a150755ddef2f6f80a566c0ef442aaabd69cb0c3c5,time; modularity,"Проверить временные шкалы, задержку и discontinuity; Проверить границы модулей и контракт расширений",False
borexola/neolink.net,https://github.com/borexola/neolink.net,editor_compositor,"Reolink camera bridge & NVR in pure C#/.NET — RTSP restreaming, multi-camera web UI, event recording + timeline, two-way talk, Home Assistant add-on. Speaks the proprietary Baichuan protocol; no transcoding, zero dependencies, Docker and Home Assistant ready.",C#,139,False,2026-09-02T23:21:19Z,AGPL-3.0,metadata_manual_readme_automated,ok,6cc09728b4d4603d2ce91e0a28f10ecbac280763,30325c01649ceac16e53f3c6dc511176d266fe90896a3ea09831e52b1b6a6896,scheduling; gpu; time; modularity,"Проверить очереди, ожидание и бюджет параллелизма; Проверить передачу GPU-поверхностей и синхронизацию; Проверить временные шкалы, задержку и discontinuity; Проверить границы модулей и контракт расширений",False
BowenL0218/MMVC_video_codec,https://github.com/BowenL0218/MMVC_video_codec,codec_hardware,,Python,23,False,2023-06-21T02:49:05Z,GPL-3.0,metadata_manual_readme_automated,ok,dd58172b085624781b4c48752fb8c537f1649e00,369343fd0b0049275a5dbe900377409151271e5ac2ae9e627254749783d5ffd6,,Проверить применимость по назначению; README не дал архитектурных сигналов,False
bp2008/cameraproxy,https://github.com/bp2008/cameraproxy,playback,"A Windows Service which acts as a ""smart"" proxy for IP network cameras. Uses the .NET framework and parts of the VLC media player libraries.",C#,71,False,2024-07-23T03:04:59Z,GPL-3.0,metadata_manual_readme_automated,ok,4cc09720b5339317ecc8cd0d53cf77d306796a1f,9d47e28148c38f7151ac4213b5a3b2a90d0a0600f44f7ef3f063fbda8eddf286,modularity,Проверить границы модулей и контракт расширений,False
BradLarson/GPUImage,https://github.com/BradLarson/GPUImage,processing_framework,An open source iOS framework for GPU-based image and video processing,Objective-C,20301,False,2024-02-16T22:29:30Z,BSD-3-Clause,metadata_manual_readme_automated,ok,16bc3f64f46e87ea5e6fcbc4c28302800e174b9e,48bab0dbb5361c6a9b16a7a36d8eea18a334f13b383122721ffdefd13a51e0b1,scheduling; gpu; time; quality; modularity,"Проверить очереди, ожидание и бюджет параллелизма; Проверить передачу GPU-поверхностей и синхронизацию; Проверить временные шкалы, задержку и discontinuity; Проверить корпус, качество и воспроизводимость метрик; Проверить границы модулей и контракт расширений",False
BradLarson/GPUImage2,https://github.com/BradLarson/GPUImage2,processing_framework,GPUImage 2 is a BSD-licensed Swift framework for GPU-accelerated video and image processing.,Swift,4941,False,2024-02-16T05:43:58Z,BSD-3-Clause,metadata_manual_readme_automated,ok,a862cfa29e1b33067f399fee9429f04faeb87397,ed5f82823f72597e2f2b70c7d1767e0e81b933bb0868244328b3c0ad4601f800,gpu; quality,"Проверить передачу GPU-поверхностей и синхронизацию; Проверить корпус, качество и воспроизводимость метрик",False
BradLarson/GPUImage3,https://github.com/BradLarson/GPUImage3,processing_framework,GPUImage 3 is a BSD-licensed Swift framework for GPU-accelerated video and image processing using Metal.,Swift,2878,False,2024-07-25T15:40:27Z,BSD-3-Clause,metadata_manual_readme_automated,ok,e7b783fe22aae41099c34359be2bb990d6f752ba,75dfa460ce810c68e44c9dc4324213217bd3d1ee822699e77c57dbbb23c60ec6,gpu,Проверить передачу GPU-поверхностей и синхронизацию,False
bramp/ffmpeg-cli-wrapper,https://github.com/bramp/ffmpeg-cli-wrapper,integration_wrapper,Java wrapper around the FFmpeg command line tool,Java,1905,False,2026-08-30T08:42:42Z,BSD-2-Clause,metadata_manual_readme_automated,ok,d1bbefa24abe758f461ea94221a56cab227770b7,dbec4e5557a2a91ad5342c96abcc56481c0411f51f61104e35583332aa4718e6,modularity,Проверить границы модулей и контракт расширений,False
breakfastquay/rubberband,https://github.com/breakfastquay/rubberband,targeted_library_framework,"Official mirror of Rubber Band Library, an audio time-stretching and pitch-shifting library.",C++,777,False,2025-03-03T15:56:58Z,GPL-2.0,metadata_manual_readme_automated,ok,ce3a6d03429cfe178f0fded5452d6c2a4d3298a3,e7a6fc0fd3177e3a166a67e1cb834f6bfdec74c8d8928c71543367558d104ad6,modularity,Проверить границы модулей и контракт расширений,False
BreakingY/Media-Cognition-Pipeline,https://github.com/BreakingY/Media-Cognition-Pipeline,container_metadata,"A general-purpose real-time streaming media and deep learning inference acceleration framework, supporting H264, H265, AAC, MP4, FLV, RTSP, RTMP, and YOLO.实时流媒体及深度学习推理加速通用处理框架，支持H264、H265、AAC、MP4、FLV、RTSP、RTMP、YOLO。",C++,76,False,2026-09-03T02:35:16Z,MIT,metadata_manual_readme_automated,ok,ed04e883b619fd34963fa70b230fc59e7cf8e58f,6f6e27258e427ed1ed9b2a54fb06c13ccd9d5005781650e442f401c7e8aed59b,gpu,Проверить передачу GPU-поверхностей и синхронизацию,False
BreakingY/Nvidia-Video-Codec,https://github.com/BreakingY/Nvidia-Video-Codec,container_metadata,"Nvidia video hard decoding, rendering, soft/hard encoding, and writing to MP4 file ; Nvidia视频硬解码、渲染、软/硬编码并写入MP4文件",C,31,False,2025-12-31T02:34:28Z,MIT,metadata_manual_readme_automated,ok,5702d57d42b769374d3e70d1d029ab7a64ba4719,bf1277278974d9a97579a3a9e2b15b99931543a5e1bafb0c9acb7051e299948b,,Проверить применимость по назначению; README не дал архитектурных сигналов,False
BrettRD/ros-gst-bridge,https://github.com/BrettRD/ros-gst-bridge,streaming_transport,a bidirectional ros to gstreamer bridge and utilities for dynamic pipelines,C++,185,False,2026-03-28T13:38:50Z,LGPL-3.0,metadata_manual_readme_automated,ok,7b599deaaa2b09d64fdd0519d93506edd19c3e4f,7842380aea00afef21dcf1d0557d5268bd2af4c65448dc7f45001dc8a02f5b0b,memory; scheduling; time; modularity,"Проверить владение, лимиты памяти и жизненный цикл буферов; Проверить очереди, ожидание и бюджет параллелизма; Проверить временные шкалы, задержку и discontinuity; Проверить границы модулей и контракт расширений",False
bwasti/mebm,https://github.com/bwasti/mebm,editor_compositor,zero-dependency browser-based video editor,JavaScript,982,False,2023-01-06T05:16:27Z,MIT,metadata_manual_readme_automated,ok,a15b690f9064928cbc6e02574628034e0eed7050,87d15a8f1d77d05d4f23fea51be773aeabbf3583e97dda84a99fa968b9f5ac09,,Проверить применимость по назначению; README не дал архитектурных сигналов,False
bytedeco/javacv,https://github.com/bytedeco/javacv,integration_wrapper,"Java interface to OpenCV, FFmpeg, and more",Java,8334,False,2026-08-12T02:20:17Z,NOASSERTION,metadata_manual_readme_automated,ok,d22d832cc1543efc6e87be80b0dacd410b21297c,b112955e600c064ec16eb64b1f222625d53b228fd6aebd25ad34f3edad48a555,memory; scheduling; gpu,"Проверить владение, лимиты памяти и жизненный цикл буферов; Проверить очереди, ожидание и бюджет параллелизма; Проверить передачу GPU-поверхностей и синхронизацию",False
cap-ntu/Morph,https://github.com/cap-ntu/Morph,transcoding_product,A Fast and Scalable Cloud/Distributed Transcoding System,Python,93,False,2019-03-27T08:07:55Z,UNKNOWN,metadata_manual_readme_automated,ok,27f392e48a23cb4e69eab509f513bba1ce2305a8,57b19cbd832705e21261ed46e79861cb329b2ae2a8e9057abd4017b3c08b260c,memory; scheduling,"Проверить владение, лимиты памяти и жизненный цикл буферов; Проверить очереди, ожидание и бюджет параллелизма",False
caprica/vlcj,https://github.com/caprica/vlcj,playback,Java framework for the vlc media player,Java,1241,False,2026-02-22T21:07:55Z,GPL-3.0,metadata_manual_readme_automated,ok,218d2fc23cd0e0be9d95506ad8cfbd2dbe4f1a27,1e3eb3321a559887a50e0b84856274ba35fb9e4a3dff9706cc3e53546493e47e,scheduling,"Проверить очереди, ожидание и бюджет параллелизма",False
CapSoftware/scap,https://github.com/CapSoftware/scap,processing_framework,"High-performance, cross-platform screen capture library in Rust.",Rust,639,False,2025-08-05T15:59:19Z,MIT,metadata_manual_readme_automated,ok,1c596a88a8bd66cac7ebb00b6d30e6e72eb6418b,03d5b97fbab30cd81cd38059b92a9cd761c1ced9971861fe4542ef6cdfb33b59,,Проверить применимость по назначению; README не дал архитектурных сигналов,False
cartesiancs/cartcut,https://github.com/cartesiancs/cartcut,editor_compositor,"Video Editor for AI agents, built on the belief that open source can beat commercial tools",TypeScript,593,False,2026-09-04T14:19:38Z,MIT,metadata_manual_readme_automated,ok,49dfab35fe799de7a317bf037fc8b48853e407e5,ff6695338043d73128b9ca613034beb2b202624c9c0fd64a753bf47a5d177529,gpu,Проверить передачу GPU-поверхностей и синхронизацию,False
caydey/ffshare,https://github.com/caydey/ffshare,audio_dsp,"An android app to compress image, video and audio files through ffmpeg before sharing them",Kotlin,1096,False,2026-08-14T12:32:41Z,GPL-3.0,metadata_manual_readme_automated,ok,3e74eb8d08a8be9427b54e338237160d58b11756,e646336cd1bcc6444c6623b5b6ff7451adf75457320b2d3bb6401c9cab4da42d,,Проверить применимость по назначению; README не дал архитектурных сигналов,False
centricular/gstcefsrc,https://github.com/centricular/gstcefsrc,integration_wrapper,A simple gstreamer wrapper around Chromium Embedded Framework,C++,100,False,2026-08-24T12:58:32Z,LGPL-2.1,metadata_manual_readme_automated,ok,8be3aa21ba7003dc0c55be2e399d5322dc7ee901,91070c2ea97472875f640c266def503b1096ee11b79e86d35b35656df828bc44,scheduling; gpu; time; modularity,"Проверить очереди, ожидание и бюджет параллелизма; Проверить передачу GPU-поверхностей и синхронизацию; Проверить временные шкалы, задержку и discontinuity; Проверить границы модулей и контракт расширений",False
ChangbaDevs/KTVHTTPCache,https://github.com/ChangbaDevs/KTVHTTPCache,processing_framework,A powerful media cache framework.,Objective-C,2510,False,2025-09-04T06:54:40Z,MIT,metadata_manual_readme_automated,ok,11584f0bf7d0698d42afc7e9ed495afb149494a8,0e86f88931480bf4e66af9b9b7577822cbbd8197cb3e2cab2cee5f640ae445e1,scheduling,"Проверить очереди, ожидание и бюджет параллелизма",False
ChangbaDevs/KTVVideoProcess,https://github.com/ChangbaDevs/KTVVideoProcess,processing_framework,A High-Performance video effects processing framework.,Objective-C,580,False,2024-04-22T04:57:21Z,MIT,metadata_manual_readme_automated,ok,bc2a96560a7c2b07a9aa9262680bd36230410845,521cbc8d287df3686f6c1aad23fb4f405564e8e0920a6821976978bc31a5fbd6,scheduling; time,"Проверить очереди, ожидание и бюджет параллелизма; Проверить временные шкалы, задержку и discontinuity",False
changsanjiang/SJMediaCacheServer,https://github.com/changsanjiang/SJMediaCacheServer,container_metadata,SJMediaCacheServer 是一个高效的 HTTP 媒体缓存框架，旨在代理媒体数据请求并优先提供缓存数据，从而减少网络流量并增强播放的流畅性。该框架支持两种类型的远程资源：基于文件的媒体，如 MP3、AAC、WAV、FLAC、OGG、MP4 和 MOV 等常见格式，以及 HLS（HTTP Live Streaming）流。它会自动解析 HLS 播放列表并代理各个媒体片段。,Objective-C,302,False,2025-08-20T03:25:12Z,MIT,metadata_manual_readme_automated,ok,1da7d9a4c777e147c05e1f1f6ddbcd52a8ba40ef,d4962939ac7ba9cd83e71c8f0953444fe5a130dbfaeaafeb1e362fb5c9af2598,,Проверить применимость по назначению; README не дал архитектурных сигналов,False
chaosprint/asak,https://github.com/chaosprint/asak,audio_dsp,"A cross-platform audio recording/playback CLI tool with TUI, written in Rust.",Rust,370,False,2026-04-11T21:57:10Z,MIT,metadata_manual_readme_automated,ok,a6d7b9fb1f5ad861d9031eea19e21f0915153ea5,9d0aefc0181d66ec224e61885286b87d8d6f907c7af046ff1b77ac37376c1403,,Проверить применимость по назначению; README не дал архитектурных сигналов,False
chaosprint/glicol,https://github.com/chaosprint/glicol,audio_dsp,Graph-oriented live coding language and music/audio DSP library written in Rust,Rust,2994,False,2025-04-06T14:42:57Z,MIT,metadata_manual_readme_automated,ok,b93c45798ffe2e89d203e4497082ffd20f41e9b7,ce2414bc1584475139acbca81fe50fee809cf3fa4795b0c894e8b2f2537ee86f,modularity,Проверить границы модулей и контракт расширений,False
chatop2020/AKStream,https://github.com/chatop2020/AKStream,streaming_transport,"AKStream是一套全平台(Linux,MacOS,Windows)、全架构(X86_64,Arm...)、全功能的流媒体管理控制接口平台。集成GB28181,RTSP,RTMP,HTTP等设备推拉流控制、PTZ控制、音视频文件录制管理、音视频文件裁剪合并等功能与一体",C#,1531,False,2026-08-13T02:02:18Z,MIT,metadata_manual_readme_automated,ok,164c45946e889ede5ba6c292cb0cbdf2f3daafc6,d7847c373180421283c3154fca46f5f4bbba773b3c4d50c139a1dae2d7f0d6c3,scheduling,"Проверить очереди, ожидание и бюджет параллелизма",False
CherryPerry/VideoCrop,https://github.com/CherryPerry/VideoCrop,codec_hardware,Crop video with Android Media Codec API,Kotlin,49,True,2024-03-17T23:01:17Z,WTFPL,metadata_manual_readme_automated,ok,b2b4216efcf9af2bf6d937911b4a6719b1088c84,c9f8d685f22dbed20b9d490abe5505cec81f071f11099021aaad1f34face8997,,Проверить применимость по назначению; README не дал архитектурных сигналов,False
ChillingVan/AndroidInstantVideo,https://github.com/ChillingVan/AndroidInstantVideo,streaming_transport,"展现Android硬编码下的视频数据流动，可以对视频做处理，例如加滤镜，加水印等，做直播推流（用RTMP）。  Show the stream of Android video hardware encode, including video processing and video publishing by RTMP.",Java,722,False,2022-12-18T15:26:08Z,Apache-2.0,metadata_manual_readme_automated,ok,d41e6509765604dd77ca6b60d9cddd27482f2444,f1c8c6b9635ad64cb9bab265c77e1b5402d95412db6fdbac73a37044527661b0,scheduling,"Проверить очереди, ожидание и бюджет параллелизма",False
chromeos/cros-codecs,https://github.com/chromeos/cros-codecs,codec_hardware,"A lightweight, simple, low-dependency, and hopefully safe crate for hardware-accelerated video decoding and encoding on Linux. (read-only mirror of https://android.googlesource.com/platform/system/cros-codecs/)",Rust,75,False,2025-06-18T19:15:43Z,BSD-3-Clause,selected_source_excerpts,ok,4da41fc3b070acab3eb316f109050b4920470332,af8fa927628e29a229953b04122cf6161eea3b42f52a883a84278e348b3e2cb5,gpu; modularity,Проверить передачу GPU-поверхностей и синхронизацию; Проверить границы модулей и контракт расширений,False
cisco/openh264,https://github.com/cisco/openh264,targeted_library_framework,Open Source H.264 Codec ,C++,6142,False,2026-09-04T08:08:40Z,BSD-2-Clause,metadata_manual_readme_automated,ok,2184aeec059fa71afbef2a6c5cf85057d2ba0610,af1e190473efb146dc59a7b2a5c9ccdaae00c76a4c22fe9902627ae1434b6ee8,scheduling,"Проверить очереди, ожидание и бюджет параллелизма",False
cisco/thor,https://github.com/cisco/thor,codec_hardware,Thor Video Codec,C,701,False,2018-08-08T19:06:20Z,BSD-2-Clause,metadata_manual_readme_automated,ok,f1828c97b10ef2f161329c27759a1344890dd54e,d38f1152274eed97464ce83418c9fec09d105d7819206d5e166df4346d3565da,,Проверить применимость по назначению; README не дал архитектурных сигналов,False
CivelXu/iOS-Lame-Audio-transcoding,https://github.com/CivelXu/iOS-Lame-Audio-transcoding,transcoding_product,AVAudioRecorder,C,134,False,2019-07-02T02:46:46Z,UNKNOWN,metadata_manual_readme_automated,ok,a36f16406deff3b80bd361d739b43daef8f93c92,522b862bf61f08bcc02cf5b85cd95a37d8e2a1302a5b3a7eda11bfdea284b8fe,scheduling,"Проверить очереди, ожидание и бюджет параллелизма",False
clydemcqueen/gscam2,https://github.com/clydemcqueen/gscam2,streaming_transport,"ROS2 camera driver for GStreamer-based video streams, supports intra-process communication",C++,137,False,2026-06-26T15:54:27Z,UNKNOWN,metadata_manual_readme_automated,ok,1de31ea87491ae93b9d4da578418008915a73b90,a39a526178221fb826c6c5f6e99a776438d886598877614e3ac27a6171277672,scheduling; time; modularity,"Проверить очереди, ожидание и бюджет параллелизма; Проверить временные шкалы, задержку и discontinuity; Проверить границы модулей и контракт расширений",False
CmST0us/VideoCodecKit,https://github.com/CmST0us/VideoCodecKit,codec_hardware,iOS macOS 编解码库 脱离ffmpeg等外部依赖 支持H.264 H.265裸流播放 硬件编解码 rtmp推流等. New Version: https://github.com/CmST0us/MediaIO,Objective-C,101,False,2020-03-07T15:54:03Z,UNKNOWN,metadata_manual_readme_automated,ok,c3396abddd6755cbfe20b94469a06be3522bef5f,008ccdc50d21b369ef733514363feb9fd1f8cd01789c9d6b67fa18b75fb064c1,gpu,Проверить передачу GPU-поверхностей и синхронизацию,False
coherence-project/Coherence,https://github.com/coherence-project/Coherence,streaming_transport,DLNA/UPnP Media Server and Framework for the Digital Living,Python,174,True,2018-06-29T07:21:37Z,MIT,metadata_manual_readme_automated,ok,b71387837aad1dba08b46b1e88f788e8c13161d8,716b97ea0cb98f8ba2d842f709e3b7b3212fd73cca04b69cd611c4ea138cd59f,modularity,Проверить границы модулей и контракт расширений,False
Comedian1926/OpenFMV,https://github.com/Comedian1926/OpenFMV,editor_compositor,"Local-first visual editor for creating interactive videos, branching stories, and standalone desktop narrative experiences.",TypeScript,221,False,2026-06-26T08:39:37Z,MIT,metadata_manual_readme_automated,ok,ddbe61fe5df3c9548e0690ef74b2ae16b841d9b2,12c4446f8c7c92e6fcca1f9cbe81a0f4654f1928ea98635cdf5dbb018c3df2bf,modularity,Проверить границы модулей и контракт расширений,False
cool-japan/oximedia,https://github.com/cool-japan/oximedia,processing_framework,"OxiMedia is the Sovereign Media Framework - A patent-free, memory-safe multimedia processing library written in pure Rust. Pure Rust reconstruction of both FFmpeg (multimedia processing) and OpenCV (computer vision) — unified in a single cohesive framework.",Rust,253,False,2026-08-14T03:49:14Z,NOASSERTION,selected_source_excerpts,ok,9c06156dc0f13537620e297b413d0d31451ac1a5,27e8fee544f271c58d761e30c0313446c5b9346d8b3483b3160361e52005f007,memory; scheduling; gpu; time; quality; modularity,"Проверить владение, лимиты памяти и жизненный цикл буферов; Проверить очереди, ожидание и бюджет параллелизма; Проверить передачу GPU-поверхностей и синхронизацию; Проверить временные шкалы, задержку и discontinuity; Проверить корпус, качество и воспроизводимость метрик; Проверить границы модулей и контракт расширений",False
CPJKU/madmom,https://github.com/CPJKU/madmom,audio_dsp,Python audio and music signal processing library,Python,1707,False,2026-03-20T09:38:58Z,NOASSERTION,metadata_manual_readme_automated,ok,dd99bbf42ed7587a85cd3b060ed8793b784faf98,41a9e3985968659fc22bf483eb09ac7b9d00bf45c9e19b264ee0026d46660cc0,,Проверить применимость по назначению; README не дал архитектурных сигналов,False
CreateChance/SimpleVideoEditor,https://github.com/CreateChance/SimpleVideoEditor,editor_compositor,"Video editor library for android, implemented with android media framework and opengl es 2.0.",Java,44,False,2018-08-28T11:18:26Z,Apache-2.0,metadata_manual_readme_automated,ok,fff10ad82e5485a6e7208d39af9e3a52b8431411,bfad179ca475d56403c00dc1abfb7caa7870cbfa9f1008e14b7772e9551fad59,,Проверить применимость по назначению; README не дал архитектурных сигналов,False
crosire/reshade,https://github.com/crosire/reshade,processing_framework,A generic post-processing injector for games and video software.,C++,5428,False,2026-09-02T22:44:02Z,BSD-3-Clause,metadata_manual_readme_automated,ok,03784d26aa2b8999e6c9a0aca6e39bfcb1b5182c,7e9635153b5c74d18d6a10ae2968b2ec5180e127911b6e3ff1a32d8091bd5775,,Проверить применимость по назначению; README не дал архитектурных сигналов,False
csteinmetz1/dasp-pytorch,https://github.com/csteinmetz1/dasp-pytorch,audio_dsp,Differentiable audio signal processors in PyTorch,Python,298,False,2023-12-04T08:06:18Z,Apache-2.0,metadata_manual_readme_automated,ok,12de725dc997ee999ad04831c99bb062f1ec29e6,eab8f8c945010ef133d977e35d27320462a176fa170e5f40e467c263bdef5008,gpu,Проверить передачу GPU-поверхностей и синхронизацию,False
CutWire-Studios/Drift,https://github.com/CutWire-Studios/Drift,editor_compositor,"Drift is a free, open-source, beginner-friendly desktop video editor built with Qt 6 and FFmpeg.",C++,577,False,2026-09-04T16:37:42Z,GPL-3.0,metadata_manual_readme_automated,ok,8b7967e6eb2ca9d19865ca1994724b05282dd15d,c89f2a1a43865d81231912a4c716b9be9f64bb879a03b4d0b3c89fbe9ebeb315,gpu,Проверить передачу GPU-поверхностей и синхронизацию,False
cycfi/q,https://github.com/cycfi/q,audio_dsp,C++ Library for Audio Digital Signal Processing,C++,1420,False,2026-09-02T10:02:40Z,BSL-1.0,metadata_manual_readme_automated,ok,bc20f7e14f0c5b2d06a2463b571ebea23936ccbe,bd37cc27a1c4bd44eccb559fd1ae9d721a467ffb1ff1385771a9122605bb2027,modularity,Проверить границы модулей и контракт расширений,False
daem-on/fwf,https://github.com/daem-on/fwf,editor_compositor,HTML video editor with FFmpeg,JavaScript,262,False,2021-01-18T13:58:59Z,MIT,metadata_manual_readme_automated,ok,4837037b522c5b2c0cada196c6d3b11aab9323ff,b327dd8be61c8062d34e313dab7c19ed4983775ff920a751ffef3468b6f80a7d,modularity,Проверить границы модулей и контракт расширений,False
daniulive/SmarterStreaming,https://github.com/daniulive/SmarterStreaming,streaming_transport,业内为数不多致力于极致体验的超强全自研跨平台(windows/linux/android/iOS)流媒体内核，通过模块化自由组合，支持实时RTMP推流、RTSP推流、RTMP播放器、RTSP播放器、录像、多路流媒体转发、音视频导播、动态视频合成、音频混音、直播互动、内置轻量级RTSP服务等，比快更快，业界真正靠谱的超低延迟直播SDK(延迟低至100~200ms)。,Java,11172,False,2026-04-15T02:19:00Z,UNKNOWN,metadata_manual_readme_automated,ok,2b172c4ad94745e0967b4357b28d7340a6ba0c17,bb781e57701fcba82e005ca2f8ef0c0964720f4f59f6b961490c4b8d9c92eb51,,Проверить применимость по назначению; README не дал архитектурных сигналов,False
DataAnts-AI/CutScript,https://github.com/DataAnts-AI/CutScript,editor_compositor,Open-source AI-powered text-based video editor. Edit video by editing text.,TypeScript,226,False,2026-03-06T16:19:23Z,MIT,metadata_manual_readme_automated,ok,5873147847bf505a3eac3ca30dbfcf6bb9c74a1a,6fc9cbf9b7993e6914fe09bf90876766ad0209cf4dccc5b6684f224eb235828f,gpu; modularity,Проверить передачу GPU-поверхностей и синхронизацию; Проверить границы модулей и контракт расширений,False
datarhei/core,https://github.com/datarhei/core,streaming_transport,"datarhei Core is management for FFmpeg processes without development effort. Whether your streaming has one viewer or a million, we have the tools to help you develop, deploy and manage any video project at any stage. We've solved the challenging problems so you can focus on your application, not your infrastructure.",Go,279,False,2026-09-03T22:47:14Z,Apache-2.0,metadata_manual_readme_automated,ok,bd92149eda2b7c2ea83157b519991af32795fbbe,0782ee0de9925056fb5edc9682bc296b3fad1d6e401b25e06aabd0b9aa1add50,gpu,Проверить передачу GPU-поверхностей и синхронизацию,False
datarhei/restreamer,https://github.com/datarhei/restreamer,streaming_transport,"The Restreamer is a complete streaming server solution for self-hosting. It has a visually appealing user interface and no ongoing license costs. Upload your live stream to YouTube, Twitch, Facebook, Vimeo, or other streaming solutions like Wowza. Receive video data from OBS and publish it with the RTMP and SRT server.",HTML,5185,False,2026-05-22T06:57:59Z,Apache-2.0,metadata_manual_readme_automated,ok,2c0e36d6caa29f24add9b4314b0c99456e83da20,00b2eeeaf4d9e481f9bbd54f4d659728917cc6a8c9fe5538efaf2d83590069eb,gpu; modularity,Проверить передачу GPU-поверхностей и синхронизацию; Проверить границы модулей и контракт расширений,False
DBraun/DawDreamer,https://github.com/DBraun/DawDreamer,audio_dsp,"Digital Audio Workstation with Python; VST instruments/effects, parameter automation, FAUST, JAX, Warp Markers, and JUCE processors",C++,1290,False,2026-09-01T04:25:36Z,GPL-3.0,metadata_manual_readme_automated,ok,4c02b4f0e6b2027d18b8b69dcca6ae13fc329e77,bc571ec439754cd7c97420a9a7cf8cfb71af6497d6e54ef64aa41d7203ef132b,modularity,Проверить границы модулей и контракт расширений,False
ddf/Minim,https://github.com/ddf/Minim,audio_dsp,"A Java audio library, designed to be used with Processing.",Java,678,False,2023-02-11T01:50:54Z,LGPL-3.0,metadata_manual_readme_automated,ok,b233b8fa44155ea46fee68467979cc115d0b0d7b,0d89575874dc6ae6a72868ec0df90e7f7f3cf520fef750d58b5dd457096f2204,,Проверить применимость по назначению; README не дал архитектурных сигналов,False
ddssingsong/webrtc_android,https://github.com/ddssingsong/webrtc_android,streaming_transport,webrtc VideoCall VideoConference  视频通话 视频会议,Java,1720,False,2025-01-09T05:55:34Z,MIT,metadata_manual_readme_automated,ok,ba7a5913163f6b185dcb0faa010d05f28222f5f9,411913018fdffcb06e9937df6d3ffbde0d434e886dc7118afa96626381bc2ba1,,Проверить применимость по назначению; README не дал архитектурных сигналов,False
deeeed/audiolab,https://github.com/deeeed/audiolab,audio_dsp,"Cross-platform audio processing SDK for React Native — streaming, recording, analysis, visualization, and on-device inference",TypeScript,337,False,2026-08-25T09:38:41Z,MIT,metadata_manual_readme_automated,ok,d3a55dcca58e41f12ff04883181fcdbd6f5ba837,c0b155b6bbb6cb945708a37d167e263b59a64223a175cbdbc9726d40c0e8638f,time,"Проверить временные шкалы, задержку и discontinuity",False
deepch/RTSPtoWeb,https://github.com/deepch/RTSPtoWeb,streaming_transport,RTSP Stream to WebBrowser,JavaScript,1693,False,2026-09-03T20:51:15Z,MIT,metadata_manual_readme_automated,ok,f334af880c57e7627f0cf507ad5db86bc113a20a,0b0219d9486ccdee5404a9968ca685c7c9fc50d741236bde69f0a5702d356ac9,scheduling; modularity,"Проверить очереди, ожидание и бюджет параллелизма; Проверить границы модулей и контракт расширений",False
deepch/RTSPtoWebRTC,https://github.com/deepch/RTSPtoWebRTC,streaming_transport,RTSP to WebRTC use Pion WebRTC,JavaScript,1788,False,2026-09-03T04:53:34Z,MIT,metadata_manual_readme_automated,ok,ac0867ec1a1cc12ec9e31c3c4c01c644b2ad56da,0cf5b60f90265a82128e911f70089f752f23179c9c58cb65ae967c0d4a91ad40,,Проверить применимость по назначению; README не дал архитектурных сигналов,False
deepch/vdk,https://github.com/deepch/vdk,container_metadata,A set of libraries for building streaming services. RTSP RTMP MP4 WS TS DASH WEBRTC MP4f,Go,482,False,2026-09-04T05:17:09Z,MIT,metadata_manual_readme_automated,ok,b17b12369e2b88f46b121a6a8b2fa1b3602533d6,2a6f5840f2acf07c9114c7ab6c9b164f0e7d9a83e6a3d455cdcb47fe9948002a,,Проверить применимость по назначению; README не дал архитектурных сигналов,False
deepmedia/Transcoder,https://github.com/deepmedia/Transcoder,transcoding_product,"🎞 Hardware-accelerated video transcoding using Android MediaCodec APIs. Supports cropping, concatenation, clipping, audio processing, video speed and much more.",Java,864,False,2024-11-05T03:24:32Z,Apache-2.0,metadata_manual_readme_automated,ok,4b553a52f8285c2c508d918eb7ba6d75ca21c9fd,ef0fbbdb5cf2e17497e8ef6c0f5bf220ceaba4274456af5d7a21738718218a17,time,"Проверить временные шкалы, задержку и discontinuity",False
derekshreds/Snacks,https://github.com/derekshreds/Snacks,transcoding_product,Automated transcoding for your video and music libraries,C#,193,False,2026-08-29T02:22:07Z,MIT,metadata_manual_readme_automated,ok,b4d2fcbc8cdc2bae6e0b82ec4df760e38ee8618b,11c01e31ac0c32e26416757255eac21777aa25e1cae7e63da72d83cccb36d69e,scheduling; gpu; modularity,"Проверить очереди, ожидание и бюджет параллелизма; Проверить передачу GPU-поверхностей и синхронизацию; Проверить границы модулей и контракт расширений",False
devhyper/open-video-editor,https://github.com/devhyper/open-video-editor,editor_compositor,"Open source Android video editor, built with Media3 and Jetpack Compose.",Kotlin,723,False,2026-08-26T22:51:27Z,GPL-3.0,metadata_manual_readme_automated,ok,378843029887d05f72259804e31fe7fbbd746701,5ae01fd8e7872e433cbbd0b6080f321ea1c95107ce16c62c578c7dd04f277aff,,Проверить применимость по назначению; README не дал архитектурных сигналов,False
devsnd/python-audiotranscode,https://github.com/devsnd/python-audiotranscode,transcoding_product,"transcode using installed codecs (lame mp3, ogg vorbis, flac, aac, wav)",Python,104,False,2016-01-12T01:49:24Z,GPL-3.0,metadata_manual_readme_automated,ok,e66e88e77897efeb060ce386dbc5030478f4a63b,a2bc01cc0a1432ad424cac225b50f3c89f0b76bc84b719fc3281d3fd55119dee,,Проверить применимость по назначению; README не дал архитектурных сигналов,False
dheijl/swyh-rs,https://github.com/dheijl/swyh-rs,streaming_transport,"Stream What You Hear written in rust, inspired by SWYH.",Rust,599,False,2026-09-04T19:05:33Z,MIT,metadata_manual_readme_automated,ok,63f13903880b981bc747b6dc84c0d969f7a0a563,7ee40a4a202c055fad7274286f03ab7dcee5c10da953ca638b887acd9316d0cc,scheduling; time; modularity,"Проверить очереди, ожидание и бюджет параллелизма; Проверить временные шкалы, задержку и discontinuity; Проверить границы модулей и контракт расширений",False
dhowden/tag,https://github.com/dhowden/tag,container_metadata,"ID3, MP4 and OGG/FLAC metadata parsing in Go",Go,654,False,2024-07-30T21:17:31Z,BSD-2-Clause,metadata_manual_readme_automated,ok,dbc05e0c2f00d8cdfdc60cd2ed38e886168c4c42,b935ceb030df036e69d94eb2d6f1efc9a66d14a2e94f70a9f3cbd5c8cdf2df67,,Проверить применимость по назначению; README не дал архитектурных сигналов,False
diffusionstudio/editor,https://github.com/diffusionstudio/editor,editor_compositor,"An open-source video editor built for agents. Edits become code, code becomes video.",TypeScript,2451,False,2026-09-03T18:31:37Z,MPL-2.0,metadata_manual_readme_automated,ok,ae64b8832c83bdc86ca8bf5f7105857a710ecd5a,e7383ac095e47f9e07abf2c81b6171161a554771829baa8b30b84d69cc521a14,gpu; time; modularity,"Проверить передачу GPU-поверхностей и синхронизацию; Проверить временные шкалы, задержку и discontinuity; Проверить границы модулей и контракт расширений",False
divideon/xvc,https://github.com/divideon/xvc,codec_hardware,a world-class video codec ,C++,124,False,2025-07-03T12:21:39Z,LGPL-2.1,metadata_manual_readme_automated,ok,6c12dfc576d74c2c6400a5455404ebfb1489cc15,89284830a6bc26d21836a26fa4650bccfc8d80a283a7b374fe84e4cc39c6ac3e,,Проверить применимость по назначению; README не дал архитектурных сигналов,False
dmnsgn/canvas-record,https://github.com/dmnsgn/canvas-record,container_metadata,"Record a video in the browser or directly on the File System from a canvas region (2D/WebGL/WebGPU) as MP4, WebM, MKV, MOV, GIF, PNG/JPG Sequence using WebCodecs and Wasm when available.",JavaScript,431,False,2026-07-14T21:26:59Z,MIT,metadata_manual_readme_automated,ok,af0a423a06c59d62656b1c2bf2f7f723e29c39e2,dac72f5ebb30c305c1cf89db7ebbcb08e0c6ff4a3a4fc83d247de4ce6398a2b9,gpu,Проверить передачу GPU-поверхностей и синхронизацию,False
dmotz/trystero,https://github.com/dmotz/trystero,streaming_transport,"✨🤝✨ Build instant multiplayer webapps, no server required — Magic WebRTC matchmaking over BitTorrent, Nostr, MQTT, IPFS, Supabase, and Firebase",TypeScript,2730,False,2026-08-31T17:12:12Z,MIT,metadata_manual_readme_automated,ok,b13e226a86f2d1e53ce9fbb9a65d670fb7069fc4,010513f03da0bdf078484b817b6023971e3a08d9db0abe37a93fd311ebd0dffa,scheduling; time; modularity,"Проверить очереди, ожидание и бюджет параллелизма; Проверить временные шкалы, задержку и discontinuity; Проверить границы модулей и контракт расширений",False
DolbyLaboratories/dlb_mp4base,https://github.com/DolbyLaboratories/dlb_mp4base,container_metadata,"The Dolby MP4 streaming muxer (dlb_mp4base) is a software implementation of a muxer of fragmented or unfragmented ISO base media file format (mp4). It supports muxing of Dolby Digital (AC-3), Dolby Digital Plus (E-AC-3), and Dolby AC-4 audio formats as well as Dolby Vision.",C,280,False,2026-04-17T08:18:55Z,BSD-3-Clause,metadata_manual_readme_automated,ok,fb4a74c73c0f09ab8d86243657bf5dc3f74f9c44,848adb325743ab52268fdb835eaa1efbbb0d65930d1e58d36652e926c1e34da2,,Проверить применимость по назначению; README не дал архитектурных сигналов,False
drawcall/FFCreatorLite,https://github.com/drawcall/FFCreatorLite,processing_framework,A lightweight and fast short video processing library based on node.js,JavaScript,312,False,2023-03-05T00:28:31Z,MIT,metadata_manual_readme_automated,ok,fab7570c36f0f55ab4a8938b37b089095ee995e3,93a7f6e1068374d5e52cddf5a6796af3ab6de67ce5df828bb6516e7aa0a5a32a,,Проверить применимость по назначению; README не дал архитектурных сигналов,False
dturing/node-gstreamer-superficial,https://github.com/dturing/node-gstreamer-superficial,integration_wrapper,Superficial gstreamer binding,C++,139,False,2026-07-10T23:14:46Z,MIT,metadata_manual_readme_automated,ok,5fb14588fc46fd3ad447e6fa34fbc5aad23c5932,3412932072c5d140c46fb97ee139ae1d0676f80e722da91fdf85b86d7faef26d,scheduling; modularity,"Проверить очереди, ожидание и бюджет параллелизма; Проверить границы модулей и контракт расширений",False
duanyao/codecbox.js,https://github.com/duanyao/codecbox.js,integration_wrapper,video and audio codecs for javascript based on ffmpeg and asm.js,JavaScript,30,False,2023-04-16T20:37:55Z,NOASSERTION,metadata_manual_readme_automated,ok,bd33ebabda1127bf133fa5a5a7691a7e70703813,18858581024ead06e88eccedccf535bc47551df9b048c0339651a3de26686234,,Проверить применимость по назначению; README не дал архитектурных сигналов,False
Dusk-Labs/dim,https://github.com/Dusk-Labs/dim,processing_framework,"Dim, a media manager fueled by dark forces.",Rust,4118,False,2025-09-21T23:13:17Z,AGPL-3.0,metadata_manual_readme_automated,ok,d6992b424a09baded3e5624d023b75c9aaa3a529,9578b2edb3c49a61aa0e5e9fa2c3fc340328ae2bbbe1430a0fcd08242324e954,gpu,Проверить передачу GPU-поверхностей и синхронизацию,False
Dusk-Labs/nightfall,https://github.com/Dusk-Labs/nightfall,transcoding_product,Easy to use lib for creating on-demand transcoding sessions for efficient media playback.,Rust,72,False,2024-07-04T18:57:38Z,UNKNOWN,metadata_manual_readme_automated,ok,568d69fdb7f465facf4f3f650f8519405d66a1c5,3852c01f5afc092ee1dd094fd3d306f127dc5a07d0087880e325f5f0305083da,,Проверить применимость по назначению; README не дал архитектурных сигналов,False
DylanMeeus/GoAudio,https://github.com/DylanMeeus/GoAudio,audio_dsp,Go tools for audio processing & creation 🎶,Go,431,False,2024-04-23T13:32:58Z,MIT,metadata_manual_readme_automated,ok,cf02baab4a1736f5278ac34d1e039cffe0184109,fb61f3c4f6850ee77ec03e49b66c5210e8294370c038b9148ea4bd1925462749,,Проверить применимость по назначению; README не дал архитектурных сигналов,False
EasyDarwin/EasyDarwin,https://github.com/EasyDarwin/EasyDarwin,streaming_transport,"open source、high performance、industrial rtsp streaming server,a lot of optimization on streaming relay,KeyFrame cache,RESTful,and web management,also EasyDarwin support distributed load balancing,a simple streaming media cloud platform architecture.",HTML,6835,False,2026-04-07T06:59:14Z,MIT,metadata_manual_readme_automated,ok,10f7569fc72567b7125cc4571c8b5f0607396826,bb2e0f39e02be088e34b5098d9056bbe0e432d777173d3d859ef78a8d3da0881,,Проверить применимость по назначению; README не дал архитектурных сигналов,False
edumeet/edumeet,https://github.com/edumeet/edumeet,streaming_transport,edumeet - multiparty web-meetings using mediasoup and WebRTC,Shell,1349,False,2026-09-04T13:41:56Z,MIT,metadata_manual_readme_automated,ok,aa73773e76eb9aa3962750f1d5bdb0dd437b1e6e,e9556429f19b41e19f0a64bd38f70abd5aca6123a3f1ee5d72e49a5f77245c82,,Проверить применимость по назначению; README не дал архитектурных сигналов,False
eibols/ffmpeg_batch,https://github.com/eibols/ffmpeg_batch,transcoding_product,FFmpeg Batch AV Converter,C#,1563,False,2026-07-09T06:22:16Z,LGPL-2.1,metadata_manual_readme_automated,ok,91e0b6cc396da44297bf343062dc4a5a4f08ce26,5bddcf2d5535ec5b697e22ba6c5cb3083a36bcdfb8c03a93177bc428b406e791,gpu,Проверить передачу GPU-поверхностей и синхронизацию,False
elemaudio/elementary,https://github.com/elemaudio/elementary,audio_dsp,Elementary is a JavaScript library for digital audio signal processing.,C,512,False,2026-01-19T19:25:43Z,MIT,metadata_manual_readme_automated,ok,8e22dd258639949976a0962cf7540300b1ce194b,465207091770d59a84a6bdb7cb7d64690d08eb8ba9c4c751990018f7af2d9ac3,modularity,Проверить границы модулей и контракт расширений,False
eleven-am/frames,https://github.com/eleven-am/frames,container_metadata,"Frames is a modern SVOD (Streaming Video on Demand) streaming service built with React and NestJS. It allows you to stream MP4 files from virtually any provider including local storage, S3, Dropbox, Google Drive, and more.",TypeScript,502,False,2025-11-07T18:09:33Z,GPL-3.0,metadata_manual_readme_automated,ok,e50cc9f82ae472345733cd5ba8ddde93d3d3299a,859aa7dc2026c484e03141180f398b7773d25d99643da9c49d5b8791c24b7495,scheduling; time,"Проверить очереди, ожидание и бюджет параллелизма; Проверить временные шкалы, задержку и discontinuity",False
emarsden/dash-mpd-cli,https://github.com/emarsden/dash-mpd-cli,processing_framework,Download media content from a DASH-MPEG or DASH-WebM MPD manifest,Rust,557,False,2026-08-30T10:14:09Z,MIT,metadata_manual_readme_automated,ok,a2a679739fdf0001a8038909a62d5c68d121b3fa,413aabba692f3ad93c3cf058f4893769cb7dbcae81015a204cb3bfe37dfe6980,memory,"Проверить владение, лимиты памяти и жизненный цикл буферов",False
emericg/MiniVideo,https://github.com/emericg/MiniVideo,processing_framework,"A multimedia framework developed from scratch in C/C++, bundled with test programs and a neat media analyzer.  ",C++,92,False,2026-07-22T13:57:34Z,LGPL-3.0,metadata_manual_readme_automated,ok,558c4d6ab622859b5e2b36f06efc56b2a1ed6cf2,3197196091efffae0405ada1cb0805bba06211bf8914981f6b1c60d39b4b39cf,,Проверить применимость по назначению; README не дал архитектурных сигналов,False
epengao/EPlayer,https://github.com/epengao/EPlayer,playback,"This is a media player SDK and media player application projects,  base on FFmeg and SDL&SDL2. Media Player MediaEngine MediaFramework Framework [开源多媒体引擎 开源播放器 开源多媒体框架 开源播放器框架 开源视频播放器]",C++,44,False,2022-09-01T07:08:43Z,GPL-3.0,metadata_manual_readme_automated,ok,7288f0011698d128a7d036364ad4e688d089bee4,ed7a6ac535fb30060bf62e46ef83a8490bcb4adf0db74dcf3fdea1a717fb5b79,,Проверить применимость по назначению; README не дал архитектурных сигналов,False
epheterson/immich-apple-silicon,https://github.com/epheterson/immich-apple-silicon,transcoding_product,"Maximize Apple Silicon usage with Immich in Docker — ML, VideoToolbox transcoding, Core Image thumbnails",Python,126,False,2026-09-02T04:58:13Z,MIT,metadata_manual_readme_automated,ok,48a4762b7ee01b90e340e6329831e693c0ff99bc,49c24888229e667a1ac020410f46ed58ecc4184bfc95b80f593811ea827f6c96,gpu; modularity,Проверить передачу GPU-поверхностей и синхронизацию; Проверить границы модулей и контракт расширений,False
EpicGames/NdiMedia,https://github.com/EpicGames/NdiMedia,processing_framework,Media Framework plug-in for NewTek's Network Device Interface (NDI).,C++,114,True,2020-01-22T22:21:36Z,BSD-3-Clause,metadata_manual_readme_automated,ok,a8b7304ffb57603bff915240ba61cdc4e84afd0a,5725a48753ea644c6a21526d89a6d6e37b139ac0c56d54dcf3d0de211b42ca42,modularity,Проверить границы модулей и контракт расширений,False
EpicGames/VlcMedia,https://github.com/EpicGames/VlcMedia,codec_hardware,Media Framework plug-in using the Video LAN Codec (libvlc).,C++,288,True,2022-02-24T08:50:56Z,BSD-3-Clause,metadata_manual_readme_automated,ok,669ac941f9b565408172c657225418cc045cdfa2,beace3487ba747a4ae393c9d5c5de6b40555fbaf4fb48ec1a4cfc252cf97ebbe,modularity,Проверить границы модулей и контракт расширений,False
EricssonResearch/openwebrtc,https://github.com/EricssonResearch/openwebrtc,streaming_transport,A cross-platform WebRTC client framework based on GStreamer,C,1822,False,2022-03-15T11:26:18Z,BSD-2-Clause,metadata_manual_readme_automated,ok,ee5c07e5d482e9b88a235c0d2f62e0bcc70dec2d,c70781d5981d80ec253aa13322dcbdd93f347d5649d2944d7a3d615fba3350a7,modularity,Проверить границы модулей и контракт расширений,False
ErsatzTV/next,https://github.com/ErsatzTV/next,transcoding_product,Transcode and stream your media as live TV channels.,Rust,179,False,2026-08-29T22:05:58Z,MIT,metadata_manual_readme_automated,ok,a94c443ab55a8757d7c4de61a0967cf4e11789d3,57080de39f7d35aa8c4b7ca46b2831c4f04f81af34ae7d70ee284dd10b5df2e0,scheduling; modularity,"Проверить очереди, ожидание и бюджет параллелизма; Проверить границы модулей и контракт расширений",False
Eventual-Inc/Daft,https://github.com/Eventual-Inc/Daft,audio_dsp,"High-performance data engine for AI and multimodal workloads. Process images, audio, video, and structured data at any scale",Rust,5746,False,2026-09-04T18:05:44Z,Apache-2.0,metadata_manual_readme_automated,ok,b313c7ca2e5d8143f472de322e0926f6c25f9ad1,538263a6e8ca01bde751de4c732371db94fb34b5ad365867238da7fffeb77b79,,Проверить применимость по назначению; README не дал архитектурных сигналов,False
evgenity/react-html5-video-editor,https://github.com/evgenity/react-html5-video-editor,editor_compositor,React / Redux video component with crop. Powers demo video editor at,JavaScript,154,False,2016-09-21T14:59:46Z,GPL-3.0,metadata_manual_readme_automated,ok,7f07d954eed40a7350181453a0eaa50f71729791,0c02edbdef3f39bf4d465080bf5058d4c30ded8b6156406c01467203f39409d5,,Проверить применимость по назначению; README не дал архитектурных сигналов,False
excamera/alfalfa,https://github.com/excamera/alfalfa,codec_hardware,"Purely functional video codec, used for ExCamera and Salsify",C++,1203,False,2023-06-07T15:02:52Z,GPL-2.0,metadata_manual_readme_automated,ok,9b7fcbe3861aa1252afd52f548471b5e6c7bfe55,989d40304b2441906407f3edddf7f456df1fcb1ec6b0dbc3e33bcf41a114caaf,quality,"Проверить корпус, качество и воспроизводимость метрик",False
Eyevinn/mp4ff,https://github.com/Eyevinn/mp4ff,container_metadata,"Library and tools for working with MP4 files containing video, audio, subtitles, or metadata. The focus is on fragmented files. Includes mp4ff-info, mp4ff-encrypt, mp4ff-decrypt and other tools.",Go,654,False,2026-09-04T09:09:19Z,MIT,metadata_manual_readme_automated,ok,60b201ffe3decfd228650fd68959d27842b1f27b,35437ddf72e1fce912da8d43e9b449c51f58ad6538ba750c19b5acf8fcbe5cc6,memory; time,"Проверить владение, лимиты памяти и жизненный цикл буферов; Проверить временные шкалы, задержку и discontinuity",False
Eyevinn/strom,https://github.com/Eyevinn/strom,streaming_transport,Gstreamer GUI and flow engine,Rust,67,False,2026-09-04T08:55:01Z,Apache-2.0,metadata_manual_readme_automated,ok,43ea5ab90fcedb0cd5abb2f8ed952727c2b21cf3,66097ee55eff8cfaf4e682ce116b619eb5c7c99474a431e856acc309908e20b7,gpu; modularity,Проверить передачу GPU-поверхностей и синхронизацию; Проверить границы модулей и контракт расширений,False
facebookresearch/audiocraft,https://github.com/facebookresearch/audiocraft,codec_hardware,"Audiocraft is a library for audio processing and generation with deep learning. It features the state-of-the-art EnCodec audio compressor / tokenizer, along with MusicGen, a simple and controllable music generation LM with textual and melodic conditioning.",Jupyter Notebook,23607,False,2026-03-03T21:50:32Z,MIT,metadata_manual_readme_automated,ok,67218f87ffd5d3a9f701321f5944d635347cf897,0240bd901c60c42508680e6beb580574836fd44b8476e721f811831fd2780638,,Проверить применимость по назначению; README не дал архитектурных сигналов,False
faiface/beep,https://github.com/faiface/beep,audio_dsp,A little package that brings sound to any Go application. Suitable for playback and audio-processing.,Go,2220,False,2024-03-19T19:50:56Z,MIT,metadata_manual_readme_automated,ok,b43c6918cb0d4ef6e40be22a5aea7be9c8ac222f,ef57d24f85b51830a84ba368392981f4d7e6ad96dcc2424005da580746834982,,Проверить применимость по назначению; README не дал архитектурных сигналов,False
FallingSnow/h265ize,https://github.com/FallingSnow/h265ize,codec_hardware,A node utility utilizing ffmpeg to encode videos with the hevc codec.,JavaScript,525,True,2022-12-23T18:10:22Z,MIT,metadata_manual_readme_automated,ok,777c34700e6af8ffb101cf9fb41e6c938497bf73,29ef3f149f3efd2ba1d11ede4423e4b3d1c9d66caf6d74347f7c1a2d7a30a39c,time; quality,"Проверить временные шкалы, задержку и discontinuity; Проверить корпус, качество и воспроизводимость метрик",False
feross/simple-peer,https://github.com/feross/simple-peer,streaming_transport,"📡 Simple WebRTC video, voice, and data channels",JavaScript,7801,False,2024-06-26T14:45:57Z,MIT,metadata_manual_readme_automated,ok,34b38a67441743677c5a0494a2354ea5bb7b1d7c,c8ab864f611ad7097b9379619bc4034b3904bbee0132e2cd0f69f2b1ecdeff93,,Проверить применимость по назначению; README не дал архитектурных сигналов,False
FFmpeg/FFmpeg,https://github.com/FFmpeg/FFmpeg,processing_framework,Mirror of https://git.ffmpeg.org/ffmpeg.git,C,63960,False,2026-09-04T20:38:02Z,NOASSERTION,selected_source_excerpts,ok,cb2acb1ef0926e9c315741057bc44a1727019e9c,7e30f809d40454ebc467cf473a063d7306f5eb836dca6b80668c4427d8845914,,Проверить применимость по назначению; README не дал архитектурных сигналов,False
FFmpeg/FFV1,https://github.com/FFmpeg/FFV1,codec_hardware,The FFV1 lossless video codec specification.,Shell,215,False,2025-03-28T12:01:13Z,NOASSERTION,metadata_manual_readme_automated,ok,74001ea9b9fc2b8411d2f37aab6f9b3f46071732,beb477f42cef5be3f463e97dd60cfbb9efc1c499196dd207e90a9bfa1de3884b,,Проверить применимость по назначению; README не дал архитектурных сигналов,False
ffmpegwasm/ffmpeg.wasm,https://github.com/ffmpegwasm/ffmpeg.wasm,processing_framework,"FFmpeg for browser, powered by WebAssembly",C,17779,False,2026-02-01T08:35:30Z,MIT,metadata_manual_readme_automated,ok,c45f72e5f0641702564dfedad0be8c6973aff50b,66768a187656d3e5a523442ce9e5f23a13fc5d9ab41bb5782ab6fa6a157ae5af,,Проверить применимость по назначению; README не дал архитектурных сигналов,False
fifonik/FFMetrics,https://github.com/fifonik/FFMetrics,processing_framework,"Visualizes Video Quality Metrics (PSNR, SSIM, XPSNR & VMAF) calculated by ffmpeg.exe",,1020,False,2026-05-13T00:56:46Z,UNKNOWN,metadata_manual_readme_automated,ok,452862d0a83e17bbbe174297374a8e30a7eb34c9,137cd5b6a22685cca785de44e504e48d8a4166cc33ebce9741c32d68e3834922,quality,"Проверить корпус, качество и воспроизводимость метрик",False
filoe/cscore,https://github.com/filoe/cscore,codec_hardware,"An advanced audio library, written in C#. Provides tons of features. From playing/recording audio to decoding/encoding audio streams/files to processing audio data in realtime (e.g. applying custom effects during playback, create visualizations,...). The possibilities are nearly unlimited. ",C#,2363,False,2024-07-03T15:10:43Z,NOASSERTION,metadata_manual_readme_automated,ok,b801b8e95308c2c5d3dad082159670dbaa89541d,453587d468992e8324cbcb4983b1ebfe4069760de4e579e6e296b754b5fc5a6c,time,"Проверить временные шкалы, задержку и discontinuity",False
finnvoor/Transcoding,https://github.com/finnvoor/Transcoding,transcoding_product,Simple video transcoding in Swift,Swift,75,False,2025-05-11T09:34:44Z,CC0-1.0,metadata_manual_readme_automated,ok,df0b05f7f5f7e3f92187925ff5d05b81e235a6eb,bb519e4031e75fce66d54c2851bb4a0505a3e00b0846c3e9e6cfbeaa00d3291f,time,"Проверить временные шкалы, задержку и discontinuity",False
floostack/transcoder,https://github.com/floostack/transcoder,transcoding_product,Transcoding library implementation in Golang,Go,269,True,2023-09-29T16:45:20Z,MIT,metadata_manual_readme_automated,ok,570791b68e61e0dd213d99c25c18948bdf865019,351433c5b830a07cbc8b8f7ba1f08d05fe709c0a24a8709bb5f7fb6cad7fd5e7,,Проверить применимость по назначению; README не дал архитектурных сигналов,False
fluent-ffmpeg/node-fluent-ffmpeg,https://github.com/fluent-ffmpeg/node-fluent-ffmpeg,processing_framework,A fluent API to FFMPEG (http://www.ffmpeg.org),JavaScript,8241,True,2025-05-22T09:42:00Z,MIT,metadata_manual_readme_automated,ok,b37913e315482dedcf22047d54117e6f80699399,8482e4ccc4efb078cf7ca7a5e964b8bbf24f6175ca178df21de7352f0cf7ee4b,gpu; time; modularity,"Проверить передачу GPU-поверхностей и синхронизацию; Проверить временные шкалы, задержку и discontinuity; Проверить границы модулей и контракт расширений",False
flutter-webrtc/flutter-webrtc,https://github.com/flutter-webrtc/flutter-webrtc,streaming_transport,WebRTC plugin for Flutter Mobile/Desktop/Web,C++,4485,False,2026-09-04T01:00:08Z,MIT,metadata_manual_readme_automated,ok,91bacab5b436c44d5c5ce2894fa9c8d831a66230,0c6753947071489edc2f2a23c04712277d92d6a0f2d1e479747f1d577f81d61a,modularity,Проверить границы модулей и контракт расширений,False
foo123/FILTER.js,https://github.com/foo123/FILTER.js,processing_framework,Video and Image Processing and Computer Vision Library similar to OpenCV in pure JavaScript (Browser and Nodejs),JavaScript,398,False,2026-08-31T10:32:00Z,UNKNOWN,metadata_manual_readme_automated,ok,f544cf8b5e006e9f66480b6dde824a7d27e0f191,29a70d46b57e1088828539498545f9c6483635076a785d2f9f7f110796024bf3,scheduling; gpu; quality; modularity,"Проверить очереди, ожидание и бюджет параллелизма; Проверить передачу GPU-поверхностей и синхронизацию; Проверить корпус, качество и воспроизводимость метрик; Проверить границы модулей и контракт расширений",False
fraunhoferhhi/vvdec,https://github.com/fraunhoferhhi/vvdec,targeted_library_framework,"VVdeC, the Fraunhofer Versatile Video Decoder",C++,561,False,2026-09-04T10:12:36Z,BSD-3-Clause-Clear,metadata_manual_readme_automated,ok,879c6893ba552ac22a9d31e89b10337d297b4bc6,77a9c33f793c71af349d1fc5ff86880fe91ac5dad757d0fbf71fde44ebf887d3,quality,"Проверить корпус, качество и воспроизводимость метрик",False
fraunhoferhhi/vvenc,https://github.com/fraunhoferhhi/vvenc,targeted_library_framework,"VVenC, the Fraunhofer Versatile Video Encoder",C++,1205,False,2026-08-18T09:32:37Z,BSD-3-Clause-Clear,metadata_manual_readme_automated,ok,320244156f9bf46b3b201fa21ff4b97ff3f2bd87,9a6c6a7d1804d02435a7cfa32a2f06c48cfd356b9a01829355e67db0287a4560,scheduling; quality,"Проверить очереди, ожидание и бюджет параллелизма; Проверить корпус, качество и воспроизводимость метрик",False
Freescale/gstreamer-imx,https://github.com/Freescale/gstreamer-imx,streaming_transport,GStreamer 1.0 plugins for i.MX platforms,C,192,False,2026-04-02T10:37:17Z,NOASSERTION,metadata_manual_readme_automated,ok,e491a288679955ed345c1256ac38cc8d86bb7e28,43d3927cf0528703f118ea7698a31ea66113e1cfa3410f5392a72cc176377079,memory; gpu; time; modularity,"Проверить владение, лимиты памяти и жизненный цикл буферов; Проверить передачу GPU-поверхностей и синхронизацию; Проверить временные шкалы, задержку и discontinuity; Проверить границы модулей и контракт расширений",False
fzakaria/transcoding,https://github.com/fzakaria/transcoding,transcoding_product,A basic transcoding Golang server that utilizes FFMPEG over the command line,Go,70,False,2016-02-02T00:50:57Z,UNKNOWN,metadata_manual_readme_automated,ok,70df80715f9f9cab84e7a331c54ce37cd542cc9c,4bd90e89742d30a031ce7aec9352977e7ca693f658ff7e8a9a2da7b99bbeca63,scheduling,"Проверить очереди, ожидание и бюджет параллелизма",False
fzwoch/obs-gstreamer,https://github.com/fzwoch/obs-gstreamer,streaming_transport,GStreamer OBS Studio plugin,C,404,False,2026-09-04T06:52:22Z,GPL-2.0,metadata_manual_readme_automated,ok,3f4dadcd0d3d8f17fc76c36ae0b50acc2361794c,373450536f203c8347cd7973e3ae2cdbb12edf41f03c0b1931e2aba026034427,scheduling; gpu; time; modularity,"Проверить очереди, ожидание и бюджет параллелизма; Проверить передачу GPU-поверхностей и синхронизацию; Проверить временные шкалы, задержку и discontinuity; Проверить границы модулей и контракт расширений",False
fzwoch/obs-vaapi,https://github.com/fzwoch/obs-vaapi,streaming_transport,OBS Studio VAAPI support via GStreamer,C,146,False,2026-05-08T14:07:33Z,GPL-2.0,metadata_manual_readme_automated,ok,62955a549e377458e4e351636714f466b92df628,e0adb4b4a9474c4e1b7a4ca02ef794306a66a2bac6c768633e5ab91583de91bf,gpu; modularity,Проверить передачу GPU-поверхностей и синхронизацию; Проверить границы модулей и контракт расширений,False
galaxy-s10/billd-desk,https://github.com/galaxy-s10/billd-desk,streaming_transport,基于Vue3 + WebRTC + Nodejs + Flutter搭建的远程桌面控制、游戏串流,TypeScript,7739,False,2026-09-01T04:35:38Z,MIT,metadata_manual_readme_automated,ok,92d48752f9367b40be002c8cb5c9d419b632664d,4ec2a0bf677e43cc639bd5ec4ae88891081cb345153fe4b8c23bc45f708a4f80,,Проверить применимость по назначению; README не дал архитектурных сигналов,False
galaxy-s10/billd-live,https://github.com/galaxy-s10/billd-live,streaming_transport,基于Vue3 + WebRTC + Nodejs + SRS搭建的直播间,Vue,1729,False,2026-04-26T07:01:01Z,UNKNOWN,metadata_manual_readme_automated,ok,65335f612c0540ebd2fab5cacfc88573343be69d,16a40b359210cef6c5be361e78d5252fceb0172a23d4f3fb6d9cffeff068276f,gpu,Проверить передачу GPU-поверхностей и синхронизацию,False
games-on-whales/gst-wayland-display,https://github.com/games-on-whales/gst-wayland-display,editor_compositor,A micro Wayland compositor that can be used as a Gstreamer plugin,Rust,72,False,2026-08-19T20:48:02Z,MIT,metadata_manual_readme_automated,ok,dad938d6ac1cf56478bcf1c9d859e9652c9d382e,b09bd177c5c7f91223494af4f4ec7dc977f8be44d4fe2113fb2bf604c9541487,memory; gpu; time; modularity,"Проверить владение, лимиты памяти и жизненный цикл буферов; Проверить передачу GPU-поверхностей и синхронизацию; Проверить временные шкалы, задержку и discontinuity; Проверить границы модулей и контракт расширений",False
garkimasera/vlc-rs,https://github.com/garkimasera/vlc-rs,integration_wrapper,Rust bindings for libVLC media framework.,Rust,71,False,2021-12-02T10:13:57Z,MIT,metadata_manual_readme_automated,ok,e4d96b84d360bcc96d6edf64b3da6640152097e8,e21533f77fd7f49a3d5d49fbaf5a5bf0eac2b86a88e24a5e60ca7d2a0b822930,,Проверить применимость по назначению; README не дал архитектурных сигналов,False
gausian-AI/Gausian_native_editor,https://github.com/gausian-AI/Gausian_native_editor,editor_compositor,Gausian - Rust-based local video editor for AI video production,Rust,1006,False,2026-07-01T08:40:22Z,NOASSERTION,metadata_manual_readme_automated,ok,00c31a6ad529e6e476258e98a9af0a7b4987dec4,a00d52103bec7f74b69d243453f90a105593088f71e0ab5b227a3d533cde8d12,gpu; modularity,Проверить передачу GPU-поверхностей и синхронизацию; Проверить границы модулей и контракт расширений,False
gecko0307/dlib,https://github.com/gecko0307/dlib,audio_dsp,"Allocators, I/O streams, math, geometry, image and audio processing for D",D,227,False,2026-08-04T11:19:11Z,BSL-1.0,metadata_manual_readme_automated,ok,1d38ba1ada9e78011bcb960fbf644aa04f0b5ede,86f24b4e6cf5d4006ea03392b0e0bb15a9f3f3f6ef7bfbd5e214522496eb6077,memory; scheduling; gpu; modularity,"Проверить владение, лимиты памяти и жизненный цикл буферов; Проверить очереди, ожидание и бюджет параллелизма; Проверить передачу GPU-поверхностей и синхронизацию; Проверить границы модулей и контракт расширений",False
Gericom/MobiclipDecoder,https://github.com/Gericom/MobiclipDecoder,codec_hardware,Decoder for the Mobiclip video codec,C#,114,False,2018-01-14T18:17:27Z,UNKNOWN,metadata_manual_readme_automated,ok,1b52c8518b758300f265290ac49d973584f1a0d7,11c189ad4352816e23cd65bffe798897ced026e50467e659d57d0fdcef693191,,Проверить применимость по назначению; README не дал архитектурных сигналов,False
giorgisio/goav,https://github.com/giorgisio/goav,integration_wrapper,Golang bindings for FFmpeg (This repository is no longer maintained),Go,2135,False,2022-05-19T23:28:55Z,MIT,metadata_manual_readme_automated,ok,1d00bff84e7eed20c30244e32019805e9b276a81,05fd127f9ae9fc964c65e2082807aef0ce925052a0dc8d436571c97fef41ad45,,Проверить применимость по назначению; README не дал архитектурных сигналов,False
gitsummore/nile.js,https://github.com/gitsummore/nile.js,streaming_transport,Scalable peer to peer live video streaming built on torrents and webRTC,JavaScript,1755,True,2018-11-14T19:41:36Z,MIT,metadata_manual_readme_automated,ok,dc44ee79d8497d4958fa58826b23134bd8168801,8418028e9cdabeacc5febe220cfd0285a751bcb58f061e893cf56014503c5a32,,Проверить применимость по назначению; README не дал архитектурных сигналов,False
gkozlenko/node-video-lib,https://github.com/gkozlenko/node-video-lib,container_metadata,Node.js Video Library / MP4 & FLV parser / MP4 builder / HLS muxer,JavaScript,371,False,2026-03-17T19:40:24Z,MIT,metadata_manual_readme_automated,ok,9c1f4051ef1503fd2b7ccc4b60303043b45d7ae0,d37dd6c1d9afb53b4811485a4693878db8c9b2e1390658d754a3f34142129516,time,"Проверить временные шкалы, задержку и discontinuity",False
GlaireDaggers/Pretty-Fast-Video,https://github.com/GlaireDaggers/Pretty-Fast-Video,codec_hardware,"Designed as successor to Pretty-Good-Video for improved codec structure, API design & performance",Rust,56,False,2023-06-04T20:20:49Z,MIT,metadata_manual_readme_automated,ok,2e3bac36f15318364835165d3434e88c37478063,b246d9f7c3ebb5cce4158efe860646cd7380e0a1b88e2ee6bdf9acbcefb47cf3,scheduling; gpu,"Проверить очереди, ожидание и бюджет параллелизма; Проверить передачу GPU-поверхностей и синхронизацию",False
GNOME/gstreamermm,https://github.com/GNOME/gstreamermm,streaming_transport,Read-only mirror of https://gitlab.gnome.org/GNOME/gstreamermm,Scheme,63,False,2023-07-25T15:19:46Z,LGPL-2.1,metadata_manual_readme_automated,ok,44cb99cf84cd7ef5c4fb26546db1b362b9b2173c,fb5ee04e160584f239ef414706ab57691834e34b746c4f04dea74701d37ce4ca,modularity,Проверить границы модулей и контракт расширений,False
go-audio/audio,https://github.com/go-audio/audio,integration_wrapper,Generic Go package designed to define a common interface to analyze and/or process audio data,Go,240,True,2024-05-22T00:43:59Z,Apache-2.0,metadata_manual_readme_automated,ok,44bdfe19c1ef6f3dd491e63048921c96ccae89af,c09a0b0e028b6cd4aa4726070d91abe273a5a33856f719c7f0b2454b99c1117b,memory,"Проверить владение, лимиты памяти и жизненный цикл буферов",False
go-gst/go-gst,https://github.com/go-gst/go-gst,integration_wrapper,Gstreamer bindings and utilities for golang,Go,267,False,2026-09-02T08:46:23Z,MIT,metadata_manual_readme_automated,ok,3475359cd2d3aaa248466fa97c0b484cf6aa814d,dd5a395634c2a8d9c8b40b3cedd4595c0176fd31b103cc4ce078bc66d2ce18c2,,Проверить применимость по назначению; README не дал архитектурных сигналов,False
goldvideo/h265player,https://github.com/goldvideo/h265player,audio_dsp,一套完整的Web版H.265播放器解决方案，非常适合学习交流和实际应用。基于JS码流解封装、WebAssembly(FFmpeg)视频解码，利用Canvas画布投影、AudioContext播放音频。  ,JavaScript,1656,False,2026-04-12T09:26:02Z,UNKNOWN,metadata_manual_readme_automated,ok,4a537f4fc3ad071d139fea60ac13eb71ab02f9ad,7bbe12b894d97b8674e5f52d9238f4ac5e88b8811a73b283c2975c6158424458,,Проверить применимость по назначению; README не дал архитектурных сигналов,False
google/rtc-video-quality,https://github.com/google/rtc-video-quality,codec_hardware,Compare (Real-Time) Video Codec Performance,Python,116,True,2020-07-02T20:37:34Z,Apache-2.0,metadata_manual_readme_automated,ok,4f33a89b9dbe7fd49a29e1915db4e0ac9af150f6,62eb8253d13aada29ebdde693dbf7e1886cbf34cc5e43febcf570412caa9c520,quality,"Проверить корпус, качество и воспроизводимость метрик",False
GoogleChromeLabs/wasm-av1,https://github.com/GoogleChromeLabs/wasm-av1,codec_hardware,Port of the AV1 Video codec to WebAssembly,C,161,True,2019-01-26T22:26:46Z,Apache-2.0,metadata_manual_readme_automated,ok,605eef28ae15663223e4e628f6874283c608e195,770e55d75db9a8c16781005f941335e2e379a21a5905cd1fd9505480d2b402d8,,Проверить применимость по назначению; README не дал архитектурных сигналов,False
gopro/cineform-sdk,https://github.com/gopro/cineform-sdk,codec_hardware,The GoPro® CineForm video codec SDK.,C,300,False,2026-04-10T20:37:54Z,Apache-2.0,metadata_manual_readme_automated,ok,960bf865a60cc6573ea4a2487c0c9929d5c196ee,f958ea49a8292cc10d6df520ebe5f5d71709e3a3606945f54fe4d354da9461e8,scheduling; quality,"Проверить очереди, ожидание и бюджет параллелизма; Проверить корпус, качество и воспроизводимость метрик",False
gopxl/beep,https://github.com/gopxl/beep,audio_dsp,A little package that brings sound to any Go application. Suitable for playback and audio-processing.,Go,588,False,2025-07-16T20:38:10Z,MIT,metadata_manual_readme_automated,ok,d7278c8a6b9382615eb8051605129599829dcd97,c3122d1ec0954ea4c4d36db2c44818078b70dc9037656cc91fac985fcf0ee154,,Проверить применимость по назначению; README не дал архитектурных сигналов,False
GottaYotta/PixelSDK,https://github.com/GottaYotta/PixelSDK,editor_compositor,The modern photo and video editor for your iPhone / iPad app. A fully customizable image & video editing iOS Swift framework.,Swift,562,False,2024-07-23T09:13:36Z,NOASSERTION,metadata_manual_readme_automated,ok,64bced8286100fb4e10f4f7f19ac71da10a181fe,773b4d1eda5189f25dced975167ca45b5ce3a397c22843530a7a26347a59d8c2,gpu; modularity,Проверить передачу GPU-поверхностей и синхронизацию; Проверить границы модулей и контракт расширений,False
gpac/gpac,https://github.com/gpac/gpac,transcoding_product,"GPAC Ultramedia OSS for Video Streaming & Next-Gen Multimedia Transcoding, Packaging & Delivery",C,3299,False,2026-09-04T20:01:02Z,LGPL-2.1,metadata_manual_readme_automated,ok,15f7aa5b17806c067a65208e5eee69d8ea25630a,ab4da107434e22525481c4f9836cc5b518e1f4830cdc3c655d70e6749c51abbd,modularity,Проверить границы модулей и контракт расширений,False
gpac/mp4box.js,https://github.com/gpac/mp4box.js,container_metadata,JavaScript version of GPAC's MP4Box tool,TypeScript,2464,False,2026-08-30T19:44:31Z,BSD-3-Clause,metadata_manual_readme_automated,ok,37cbb905ce51d90a4a61bb8e974b608ec7ff39f7,96d3df0c038e36cbf24c643688010372e84279960d2959cd22033b89ca276a70,memory,"Проверить владение, лимиты памяти и жизненный цикл буферов",False
GPUOpen-LibrariesAndSDKs/AMF,https://github.com/GPUOpen-LibrariesAndSDKs/AMF,processing_framework,The Advanced Media Framework (AMF) SDK provides developers with optimal access to AMD devices for multimedia processing,C++,743,False,2026-07-06T22:33:35Z,NOASSERTION,metadata_manual_readme_automated,ok,4900a36295634f97b9f59846eb30fe329cc5b667,0383395793c378d2b12912b286e5b83fb8d613553c26fe55171eb3f032d23188,gpu; time; quality,"Проверить передачу GPU-поверхностей и синхронизацию; Проверить временные шкалы, задержку и discontinuity; Проверить корпус, качество и воспроизводимость метрик",False
greatest-ape/OctaSine,https://github.com/greatest-ape/OctaSine,audio_dsp,"Frequency modulation synthesizer plugin (VST2, CLAP). Runs on macOS, Windows and Linux.",Rust,807,False,2024-07-03T10:59:21Z,AGPL-3.0,metadata_manual_readme_automated,ok,d6d2afb11b258d3ee7188499ef959bec49a20228,780337d145dcad5e9390580a18cfa54ba8d18822a1bc609adef5ea4885849e04,time; modularity,"Проверить временные шкалы, задержку и discontinuity; Проверить границы модулей и контракт расширений",False
GRVYDEV/Project-Lightspeed,https://github.com/GRVYDEV/Project-Lightspeed,streaming_transport,A self contained OBS -> FTL -> WebRTC live streaming server. Comprised of 3 parts once configured anyone can achieve sub-second OBS to the browser livestreaming,Rust,3663,False,2023-04-03T16:49:03Z,MIT,metadata_manual_readme_automated,ok,1349ca288da396972bc663ab5068fe4d1776e525,9502114fc2dcd0b27edcfa01d287459c6816dedbc8c383ada3952525dda14f87,time; modularity,"Проверить временные шкалы, задержку и discontinuity; Проверить границы модулей и контракт расширений",False
gstreamer-java/gst1-java-core,https://github.com/gstreamer-java/gst1-java-core,integration_wrapper,Java bindings for GStreamer 1.x,Java,222,False,2025-11-05T17:02:45Z,LGPL-3.0,metadata_manual_readme_automated,ok,4c05b8ddb427f6e3a7bb2b7d7123707ab02f64af,dfaa808609c4025f255618be04165f814749c566de381bdc95f1b5bb88b6487b,,Проверить применимость по назначению; README не дал архитектурных сигналов,False
GStreamer/gst-plugins-rs,https://github.com/GStreamer/gst-plugins-rs,targeted_library_framework,GStreamer plugins written in Rust,Rust,53,False,2026-09-02T14:00:49Z,Apache-2.0,metadata_manual_readme_automated,ok,429f852941d4b8140f92bf596672654fdcc48483,851e68762a6e9b2191813156cf49f419c5eb3cb615e8225dda87db21bdc553c4,scheduling; time; quality; modularity,"Проверить очереди, ожидание и бюджет параллелизма; Проверить временные шкалы, задержку и discontinuity; Проверить корпус, качество и воспроизводимость метрик; Проверить границы модулей и контракт расширений",False
GStreamer/gstreamer,https://github.com/GStreamer/gstreamer,streaming_transport,GStreamer open-source multimedia framework,C,3301,False,2026-09-04T17:27:58Z,NOASSERTION,selected_source_excerpts,ok,66c8cc7ed7c6a9c7eeff0ac20c58d80d9d31346f,03e8010105134194f18a791e29e0a345cb9215402169088477a9201b52c69e38,scheduling; gpu; quality; modularity,"Проверить очереди, ожидание и бюджет параллелизма; Проверить передачу GPU-поверхностей и синхронизацию; Проверить корпус, качество и воспроизводимость метрик; Проверить границы модулей и контракт расширений",False
GStreamer/gstreamer-rs,https://github.com/GStreamer/gstreamer-rs,targeted_library_framework,GStreamer bindings for Rust,Rust,54,False,2026-09-01T07:07:49Z,NOASSERTION,metadata_manual_readme_automated,ok,371ec463476b97c9bed8fe8ebd93bd142a2dce6d,499c0a970f407a08fa3ef2d22f51a2bf67cf8d9591c6d4371df72adbe718d2e9,scheduling; time; modularity,"Проверить очереди, ожидание и бюджет параллелизма; Проверить временные шкалы, задержку и discontinuity; Проверить границы модулей и контракт расширений",False
GStreamer/orc,https://github.com/GStreamer/orc,streaming_transport,Orc - Optimized Inner Loop Runtime Compiler,C,104,False,2026-08-28T23:54:48Z,NOASSERTION,metadata_manual_readme_automated,ok,5f29a2dc4c58a91a63ee4f15b5939348cf4d7ec9,5de3a8bd3e1f68290ee6afc8df6e8847681c2a1658d783ba04a734017180bf95,modularity,Проверить границы модулей и контракт расширений,False
gyroflow/gyroflow,https://github.com/gyroflow/gyroflow,processing_framework,Video stabilization using gyroscope data,Rust,9453,False,2026-09-01T20:58:13Z,GPL-3.0,metadata_manual_readme_automated,ok,0d46e1b3b1585a55acecf388ff694e478ea12772,d9ea4a66341fea5d9157a149a73950e257647bf7889836fe5af072afbdc0c300,memory; scheduling; gpu; time; modularity,"Проверить владение, лимиты памяти и жизненный цикл буферов; Проверить очереди, ожидание и бюджет параллелизма; Проверить передачу GPU-поверхностей и синхронизацию; Проверить временные шкалы, задержку и discontinuity; Проверить границы модулей и контракт расширений",False
haileys/bark,https://github.com/haileys/bark,audio_dsp,live sync audio streaming for local networks,Rust,695,False,2026-05-15T02:00:53Z,AGPL-3.0,metadata_manual_readme_automated,ok,da3d6d0a17b78a34cd0d15a1b720dc4e5d6a6ae6,4eb3cfe144a4cccdc7ce9a694c7812202a225a5d29ef28484bc118ad633baca3,time,"Проверить временные шкалы, задержку и discontinuity",False
HaishinKit/HaishinKit.swift,https://github.com/HaishinKit/HaishinKit.swift,streaming_transport,"Camera and Microphone streaming library via RTMP and SRT for iOS, macOS, tvOS and visionOS.",Swift,3066,False,2026-08-30T12:17:41Z,BSD-3-Clause,metadata_manual_readme_automated,ok,98c2a47b3462564db2aaa1a68b19af66329017ea,7b5800c38986b910578cd002e5b0cbbf73ce7051802b4f057569404038b272a4,,Проверить применимость по назначению; README не дал архитектурных сигналов,False
halide/Halide,https://github.com/halide/Halide,targeted_library_framework,"a language for fast, portable data-parallel computation",C++,6596,False,2026-09-04T20:16:02Z,NOASSERTION,selected_source_excerpts,ok,baa902bb179637ca2e02d01180561a696fae9bd7,1e7dab4b2e3cd07dec4499d9ae986edd531faa0d6e4a3ccf10dba8653aa65b92,memory; scheduling; gpu; quality; modularity,"Проверить владение, лимиты памяти и жизненный цикл буферов; Проверить очереди, ожидание и бюджет параллелизма; Проверить передачу GPU-поверхностей и синхронизацию; Проверить корпус, качество и воспроизводимость метрик; Проверить границы модулей и контракт расширений",False
hamsternz/Artix-7-HDMI-processing,https://github.com/hamsternz/Artix-7-HDMI-processing,audio_dsp,Receiving and processing 1080p HDMI audio and video on the Artix 7 FPGA,VHDL,213,False,2019-02-28T10:19:09Z,UNKNOWN,metadata_manual_readme_automated,ok,1861d362a3ef10b22e334e46aaa2956aa792cd78,499239ed57ad9787bda8d494cd35a35dbc1d73b50e16b73dc05b1db9c4bbf3cc,,Проверить применимость по назначению; README не дал архитектурных сигналов,False
HandBrake/HandBrake,https://github.com/HandBrake/HandBrake,targeted_library_framework,HandBrake's development repository ,C,24274,False,2026-08-31T15:58:39Z,NOASSERTION,metadata_manual_readme_automated,ok,db2c43d1662b83c02bb972a87a2aa930aa85f9a5,6aaff320c3110f62703369797f24558c4ae9b92f6bf87e487e1d87782cae3e21,,Проверить применимость по назначению; README не дал архитектурных сигналов,False
harlanc/xiu,https://github.com/harlanc/xiu,streaming_transport," A simple,high performance and secure live media server in pure Rust (RTMP[cluster]/RTSP/WebRTC[whip/whep]/HTTP-FLV/HLS).🦀",Rust,2325,False,2026-03-07T22:54:44Z,MIT,metadata_manual_readme_automated,ok,259dccc6a66a5a3b6afe88f2e3e8a38023a92ebe,8a2af1b5458d2edc319a4f321bcb8c1bdc665069edcb5a7f0a54b604f43d4040,,Проверить применимость по назначению; README не дал архитектурных сигналов,False
HaschekSolutions/pictshare,https://github.com/HaschekSolutions/pictshare,container_metadata,":camera: PictShare is an open source image, mp4, pastebin hosting service with a simple resizing and upload API that you can host yourself. :rice_scene:",PHP,947,False,2026-08-21T20:21:54Z,NOASSERTION,metadata_manual_readme_automated,ok,40ac257eb9eeb03d6eaedb9d5385a5eabbd13feb,ba6073964a009d48b3abb91e3ab197e24e363ae3f3559d1838b4e3fce6ada226,modularity,Проверить границы модулей и контракт расширений,False
HaujetZhao/QuickCut,https://github.com/HaujetZhao/QuickCut,processing_framework,Your most handy video processing software,Python,2947,False,2023-10-27T07:08:02Z,MPL-2.0,metadata_manual_readme_automated,ok,0992a723633fcb98d5235d2ec126be907c5ab7cf,f962e30de1b2e5db1c8ffa06d74a7da6b40a446280efd3ec95e9595a7bd30843,modularity,Проверить границы модулей и контракт расширений,False
HaveAGitGat/Tdarr,https://github.com/HaveAGitGat/Tdarr,transcoding_product,"Tdarr - Distributed transcode automation using FFmpeg/HandBrake + Audio/Video library analytics + video health checking (Windows, macOS, Linux & Docker)",Makefile,4297,False,2026-08-05T07:37:45Z,NOASSERTION,metadata_manual_readme_automated,ok,5a6a146d9ce43d53f388e9a17fa144a1aa830015,a68a45ae68e9ce97962ad9e0891a6aa56a3376a7b764891c6f384132316dc557,scheduling; gpu; modularity,"Проверить очереди, ожидание и бюджет параллелизма; Проверить передачу GPU-поверхностей и синхронизацию; Проверить границы модулей и контракт расширений",False
HEnquist/camilladsp,https://github.com/HEnquist/camilladsp,audio_dsp,"A flexible cross-platform IIR and FIR engine for crossovers, room correction etc.",Rust,1047,False,2026-09-04T21:41:10Z,GPL-3.0,metadata_manual_readme_automated,ok,09b9834d84a0293224d952ca6715e761435a369e,8645cf884279f839d85f49d131a613860c950a952a598c4cbc14500d07f6ccc9,scheduling; time; modularity,"Проверить очереди, ожидание и бюджет параллелизма; Проверить временные шкалы, задержку и discontinuity; Проверить границы модулей и контракт расширений",False
heshanlk/OctopusVideo,https://github.com/heshanlk/OctopusVideo,transcoding_product,The open source video transcoding and delivering platform based on Drupal,CSS,62,False,2017-03-27T13:16:37Z,UNKNOWN,metadata_manual_readme_automated,ok,e3a900c8370cbddf0b65ab1f21cf5e33688b13f5,a2c33f7af1ba58ffc0556c3e0ae01948d89d079b6bc058138eeba04214bc968c,,Проверить применимость по назначению; README не дал архитектурных сигналов,False
HeZhang1994/video-audio-tools,https://github.com/HeZhang1994/video-audio-tools,audio_dsp,To process/edit video and audio with Python+FFmpeg. [简单实用] 基于Python+FFmpeg的视频和音频的处理/剪辑。,Python,233,False,2020-03-02T09:21:51Z,MIT,metadata_manual_readme_automated,ok,63a52276a9aac3c821287855ebd94800c64c720b,74a6caeb3df2dfbbc9dd17d7018402d0109ce997ea70cef2e25d8ad1e53696b3,,Проверить применимость по назначению; README не дал архитектурных сигналов,False
HiFi-LoFi/FFTConvolver,https://github.com/HiFi-LoFi/FFTConvolver,audio_dsp,Audio convolution algorithm in C++ for real time audio processing,C++,376,False,2023-02-28T09:15:42Z,MIT,metadata_manual_readme_automated,ok,df5792720b7e526a94bb7b84ea508dc5533905e3,a99d8bedf7db9659424461bdfc09cae8f2f739f105fb22c99261e86f30dd9958,,Проверить применимость по назначению; README не дал архитектурных сигналов,False
hirbod/expo-video-metadata,https://github.com/hirbod/expo-video-metadata,container_metadata,"This package reads duration, dimensions, frame rate, codecs, audio track info, orientation, HDR, aspect ratio, file size, and location metadata when the file contains it.",TypeScript,79,False,2026-05-24T08:17:23Z,UNKNOWN,metadata_manual_readme_automated,ok,b70f3a3159fdacf69631f45c5521f1b417fdbafe,53430b89ce3e2ca609fe661abcb56c769dc3acd614c4f22cb10b6ad631c43469,time; modularity,"Проверить временные шкалы, задержку и discontinuity; Проверить границы модулей и контракт расширений",False
homebridge-plugins/homebridge-camera-ffmpeg,https://github.com/homebridge-plugins/homebridge-camera-ffmpeg,integration_wrapper,Homebridge Plugin Providing FFmpeg-based Camera Support,TypeScript,1115,False,2026-02-09T21:42:33Z,Apache-2.0,metadata_manual_readme_automated,ok,1821acdf752f36b2846a54776476187d322a4036,938e83097035c9b6874f5beef8f200ccf7c46235ab9c52bdffec899116f6668d,time; modularity,"Проверить временные шкалы, задержку и discontinuity; Проверить границы модулей и контракт расширений",False
HSU-ANT/gstpeaq,https://github.com/HSU-ANT/gstpeaq,audio_dsp,GstPEAQ - A GStreamer plugin for Perceptual Evaluation of Audio Quality (PEAQ),C,83,False,2024-07-08T13:08:23Z,NOASSERTION,metadata_manual_readme_automated,ok,fcc90bebf9a45e033f0a19b0b50a9323574152cf,14925b48a1687744e9e863425151dfeda01ed855ce520579943e817fa4f8aa51,modularity,Проверить границы модулей и контракт расширений,False
htekdev/vidpipe,https://github.com/htekdev/vidpipe,processing_framework,"CLI tool that auto-processes video recordings: transcribes, removes silence, generates captions, creates shorts, social posts, and more",TypeScript,220,False,2026-09-03T12:53:54Z,UNKNOWN,metadata_manual_readme_automated,ok,8035075346459288ff7f91672c7b2e000a3ebe85,a6f6009fe30f8b6e7720c4edf2b5065ce569fbf256154b3a7f50e239704fe40a,scheduling; time; modularity,"Проверить очереди, ожидание и бюджет параллелизма; Проверить временные шкалы, задержку и discontinuity; Проверить границы модулей и контракт расширений",False
i4tv/gstreamill,https://github.com/i4tv/gstreamill,codec_hardware,encoder with hls output based on gstreamer.,C,248,False,2022-04-28T13:46:33Z,GPL-3.0,metadata_manual_readme_automated,ok,f60c88f74ab9c730b923fd98856cde3ae3dc37e9,61a263cbaa54edcd6764b5f456062a1d6a34b7ca0fda45b1a905e22741340f0e,scheduling; modularity,"Проверить очереди, ожидание и бюджет параллелизма; Проверить границы модулей и контракт расширений",False
ihmily/StreamCap,https://github.com/ihmily/StreamCap,streaming_transport,Multi-Platform Live Stream Automatic Recording Tool | 多平台直播流自动录制客户端 · 基于FFmpeg · 支持监控/定时/转码,Python,4170,False,2026-09-01T23:06:47Z,Apache-2.0,metadata_manual_readme_automated,ok,ad5ac961d728db14ae3971d55bac04317137855c,0937cb9bd317304e313eb2c46867e7a3d5f28f4d89cd3e63d9930be3764db021,,Проверить применимость по назначению; README не дал архитектурных сигналов,False
iknow4x/Android-Video-Trimmer,https://github.com/iknow4x/Android-Video-Trimmer,container_metadata,"The Android-Video-Trimmer project implements the selection of clips for long and short videos. It uses MediaMetadataRetriever to obtain video frames, and uses ffmpeg for video cropping and video compression.",Java,1179,False,2024-10-23T14:31:33Z,Apache-2.0,metadata_manual_readme_automated,ok,333411aef9ca074ee484f7fcda8ec6118fd06010,1264d006bbade761f98e10316a835ecb5e93bfd135d22b5604d2ca05a5366554,,Проверить применимость по назначению; README не дал архитектурных сигналов,False
illuspas/Node-Media-Server,https://github.com/illuspas/Node-Media-Server,streaming_transport,A Node.js implementation of RTMP/HTTP-FLV Media Server,JavaScript,6240,False,2026-09-03T11:46:14Z,Apache-2.0,metadata_manual_readme_automated,ok,e9023094fcce4cf15bee1aab60dd187f10e28954,e29a88ba062a05300349c70158d0c119766568a0e7e0dcb54f6e14f3e399589d,gpu; time,"Проверить передачу GPU-поверхностей и синхронизацию; Проверить временные шкалы, задержку и discontinuity",False
image-rs/image,https://github.com/image-rs/image,targeted_library_framework,Encoding and decoding images in Rust,Rust,5866,False,2026-08-28T07:49:39Z,Apache-2.0,metadata_manual_readme_automated,ok,15697e0f7b34f2fa009aa2775ce42f2f5902dd77,6eb26c84c36ab398ab32c610780ea071d38b4710ad0456b819a7954af0abb1c5,scheduling; modularity,"Проверить очереди, ожидание и бюджет параллелизма; Проверить границы модулей и контракт расширений",False
image-rs/imageproc,https://github.com/image-rs/imageproc,targeted_library_framework,Image processing operations,Rust,975,False,2026-08-29T22:59:07Z,MIT,metadata_manual_readme_automated,ok,84229bc901dcdad61191d45f53def70e14fbb9be,75b3fd04a2e2cfb0633ff6ad2a1014555eb736ac30a763a1aa1631f35c723803,scheduling,"Проверить очереди, ожидание и бюджет параллелизма",False
imalimin/HardwareVideoCodec,https://github.com/imalimin/HardwareVideoCodec,codec_hardware,"HardwareVideoCodec is an efficient video recording library for Android. Supports software and hardware encode. With it, you can record a video at any resolution, no need to care about camera resolution. Everything is so easy.",C,458,False,2020-12-19T21:23:41Z,GPL-2.0,metadata_manual_readme_automated,ok,30010b43429f28170317b10f3f292c9cbe47b73e,9efb55428464b6bed2ae59c032aee3c5ce89559dd9e685afb562b473746bb67b,modularity,Проверить границы модулей и контракт расширений,False
imoreapps/ffmpeg-avplayer-for-ios-tvos,https://github.com/imoreapps/ffmpeg-avplayer-for-ios-tvos,playback,A tiny but powerful iOS and Apple TV OS av player framework that's based on the FFmpeg library.,C,1044,False,2020-09-01T20:44:26Z,LGPL-3.0,metadata_manual_readme_automated,ok,358685f286a418e576a0baecd971a4fed4e5bf4e,29b47308a2dc6a0aef6b015f59bfa9ac1ea876d61939b1f19b2928f33df7ac7c,,Проверить применимость по назначению; README не дал архитектурных сигналов,False
in03/proxima,https://github.com/in03/proxima,transcoding_product,Transcode source media directly from DaVinci Resolve using multiple machines for encoding. Great for creating proxies quickly.,Python,74,False,2026-08-31T20:16:18Z,MIT,metadata_manual_readme_automated,ok,27a42f28cec29bd974558551aa945647a8fedaa1,1f04afd76f7eb75f2497015e665d5ef0c638984b088e87c57fb92a42575c283a,scheduling; gpu; modularity,"Проверить очереди, ожидание и бюджет параллелизма; Проверить передачу GPU-поверхностей и синхронизацию; Проверить границы модулей и контракт расширений",False
intel/libvpl,https://github.com/intel/libvpl,processing_framework,"Intel® Video Processing Library (Intel® VPL) API, dispatcher, and examples",C++,366,False,2026-07-13T18:45:22Z,MIT,metadata_manual_readme_automated,ok,ce8600b317794d7097282f7bc91feb4d6e289dcc,4e03ec6e1a3cf62ff62e1b40de56205c87687e22085d5d15a030e104ef04a17f,gpu,Проверить передачу GPU-поверхностей и синхронизацию,False
intel/libxcam,https://github.com/intel/libxcam,processing_framework,"libXCam is a project for extended camera(not limited in camera) features and focus on image quality improvement and video analysis. There are lots features supported in image pre-processing, image post-processing and smart analysis. This library makes GPU/CPU/ISP working together to improve image quality. OpenCL is used to improve performance in different platforms.",C++,614,True,2025-05-05T18:18:42Z,NOASSERTION,metadata_manual_readme_automated,ok,df22576635e5d5cb59c1fb94417fe76f8c5c0ef9,c88600ae2383063d3013c5aaba8a4e57d5c56347dffdcaa1969f20dac64e6990,gpu; modularity,Проверить передачу GPU-поверхностей и синхронизацию; Проверить границы модулей и контракт расширений,False
intel/libyami,https://github.com/intel/libyami,codec_hardware,"Yet Another Media Infrastructure. it is core part of media codec with hardware acceleration, it is yummy to your video experience on Linux like platform.",C++,150,True,2023-10-23T17:28:26Z,Apache-2.0,metadata_manual_readme_automated,ok,f84a9514691fcb11ef973cbab81f510fd744b6f1,8b38dd162b33512e1df610e45fb756615b894491b0269b9c968fd2fbb8832c77,gpu,Проверить передачу GPU-поверхностей и синхронизацию,False
intel/media-driver,https://github.com/intel/media-driver,processing_framework,"Intel Graphics Media Driver to support hardware decode, encode and video processing.",C,1239,False,2026-09-04T03:49:30Z,NOASSERTION,metadata_manual_readme_automated,ok,c7bf4509f6c6e0fe175be2bcbb9a519cb9a7a68f,be1ea3d9c681e8de4ce9e2c75dcd86e06e98a8a18eb93de2525ea0e1c1ff0409,gpu,Проверить передачу GPU-поверхностей и синхронизацию,False
InterDigitalInc/CompressAI-Vision,https://github.com/InterDigitalInc/CompressAI-Vision,codec_hardware,"CompressAI-Vision helps you design, test and compare Video Compression for Machines pipelines. Compression methods can be either pulled from custom AI-based modules from CompressAI or traditional codecs such as H.266/VVC.",Python,126,False,2026-08-24T18:42:53Z,BSD-3-Clause-Clear,metadata_manual_readme_automated,ok,79b04570f4bfb3fc6f4c949de7c16a41671009ef,69643eae018197519bbb98e2e42a8c8f530187c2b9b3eda03533d34704fe1036,quality,"Проверить корпус, качество и воспроизводимость метрик",False
iPzard/mkvtoolnix-batch-tool,https://github.com/iPzard/mkvtoolnix-batch-tool,processing_framework,"Batch video and subtitle processing program with the ability to add, remove, or extract subtitles from all video files in a directory and its sub-directories.",JavaScript,255,False,2026-04-22T21:22:01Z,GPL-2.0,metadata_manual_readme_automated,ok,b1249cdfefaa34e3e2c2e608f8557bab3f97857b,db700f67dabfcf698e926de7ff5532462ae5378a975ec6f32c47cef2035b2882,,Проверить применимость по назначению; README не дал архитектурных сигналов,False
ireader/media-server,https://github.com/ireader/media-server,container_metadata,RTSP/RTP/RTMP/FLV/HLS/MPEG-TS/MPEG-PS/MPEG-DASH/MP4/fMP4/MKV/WebM,C,3511,False,2026-05-26T03:38:10Z,MIT,metadata_manual_readme_automated,ok,b84a2dda3a50edaef2b05f3f91fbe53b6ac7bec6,77b4e77b048ea59707cc9962062b165785b77d0d86929fdc35cdf16afe04b7db,,Проверить применимость по назначению; README не дал архитектурных сигналов,False
ithewei/hplayer,https://github.com/ithewei/hplayer,playback,A multi-screen player using Qt + FFmpeg.,C++,1042,False,2023-05-17T10:59:29Z,LGPL-2.1,metadata_manual_readme_automated,ok,cd5c0b08d8fb39bad70ae46d72a701feec7987ed,d6f1167084734f48ab56ffc07d313334f11107e13e56e65cbe12025e7b000d9e,,Проверить применимость по назначению; README не дал архитектурных сигналов,False
izderadicka/audioserve,https://github.com/izderadicka/audioserve,audio_dsp,"Simple personal server to serve audiofiles files from folders.  Intended primarily for audio books, but anything with decent folder structure will do.",Rust,856,False,2026-09-03T06:10:33Z,UNKNOWN,metadata_manual_readme_automated,ok,a7505317cbbdf8fe10e2fd5a0fada682c1574503,77c41a993384eb148b00fc8d7f3644229be39fd335d6928206494a9823758736,scheduling; modularity,"Проверить очереди, ожидание и бюджет параллелизма; Проверить границы модулей и контракт расширений",False
jackersson/gstreamer-python,https://github.com/jackersson/gstreamer-python,streaming_transport,,Python,176,False,2025-03-09T19:38:32Z,UNKNOWN,metadata_manual_readme_automated,ok,7fef0fd1d21a2d7547a68b0917298ecce703df37,df7dbf47dff57d6c6e432cb451cab489bc48e0a7be9c9f0e1d3ba2d5c0e4134d,scheduling,"Проверить очереди, ожидание и бюджет параллелизма",False
JacobDev1/xl-converter,https://github.com/JacobDev1/xl-converter,transcoding_product,"Easy-to-use image converter for modern formats. Supports fast parallel encoding, lossless JPEG transcoding, JPEG XL, AVIF, JPEGLI, ExifTool, and more. ",Python,558,False,2026-09-04T10:42:28Z,NOASSERTION,metadata_manual_readme_automated,ok,10cfacc018cc5dfdc6baf327c8f84b8fba72e9da,6150028bc594619ad2c718affd4db27d459ef2d86c1b291ca5a69fef7f8a2cc2,scheduling,"Проверить очереди, ожидание и бюджет параллелизма",False
jaiobs/OptiVideoEditor-for-android,https://github.com/jaiobs/OptiVideoEditor-for-android,editor_compositor,"Native Video editor : Video trim, Audio, Video merge, Slow and fast motion, Text and image, etc...",Kotlin,513,False,2022-09-07T09:14:48Z,UNKNOWN,metadata_manual_readme_automated,ok,3bbf1fe8aeb8f19a852f8eedb80414770da9d648,6067a8f4fd649003b34025882b031ae3bb5d6c5878e6ded03be3beff953ade09,,Проверить применимость по назначению; README не дал архитектурных сигналов,False
james34602/JamesDSPManager,https://github.com/james34602/JamesDSPManager,audio_dsp,Audio DSP effects build on Android system framework layer. This is a repository contains a pack of high quality DSP algorithms specialized for audio processing.,C,936,False,2025-06-18T14:08:35Z,UNKNOWN,metadata_manual_readme_automated,ok,7d95b9563f0c93712507b06971c1403309124fc4,a214915dc9bf3bd02f933a5193f1f66cdc89db1ce6a1601628cd8048faa912f1,,Проверить применимость по назначению; README не дал архитектурных сигналов,False
jatinchowdhury18/ComplexNonlinearities,https://github.com/jatinchowdhury18/ComplexNonlinearities,audio_dsp,Complex Nonlinearities for Audio Signal Processing,C++,232,False,2021-03-19T22:45:23Z,GPL-3.0,metadata_manual_readme_automated,ok,552b54ef269b6ba4eeb562ab255dca7d7b7d25f7,e3791701e11dcc4cce2d69399e0f3c629de4625be99cd60f9c8e38614c0208a8,modularity,Проверить границы модулей и контракт расширений,False
JawThrow/ICSPCodec,https://github.com/JawThrow/ICSPCodec,codec_hardware,Implementation of video codec based on H.261,C++,23,False,2021-09-07T13:36:36Z,GPL-3.0,metadata_manual_readme_automated,ok,16418b76dff7a79e0c14a2713b2492f9f7949884,93584f0fe55164159cd6c36e1193f38ee0a5943a3ee98719582a01c18af3a63c,memory; scheduling,"Проверить владение, лимиты памяти и жизненный цикл буферов; Проверить очереди, ожидание и бюджет параллелизма",False
JaySardhara/Video-Editor,https://github.com/JaySardhara/Video-Editor,integration_wrapper,Video Editor for Android based on FFMPEG engine,Java,161,False,2024-08-03T19:25:09Z,UNKNOWN,metadata_manual_readme_automated,ok,03dcb7b37f89fcbfc38bb1e844521a4aed1cb555,e6bf9fb3a0757e5640625b6c5abb6b5368e2b6e89d3715bf883dbb09d3a33b96,,Проверить применимость по назначению; README не дал архитектурных сигналов,False
JayWebtech/autoshorts,https://github.com/JayWebtech/autoshorts,audio_dsp,"AutoShorts is a local-first desktop application for turning long-form video or audio recordings into high-impact, vertical short-form clip candidates (9:16 portrait) with AI-powered viral moment ranking.",Rust,793,False,2026-08-02T15:05:33Z,UNKNOWN,metadata_manual_readme_automated,ok,af94aed8b8442f6599ae1b6f2121ff3f2187b453,1fabed27e29f489d5f01fd3aaa6361602df7e2afa2d7cfc3ebc8bb3406ea52f1,time; modularity,"Проверить временные шкалы, задержку и discontinuity; Проверить границы модулей и контракт расширений",False
jbavari/cordova-plugin-video-editor,https://github.com/jbavari/cordova-plugin-video-editor,editor_compositor,A cordova plugin to edit videos.,Objective-C,290,False,2023-02-09T15:28:37Z,NOASSERTION,metadata_manual_readme_automated,ok,7fd577faf8fa4bb4566245631113103d856d6bfd,06790cfe7eae0f398cf13f2a19e49c9c7eacad0b2be75d77db345f9c47ff907c,modularity,Проверить границы модулей и контракт расширений,False
jbg/gst-meet,https://github.com/jbg/gst-meet,streaming_transport,Connect GStreamer pipelines to Jitsi Meet conferences,Rust,87,False,2024-10-10T17:04:52Z,Apache-2.0,metadata_manual_readme_automated,ok,cdd6420a6897dcfcdcdcd4e2f50155550efea677,b2348293c8aa5f5560b4622415484e68fba4470c275d7d87a8f59bd78380aca8,scheduling; modularity,"Проверить очереди, ожидание и бюджет параллелизма; Проверить границы модулей и контракт расширений",False
jcodeing/KMedia,https://github.com/jcodeing/KMedia,processing_framework,An application level media framework for Android. (RTFSC),Java,269,False,2019-04-29T11:04:02Z,Apache-2.0,metadata_manual_readme_automated,ok,78715276307456a59edc98771afe516f9e312aa5,7d217633a87e9f838d196183952dca48c94f1315fbc61f7a93b67f04d56097f1,scheduling; modularity,"Проверить очереди, ожидание и бюджет параллелизма; Проверить границы модулей и контракт расширений",False
jeanslack/Videomass,https://github.com/jeanslack/Videomass,integration_wrapper,"Videomass is a free, open source and cross-platform GUI for FFmpeg",Python,1666,False,2026-05-03T13:44:16Z,GPL-3.0,metadata_manual_readme_automated,ok,0076d095eceba00761978e68ed8082cfcda8654f,ad59f9e8d119837541230760740c992a108b0b4152c2e5193590e0014451a2aa,,Проверить применимость по назначению; README не дал архитектурных сигналов,False
jedypod/generate-dailies,https://github.com/jedypod/generate-dailies,transcoding_product,Daily is a tool to transcode scene-linear openexr images into display-referred quicktime movies.,Python,139,False,2023-05-01T08:10:11Z,UNKNOWN,metadata_manual_readme_automated,ok,b13036d35cb89fd06e72b39c01b5b76f75b762ea,9edadd585efc319c0110a3385037a65b15325ad31dd439f92e7ecfbb04b810e9,,Проверить применимость по назначению; README не дал архитектурных сигналов,False
JeffMony/JeffVideoCache,https://github.com/JeffMony/JeffVideoCache,container_metadata,"Better than AndroidVideoCache, it supports M3U8 and MP4",Java,329,False,2024-08-10T02:24:06Z,Apache-2.0,metadata_manual_readme_automated,ok,76d3373fd8f16db489717473d1894fef320d061a,0dc664d1855693a7f4bfe6ee789510013e93023ac828d8fa6db539784001cc4d,,Проверить применимость по назначению; README не дал архитектурных сигналов,False
jimm98y/SharpRTSPtoWebRTC,https://github.com/jimm98y/SharpRTSPtoWebRTC,transcoding_product,"A C# implementation of the RTSP to WebRTC gateway that allows you to stream RTSP from various sources to the web browser. Suppports H264, H265 and AV1 re-streaming. Audio transcoding from AAC to Opus is also supported.",C#,102,False,2026-06-23T22:11:18Z,MIT,metadata_manual_readme_automated,ok,0823ba9c0c757244810812cd262ddf0e52539552,5602996e20968329170e05b816863c8c0aa08640d60bcd6f2deb41406b22e5b9,time,"Проверить временные шкалы, задержку и discontinuity",False
jitsi/jitsi-videobridge,https://github.com/jitsi/jitsi-videobridge,streaming_transport,"Jitsi Videobridge is a WebRTC compatible video router or SFU that lets build highly scalable video conferencing infrastructure (i.e., up to hundreds of conferences per server).",Kotlin,3103,False,2026-09-04T20:04:20Z,Apache-2.0,metadata_manual_readme_automated,ok,abf11eba6232b9cb502cd11b4db3c36fe0b82395,11993595a5d2aefa3a6579ab1788faa6c67f77024eb93f2da22335be62b4475f,modularity,Проверить границы модулей и контракт расширений,False
jliljebl/flowblade,https://github.com/jliljebl/flowblade,editor_compositor,Video Editor for Linux,Python,3089,False,2026-06-23T08:08:05Z,GPL-3.0,metadata_manual_readme_automated,ok,f352082400b226880b5ac42c51ad267b2932efe4,031f4b083a7fcb3c6a198e385b0c5adcf6dfafde7e075debfeb939e0eae826ae,gpu; time; modularity,"Проверить передачу GPU-поверхностей и синхронизацию; Проверить временные шкалы, задержку и discontinuity; Проверить границы модулей и контракт расширений",False
jneem/nnnoiseless,https://github.com/jneem/nnnoiseless,audio_dsp,Recurrent neural network for audio noise reduction,Rust,364,False,2025-12-18T22:43:03Z,BSD-3-Clause,metadata_manual_readme_automated,ok,7462e0ef3f8462d4ef24339ea9458f37d216c4d8,6fe3638a09e9143e9ab728ac71a3de5198990860ad9f845af6e997bf83400e65,,Проверить применимость по назначению; README не дал архитектурных сигналов,False
joelngwt/CloudyNvCapture,https://github.com/joelngwt/CloudyNvCapture,codec_hardware,Video capture and livestreaming of games using DirectX11 using Nvidia's Capture SDK and Nvidia's Video Codec SDK,C,48,False,2017-07-31T06:26:30Z,UNKNOWN,metadata_manual_readme_automated,ok,f62207d13fb4bc45df57c52529a207066381a37c,6f183cb13f46d16166ad319e588ef8bdc2a9b3f653c6ec1acc6e3bb6acb7e9b2,,Проверить применимость по назначению; README не дал архитектурных сигналов,False
joncampbell123/composite-video-simulator,https://github.com/joncampbell123/composite-video-simulator,editor_compositor,Code to process video to simulate analog composite video.,C++,203,False,2026-05-14T19:11:05Z,GPL-2.0,metadata_manual_readme_automated,ok,6b22e38dc0d84dc096529889c4da3dd27c34153e,7279d2e9420f7b680a63cdc40285d7413065be08023b6950280426ed1225fde0,,Проверить применимость по назначению; README не дал архитектурных сигналов,False
JorenSix/TarsosDSP,https://github.com/JorenSix/TarsosDSP,audio_dsp,A Real-Time Audio Processing Framework in Java,Java,2191,False,2026-06-18T11:18:04Z,GPL-3.0,metadata_manual_readme_automated,ok,316344c1db0b79e9b4b7689fef3811327425d5da,82d69555a085254d64bf23136950d9d75e501ea449ca351822ea892fabb2bc17,scheduling; modularity,"Проверить очереди, ожидание и бюджет параллелизма; Проверить границы модулей и контракт расширений",False
joshdoe/gst-plugins-vision,https://github.com/joshdoe/gst-plugins-vision,streaming_transport,GStreamer plugins related to the field of machine vision,C,148,False,2023-04-06T12:44:44Z,NOASSERTION,metadata_manual_readme_automated,ok,4cdecc1b2e14203342b670118c89ce60c9f16b34,52d2470c318ca81a1058e2863e7b0476cae2f3a0221269e57a390c6f837f3ba8,scheduling; modularity,"Проверить очереди, ожидание и бюджет параллелизма; Проверить границы модулей и контракт расширений",False
joshuaboniface/rffmpeg,https://github.com/joshuaboniface/rffmpeg,integration_wrapper,rffmpeg: remote SSH FFmpeg wrapper tool,Python,1071,False,2025-11-03T19:42:58Z,GPL-3.0,metadata_manual_readme_automated,ok,2c0fddb0fe6f9b5720431ae94cdcec2045dcfa04,f30ddef71746c80532e0149a80c29ddc980a0979ac30fb5ef6a6ecbed1d03977,gpu,Проверить передачу GPU-поверхностей и синхронизацию,False
jsh-me/simple-android-editor,https://github.com/jsh-me/simple-android-editor,editor_compositor,📷 Android video and photo editor using Deep Learning ( FFMPEG / ExoPlayer2 / Super Resolution / Video and Image Inpainting ),Kotlin,193,False,2022-04-10T11:33:33Z,Apache-2.0,metadata_manual_readme_automated,ok,10be0792b67d6a9e8c6a979eb044ab4d0e558d38,a7027753f613e8045bdd470e8fbc7c871f2b2b684e70d07646a773caf5c826eb,,Проверить применимость по назначению; README не дал архитектурных сигналов,False
JuliaIO/TranscodingStreams.jl,https://github.com/JuliaIO/TranscodingStreams.jl,transcoding_product,"Simple, consistent interfaces for any codec.",Julia,90,False,2026-06-22T06:22:08Z,NOASSERTION,metadata_manual_readme_automated,ok,95ec4a8b2acb432d4fe8b04cce49c9c0b6879f22,e4e84424035cb484f91a9784b1f2adb5ff423c84b7657230ce711926739660ab,memory,"Проверить владение, лимиты памяти и жизненный цикл буферов",False
juntaosun/ComeCut,https://github.com/juntaosun/ComeCut,editor_compositor,"「来剪」轻量级视频编辑器。网页版、桌面版等均可免费使用，功能灵感源自 CapCut 等编辑器。A Lightweight Video Editor. Free for the web, desktop, and more, with features inspired by editors like CapCut.",HTML,590,False,2026-08-30T14:37:02Z,AGPL-3.0,metadata_manual_readme_automated,ok,d7684c440b3081f1eb72c85476815045a9eef47d,a3bdcd6deabfb5ec26dee26ff9f99acc3fb4a9c204fefc4a0b943aa1fbf88ae2,modularity,Проверить границы модулей и контракт расширений,False
justdan96/tsMuxer,https://github.com/justdan96/tsMuxer,container_metadata,"tsMuxer is a transport stream muxer for remuxing/muxing elementary streams, EVO/VOB/MPG, MKV/MKA, MP4/MOV, TS, M2TS to TS to M2TS. Supported video codecs H.264/AVC, H.265/HEVC, VC-1, MPEG2. Supported audio codecs AAC, AC3 / E-AC3(DD+), DTS/ DTS-HD. ",C++,1058,True,2025-04-21T10:41:40Z,Apache-2.0,metadata_manual_readme_automated,ok,96e3210c0e181de2716c561dff47b90a5681f2e2,e2acfa845da577f6287273c971d36734bdcdf8bc774bdc4e86d5370a7a536e2a,,Проверить применимость по назначению; README не дал архитектурных сигналов,False
jvdillon/netv,https://github.com/jvdillon/netv,transcoding_product,_Universal_ IPTV in your Browser & _Efficient_ Transcoding on your Server,Python,508,False,2026-08-30T05:04:36Z,Apache-2.0,metadata_manual_readme_automated,ok,318aa6d987fc9d01763a337660d7fa6590b825fc,c0159daa49e6869bf7ba7e487579424893b54192c1b8960ba0f4e07ec6071142,scheduling; gpu; time; modularity,"Проверить очереди, ожидание и бюджет параллелизма; Проверить передачу GPU-поверхностей и синхронизацию; Проверить временные шкалы, задержку и discontinuity; Проверить границы модулей и контракт расширений",False
Jzvd/JZVideo,https://github.com/Jzvd/JZVideo,playback,高度自定义的安卓视频框架 MediaPlayer exoplayer ijkplayer ffmpeg,Java,3011,False,2026-03-26T03:17:31Z,MIT,metadata_manual_readme_automated,ok,92b2b0c64ca7487c3f7a381d8aae495734c9c225,cf878ce946a5577576c104991dcf1032ecf4229df1c7ed3b38fb91d884405e5e,modularity,Проверить границы модулей и контракт расширений,False
Kagami/ffmpeg.js,https://github.com/Kagami/ffmpeg.js,processing_framework,Port of FFmpeg with Emscripten,JavaScript,3463,False,2023-11-04T22:20:41Z,NOASSERTION,metadata_manual_readme_automated,ok,cf28cfe42161fef40a86eddea8b2a3565b2bf11a,48b44ee49b80b4223afde560b9088db72ca12bfa51f72adbab6017b6656154ad,scheduling,"Проверить очереди, ожидание и бюджет параллелизма",False
kaltura/media-framework,https://github.com/kaltura/media-framework,processing_framework,Kaltura Live Media Framework,C,180,False,2026-06-11T07:11:16Z,AGPL-3.0,metadata_manual_readme_automated,ok,8b151222dad5a0ff68906e3f9f13a62d8c06f978,9defe4cf42cdb6ff96ccb29c4ad234a3055933ae4cde98a52cabdd6aecbf6bc5,memory; gpu; time; quality,"Проверить владение, лимиты памяти и жизненный цикл буферов; Проверить передачу GPU-поверхностей и синхронизацию; Проверить временные шкалы, задержку и discontinuity; Проверить корпус, качество и воспроизводимость метрик",False
kaltura/nginx-vod-module,https://github.com/kaltura/nginx-vod-module,container_metadata,NGINX-based MP4 Repackager,C,2119,False,2026-07-05T13:22:22Z,AGPL-3.0,metadata_manual_readme_automated,ok,0c768e0684e13c2407bfa6b68af285ae3d1ce476,785c1e97fe66245824121b838a24bc010cbbdc36b83ecff85ae326321391be4d,memory; scheduling; time,"Проверить владение, лимиты памяти и жизненный цикл буферов; Проверить очереди, ожидание и бюджет параллелизма; Проверить временные шкалы, задержку и discontinuity",False
KartikLabhshetwar/better-shot,https://github.com/KartikLabhshetwar/better-shot,editor_compositor,"One app for the whole screen. Screenshots, screen recording, and a video editor, native on macOS. Open-source CleanShot X + Loom alternative. No subscription, no account, no telemetry.",Swift,2246,False,2026-08-30T17:34:51Z,BSD-3-Clause,metadata_manual_readme_automated,ok,6fe44b9bb56cceaa7f76889c44c81c57aafd1af3,3a20a741824c8b6cc70720b543194f9b0f66b3515e695dda5120b2b8da35c78f,,Проверить применимость по назначению; README не дал архитектурных сигналов,False
kazuki/mediacodec.wasm,https://github.com/kazuki/mediacodec.wasm,codec_hardware,Audio/Video Codec in WebAssembly,TypeScript,25,False,2020-08-09T08:53:39Z,UNKNOWN,metadata_manual_readme_automated,ok,14af74dc104214053d7f3758596fcafd6cf9623d,9a1901faa76a3534aa669063e127dc9ccd046554ea1e38fbab62852b7c48b7eb,,Проверить применимость по назначению; README не дал архитектурных сигналов,False
kazuki/video-codec.js,https://github.com/kazuki/video-codec.js,codec_hardware,JavaScript Video Encoder/Decoder Sample (daala/libvpx/openH264 compiled with emscripten to JavaScript),TypeScript,86,False,2021-05-18T04:51:01Z,UNKNOWN,metadata_manual_readme_automated,ok,a62f8e298c0a7de76a96bce41b62d0329425c486,09d773187b08b28a126b71f3150f2215b0a25cc5ffdd2088df102acb5b43dfad,time,"Проверить временные шкалы, задержку и discontinuity",False
KDE/kdenlive,https://github.com/KDE/kdenlive,editor_compositor,"Free and open source video editor, based on MLT Framework and KDE Frameworks",C++,5602,False,2026-09-04T16:38:58Z,GPL-3.0,metadata_manual_readme_automated,ok,aafacd56d79aeb85ff57fe1cfbbfd8e6a585db6d,86f55bc195dc5ff81d82f52d1c4b10a17c411e6fc43a629be0c2a74708084f36,,Проверить применимость по назначению; README не дал архитектурных сигналов,False
keijiro/FFmpegOut,https://github.com/keijiro/FFmpegOut,processing_framework,Video capture plugin for Unity with FFmpeg.,C#,989,False,2020-10-06T03:30:19Z,MIT,metadata_manual_readme_automated,ok,f546fe4d60391c383ba63c1cea95b55f7ec67a42,900ea61b9e7e55dca4591d800e19e560d58291567c73257654bad24816006e60,gpu; modularity,Проверить передачу GPU-поверхностей и синхронизацию; Проверить границы модулей и контракт расширений,False
keijiro/Lasp,https://github.com/keijiro/Lasp,audio_dsp,Low-latency Audio Signal Processing plugin for Unity,C#,1708,False,2025-10-10T02:51:53Z,Unlicense,metadata_manual_readme_automated,ok,50cdd1a0c2337666378f575f1be08fe7fc34d9b4,7a86035880155fd508ee7507e36cd1967edd56c6670630e478b2b5b6c3f648a2,time; modularity,"Проверить временные шкалы, задержку и discontinuity; Проверить границы модулей и контракт расширений",False
kevincox/rustymedia,https://github.com/kevincox/rustymedia,transcoding_product,A Transcoding DLNA Server,Rust,70,False,2024-05-11T12:58:56Z,NOASSERTION,metadata_manual_readme_automated,ok,05457b2967b749fd927defdeb29446ecb8c5adaf,305ba721965e6cfe4d463d98a69bd9f88df1f55774d966a1907850d1ba2b5fd2,,Проверить применимость по назначению; README не дал архитектурных сигналов,False
khenriks/mp3fs,https://github.com/khenriks/mp3fs,transcoding_product,FUSE-based transcoding filesystem from FLAC to MP3,C++,418,False,2025-09-11T23:23:40Z,GPL-3.0,metadata_manual_readme_automated,ok,8529bdc007c98fc541d96fd53821a4ebb56e53b2,b07e1b27b5bd82bd4f9043851f85cbbc999d047b11505c306600bb2eb98af19c,,Проверить применимость по назначению; README не дал архитектурных сигналов,False
kingslay/KSPlayer,https://github.com/kingslay/KSPlayer,playback,"A video player for iOS、macOS、tvOS、visionOS , based on AVPlayer and FFmpeg, support HLG、HDR10、 HDR10+、Dolby Vision、Dolby Atmos、Text/Image subtitle.",Swift,1657,False,2026-08-22T13:51:00Z,GPL-3.0,metadata_manual_readme_automated,ok,3f9cf67c60154ea2645719bbd2582aaa5e738c99,23003de0fdd78e9346a524aff25241f6882855bdd480af15ba12decc4c9d4c71,time,"Проверить временные шкалы, задержку и discontinuity",False
KinWaiCheuk/nnAudio,https://github.com/KinWaiCheuk/nnAudio,audio_dsp,Audio processing by using pytorch 1D convolution network,Python,1127,False,2026-05-21T00:17:23Z,MIT,metadata_manual_readme_automated,ok,b51301bf353757f79f7de12cc38327f390bf11cb,e70fd03b51619d1b54863ef2bd3453a9089e22331c086d2362d834f06e1104db,gpu; modularity,Проверить передачу GPU-поверхностей и синхронизацию; Проверить границы модулей и контракт расширений,False
kirushyk/gst-instruments,https://github.com/kirushyk/gst-instruments,streaming_transport,Easy-to-use profiler for GStreamer,C,154,False,2025-01-06T11:48:08Z,LGPL-3.0,metadata_manual_readme_automated,ok,8f5e624fdb53688f5729a6a1afd898f0d4bd5c98,c9423711d3a5bf52b7adc3d16161954e13ceb165d8d09ae97e0bb2bc9f91efd1,scheduling; time,"Проверить очереди, ожидание и бюджет параллелизма; Проверить временные шкалы, задержку и discontinuity",False
kkroening/ffmpeg-python,https://github.com/kkroening/ffmpeg-python,integration_wrapper,Python bindings for FFmpeg - with complex filtering support,Python,11010,False,2024-08-04T00:07:08Z,Apache-2.0,metadata_manual_readme_automated,ok,b8ee922160d0ee4611dd0eb97065504884fd781f,990de31cda3a5e0a20e6cc14cd7aa9fefdfac5044c138a44958c989e23a9ecd6,,Проверить применимость по назначению; README не дал архитектурных сигналов,False
kmcclive/tricycle,https://github.com/kmcclive/tricycle,transcoding_product,Video transcoding... easier than riding a bike.,C#,94,False,2022-12-08T06:25:25Z,NOASSERTION,metadata_manual_readme_automated,ok,82662a01d49c7011e0f0d6398c99158aaecc3149,237b5898d84830acd7ab16ff3552e4f4d4abaaee2ae5f9ec4aa9ea169287141e,,Проверить применимость по назначению; README не дал архитектурных сигналов,False
knik0/faad2,https://github.com/knik0/faad2,targeted_library_framework,Freeware Advanced Audio (AAC) Decoder faad2 mirror,C,231,False,2026-08-27T06:49:06Z,NOASSERTION,metadata_manual_readme_automated,ok,c9b6cddbc8f32272d27ee12ab5ebbfb0f61b021b,1f4c7ff64ad2a330f5609471d583f88c6d573b71f23547e38f6f88d32170d918,,Проверить применимость по назначению; README не дал архитектурных сигналов,False
kolyvan/kxmovie,https://github.com/kolyvan/kxmovie,playback,movie player for iOS using ffmpeg,Objective-C,2857,False,2024-07-11T18:33:14Z,UNKNOWN,metadata_manual_readme_automated,ok,26a24f3b11d3ad8e8e8d2c0db2c21d3609dd48f8,ba25647f57886a495bc7595a5d3b974a44835cb84a088486bc17e2c90d8f276d,,Проверить применимость по назначению; README не дал архитектурных сигналов,False
ksvc/KSYMediaEditorKit_Android,https://github.com/ksvc/KSYMediaEditorKit_Android,editor_compositor,"金山云短视频编辑SDK Android版本,合成速度快,支持抖动、冲击波、灵魂出窍等特效滤镜 Short video editor SDK powered by KSYUN, which makes it easy to capture, create, view, edit and share your clips and playback anywhere",,220,False,2019-01-30T06:36:37Z,UNKNOWN,metadata_manual_readme_automated,ok,ded9860298ba44fb4be2f8b0d973db240f27a077,2a8455b8ec204b73358fb0f83dc0ecaabf296cc38622b72d4b44c5980a981055,,Проверить применимость по назначению; README не дал архитектурных сигналов,False
kudlav/videoeditor,https://github.com/kudlav/videoeditor,editor_compositor,"Web Based Video Editor Using MLT Framework, Bachelor thesis",JavaScript,534,False,2021-01-19T14:47:44Z,Apache-2.0,metadata_manual_readme_automated,ok,23749435d57e8c814cd205faccd09d6547b878e4,700efddf72ab47e015d28d8b91eb952c368443b71628536fd1856ba881a52a7b,modularity,Проверить границы модулей и контракт расширений,False
kueblert/AndroidMediaCodec,https://github.com/kueblert/AndroidMediaCodec,codec_hardware,"Android Media codec for video encoding and decoding from C++ (e.g. for use with QT). Not fully tested yet, ergo not stable, API 23.",C++,25,False,2018-10-05T13:40:11Z,UNKNOWN,metadata_manual_readme_automated,ok,e96de5dd68bf122da682dc6ecbade1a530a0eabe,d2e14742c6952e892e921d968401c5a63f2f4a66033635f86d39448bbcd82bc1,scheduling; time,"Проверить очереди, ожидание и бюджет параллелизма; Проверить временные шкалы, задержку и discontinuity",False
KyrieFeng23/QT5-Image-and-video-processing-software,https://github.com/KyrieFeng23/QT5-Image-and-video-processing-software,processing_framework,使用QT5+Opencv完成简单的图像处理及视频处理软件。图像处理包括：灰度化、均值滤波、边缘检测、伽马变换、旋转镜像、亮度调节、二值化、对比度，饱和度调节、色彩调节、图片保存、水印等。 视频处理包括：二值化、边缘检测、灰度化、平滑、局部马赛克、缩放等。 此外还进行了界面美化、中英翻译等。,C++,405,False,2026-06-05T07:14:01Z,UNKNOWN,metadata_manual_readme_automated,ok,c221ffdb072d43bc404d12322ca5030a45103c2a,4c01412728b35440e10ff312d658fe6d49a46570f8364d42f0eff5192c5c02e9,,Проверить применимость по назначению; README не дал архитектурных сигналов,False
LaiFengiOS/LFLiveKit,https://github.com/LaiFengiOS/LFLiveKit,streaming_transport,"LaiFeng IOS Live Kit,H264 and AAC Hard coding，support GPUImage Beauty， rtmp transmission，weak network lost frame，Dynamic switching rate",Objective-C,4391,False,2023-04-07T03:07:30Z,MIT,metadata_manual_readme_automated,ok,e34a28a3e99103061ef8879b007a72705e8a6f05,8527111604bf56f7c0a1bb519ec4034131fde4ab120f4254b7bf9cda1d177175,gpu,Проверить передачу GPU-поверхностей и синхронизацию,False
Lake1059/FFmpegFreeUI,https://github.com/Lake1059/FFmpegFreeUI,processing_framework,3FUI 是 ffmpeg 在 Windows 上的轻度专业交互外壳，收录大量参数，界面美观，交互友好。此项目面向国内使用环境，让普通人也能够轻松压制视频和转换格式。,Visual Basic .NET,8160,False,2026-09-04T09:35:28Z,MIT,metadata_manual_readme_automated,ok,71f8ab95187be239f1e40f9694117fdf031c0e63,4fd9777dc13d2b723edca2e6110fc17e77930ddf31478e31d320438abab915dd,scheduling; gpu; time; modularity,"Проверить очереди, ожидание и бюджет параллелизма; Проверить передачу GPU-поверхностей и синхронизацию; Проверить временные шкалы, задержку и discontinuity; Проверить границы модулей и контракт расширений",False
LaoFeng-mouse/flyingmouse-format,https://github.com/LaoFeng-mouse/flyingmouse-format,processing_framework,飞鼠格式 FlyingMouse Format - Windows 免费文件格式转换工具（离线可用，内置 FFmpeg/LibreOffice/Poppler/Tesseract）。图片/文档/表格/PPT/PDF/音视频/WPS 格式互转 + OCR + 批量转换；音频仅支持普通格式。作者：牢蜂（LaoFeng）｜仅供个人免费使用，禁止商业售卖/转卖/套壳,JavaScript,5398,False,2026-09-04T14:32:12Z,NOASSERTION,metadata_manual_readme_automated,ok,09146c032ff6abcad7dc4f810be85ab345179cf4,9a5b22628880eba795fae30ca551bf4b3b493dc000ebfb188b82a0ec9d35dd87,scheduling,"Проверить очереди, ожидание и бюджет параллелизма",False
larksuite/rsmpeg,https://github.com/larksuite/rsmpeg,processing_framework,A Rust crate that exposes FFmpeg's power as much as possible.,Rust,879,False,2025-08-24T15:20:36Z,MIT,metadata_manual_readme_automated,ok,4fb8784264e16def0ca952f588be814519721f3b,2862bd1330d233f0d992e1c94437d8d2389dca668bf4ab38a1fc98d708e9a238,,Проверить применимость по назначению; README не дал архитектурных сигналов,False
LCAV/pyroomacoustics,https://github.com/LCAV/pyroomacoustics,audio_dsp,Pyroomacoustics is a package for audio signal processing for indoor applications. It was developed as a fast prototyping platform for beamforming algorithms in indoor scenarios.,Python,1932,False,2026-07-17T01:55:51Z,MIT,metadata_manual_readme_automated,ok,7ccb450a393aa8c085af3a80efc0642d27acaf0c,b4f3a2e10e797c52500b6abf2045bf7ebe3a97771089a02f9701fadb5ccc2216,,Проверить применимость по назначению; README не дал архитектурных сигналов,False
LeadRDRK/AsciiVid,https://github.com/LeadRDRK/AsciiVid,codec_hardware,ASCII video codec and player.,C++,23,False,2022-10-04T09:34:17Z,MIT,metadata_manual_readme_automated,ok,22078d6d2ae172305e59abd4e858abefae2d9058,d447451f4e6aec79530899e78faf399eefb6a27f1a914a85904ed4f2e83892ad,,Проверить применимость по назначению; README не дал архитектурных сигналов,False
leafo/gifserver,https://github.com/leafo/gifserver,transcoding_product,A server for transcoding gif to video on the fly,Go,102,False,2016-12-27T08:34:22Z,UNKNOWN,metadata_manual_readme_automated,ok,ac568fd592cd40f3eafe37d464bb6904660b3269,599723623f68934cac3b7ac87ac561119af119b5cdf73b0c5f8f4f0fd1b57d42,scheduling,"Проверить очереди, ожидание и бюджет параллелизма",False
lecepin/tss-merge-to-mkv,https://github.com/lecepin/tss-merge-to-mkv,container_metadata,ts文件合并工具，同时支持其他视频格式转换为mkv/ts/mp4,JavaScript,361,False,2024-03-07T03:48:50Z,UNKNOWN,metadata_manual_readme_automated,ok,db6271dc0dc3408561c628c375e67341d4003572,0429143d2fdece31ba3dc85f1496ec84b662749abeca4625bcc09708f988ead6,,Проверить применимость по назначению; README не дал архитектурных сигналов,False
LeGoffMael/video_editor,https://github.com/LeGoffMael/video_editor,editor_compositor,"A flutter package for editing video written in pure Dart with fully customizable UI. Supports crop, trim, rotation and cover selection.",Dart,500,False,2025-04-12T13:24:46Z,MIT,metadata_manual_readme_automated,ok,39dd06f492f8c50abfefaba0bbff4398e8cb3540,692530152476e74b4f815654e116577d7f615ec6eb40739611d47fb1a459d06b,,Проверить применимость по назначению; README не дал архитектурных сигналов,False
leibnizli/hummingbird,https://github.com/leibnizli/hummingbird,container_metadata,"A compression (jpg/png/webp/svg/gif/css/js/html/mp4/mov) App, it can convert different format pictures, support for macOS and Windows.",JavaScript,874,False,2026-08-10T17:31:15Z,MIT,metadata_manual_readme_automated,ok,ba8dd93423173049ed896824a8f00b5ae906204a,5eb964ead3cbef5abda8ace7d0b40dabbeec446104881811fd6d43968ee08290,,Проверить применимость по назначению; README не дал архитектурных сигналов,False
letqingbin/GoPlay,https://github.com/letqingbin/GoPlay,integration_wrapper,GoPlay is a media player framework for iOS. Based on FFmpeg and OpenGL ES 2.0. support all formats and custom your own filters by GLSL.,Objective-C,258,False,2020-09-15T06:12:27Z,UNKNOWN,metadata_manual_readme_automated,ok,b8f8ae51fb5cc590f0843cf2231d80b84910c7fc,d9a6f1020e7767b575e5dd20e1b70f61958b1cb1e2a25394dd6a4fccc157f714,gpu; time,"Проверить передачу GPU-поверхностей и синхронизацию; Проверить временные шкалы, задержку и discontinuity",False
lettier/gifcurry,https://github.com/lettier/gifcurry,editor_compositor,"😎 The open-source, Haskell-built video editor for GIF makers.",Haskell,1444,False,2021-08-13T16:19:41Z,BSD-3-Clause,metadata_manual_readme_automated,ok,ab37f00c02ab7feebb75993cc2fecbe0707bc465,2ec6e0f9980282578cf875574e245de3142dc75c6a435e503527cd58c3260a6f,modularity,Проверить границы модулей и контракт расширений,False
libav/libav,https://github.com/libav/libav,targeted_library_framework,"Libav github mirror, clone of git://git.libav.org/libav",C,1158,False,2021-05-22T23:16:28Z,NOASSERTION,metadata_manual_readme_automated,ok,169f878f8833db571127c0fd6affe841f0bbea85,f9991dc1551aacef9071c1616ac087e28215d3b6737244c70554c2648e911b97,,Проверить применимость по назначению; README не дал архитектурных сигналов,False
libjxl/libjxl,https://github.com/libjxl/libjxl,targeted_library_framework,JPEG XL image format reference implementation,C++,3649,False,2026-09-04T02:45:56Z,BSD-3-Clause,metadata_manual_readme_automated,ok,114d8a449a9f56573a52de64f20adf0a98be917a,2e71db87654b1152b394a71160f54f08705d3464421ff03e47f3b550cb28b42d,scheduling; quality; modularity,"Проверить очереди, ожидание и бюджет параллелизма; Проверить корпус, качество и воспроизводимость метрик; Проверить границы модулей и контракт расширений",False
libobjc/SGPlayer,https://github.com/libobjc/SGPlayer,playback,"A powerful media play framework for iOS, macOS, and tvOS.",Objective-C,2195,False,2025-02-21T05:41:46Z,MIT,metadata_manual_readme_automated,ok,7d331b439f35b55f169eabac6f32b843031c8256,30e8ce2fecd0f692b84a6716ebf6dc6782a6b5693e71effbacce47cd4e169614,scheduling; gpu,"Проверить очереди, ожидание и бюджет параллелизма; Проверить передачу GPU-поверхностей и синхронизацию",False
libsndfile/libsndfile,https://github.com/libsndfile/libsndfile,targeted_library_framework,A C library for reading and writing sound files containing sampled audio data.,C,1711,False,2026-09-01T09:08:12Z,LGPL-2.1,metadata_manual_readme_automated,ok,7549908c9d1026ff2cbf02d03579641d1b13f1e6,9a41bb69194c78407a6a0008b59028bc7e4ba0adde79c738bac1bcf82ea05e5e,scheduling; modularity,"Проверить очереди, ожидание и бюджет параллелизма; Проверить границы модулей и контракт расширений",False
libvips/libvips,https://github.com/libvips/libvips,targeted_library_framework,A fast image processing library with low memory needs.,C,11628,False,2026-09-04T14:31:10Z,LGPL-2.1,selected_source_excerpts,ok,ca8b2fc23ff027eebd5ac7187bcfa17ea238b197,6174a9f498f6e403dd36d59144ed4546a85ad5457f0b19edfce8697ec2aa8abf,scheduling; quality; modularity,"Проверить очереди, ожидание и бюджет параллелизма; Проверить корпус, качество и воспроизводимость метрик; Проверить границы модулей и контракт расширений",False
libxengine/libxengine,https://github.com/libxengine/libxengine,codec_hardware,"xengine is network,protocol,video and audio codec,streammedia protocol toolkit with c c++",C,45,False,2026-09-02T07:52:21Z,LGPL-3.0,metadata_manual_readme_automated,ok,3ad0b1acc0b79e2063841d57e9db4648ff4e5f22,8daf16af8f945ededfe61a0bb0ba2628ed1967125536e09fa303569937787d96,,Проверить применимость по назначению; README не дал архитектурных сигналов,False
lieff/minimp4,https://github.com/lieff/minimp4,container_metadata,Minimalistic MP4 mux/demux single header library ,C,434,False,2026-07-27T17:30:17Z,CC0-1.0,metadata_manual_readme_automated,ok,9c634cb7facd26344dd45a111ccbc08cf56e8895,80f57deac829d157685e943ae4ed208b53ef5490f22c22b21c77dd2f28c6b6b0,,Проверить применимость по назначению; README не дал архитектурных сигналов,False
linagora/hublin,https://github.com/linagora/hublin,streaming_transport,DEPRECATED - An easy and free video conference service based on WebRTC,JavaScript,1606,True,2021-02-10T04:51:34Z,NOASSERTION,metadata_manual_readme_automated,ok,5f7f47b7b454201b3d548ee82e636da2a10b07ba,7e7ba1d6a288d0849ec4a255a6a7229cbe45c6bfbb9c5ac3d8e98f973a0046fa,modularity,Проверить границы модулей и контракт расширений,False
lincollincol/Amplituda,https://github.com/lincollincol/Amplituda,audio_dsp,"Audio processing library, which provides waveform data",C,281,False,2025-09-10T10:13:48Z,Apache-2.0,metadata_manual_readme_automated,ok,c01a1a1594fa1bb3c851a42ad02be211a28a833c,cc27d3472ae50d1462ad9b95156fbb6a9f9670cf0bc5de44be4a593a0e3ba80b,,Проверить применимость по назначению; README не дал архитектурных сигналов,False
lipangit/JiaoZiVideoPlayer,https://github.com/lipangit/JiaoZiVideoPlayer,playback,MediaPlayer exoplayer ijkplayer ffmpeg,Java,10476,True,2020-09-14T19:02:20Z,MIT,metadata_manual_readme_automated,ok,8a6d5cd05c68435fa9c2024aa339a592677ae65e,612b54d8cace1a82d454a93f3b0773484f45d22e4d9fe01caa7e9f2429047558,,Проверить применимость по назначению; README не дал архитектурных сигналов,False
lisamelton/other_video_transcoding,https://github.com/lisamelton/other_video_transcoding,transcoding_product,Other tools to transcode videos.,Ruby,587,False,2025-01-21T19:01:20Z,MIT,metadata_manual_readme_automated,ok,31c86048359ae149caacd8ef14c29e0682ecb280,fc596c09da0b95cd05c81af031e39aebcca95fceba75db99cb66563c2249af89,gpu,Проверить передачу GPU-поверхностей и синхронизацию,False
lisamelton/video-transcoding-scripts,https://github.com/lisamelton/video-transcoding-scripts,transcoding_product,"Utilities to transcode, inspect and convert videos.",Shell,598,False,2024-07-03T03:40:22Z,MIT,metadata_manual_readme_automated,ok,9f4ea5d038f28dd670db961ce5b867516c7c5438,8437eb690061c1c05919b1c941543145b1eba9ec19f3b65014dad6926f2caf9d,memory; scheduling,"Проверить владение, лимиты памяти и жизненный цикл буферов; Проверить очереди, ожидание и бюджет параллелизма",False
lisamelton/video_transcoding,https://github.com/lisamelton/video_transcoding,transcoding_product,"Tools to transcode, inspect and convert videos.",Ruby,2517,False,2026-08-30T01:52:29Z,MIT,metadata_manual_readme_automated,ok,f8e7016c54fd6415dca7b08980cb08973c2f96e5,bd37ec6eab4936d326e90dfbc6a01aff06ded773d21b2ba98d6f29bdf1cbcd7e,gpu,Проверить передачу GPU-поверхностей и синхронизацию,False
LLhon/Android-Video-Editor,https://github.com/LLhon/Android-Video-Editor,editor_compositor,一款Android视频编辑项目，功能有视频拍摄，视频裁剪，视频滤镜，视频压缩,Java,1324,False,2019-04-12T06:39:37Z,UNKNOWN,metadata_manual_readme_automated,ok,7731d46889d6c69c87effe22491824315c82c9a4,e167f94eca0c5de28cdfdffd8e54452da122eaf04735f401c39d5739bb7afc18,,Проверить применимость по назначению; README не дал архитектурных сигналов,False
lmangani/ffmpeg-wasm-voip,https://github.com/lmangani/ffmpeg-wasm-voip,transcoding_product,Convert RTP/RAW audio & video codecs in the browser (WASM),JavaScript,31,False,2023-09-30T09:54:24Z,MIT,metadata_manual_readme_automated,ok,ead65e6370e67e1e1a256f1a7ee973f4b1850f09,2faf4e96b1044fb5e18cf5bcffa651881a4cc8813c0b5214347f80d7c306d5e1,scheduling,"Проверить очереди, ожидание и бюджет параллелизма",False
lmk123568/PyVideoProc,https://github.com/lmk123568/PyVideoProc,streaming_transport,🚀 High-Performance Multi-Stream Video Processing in Python with CUDA,C++,243,False,2026-07-01T01:12:37Z,BSD-2-Clause,metadata_manual_readme_automated,ok,5ca8ec1dd842ad14b0ed5820f98affad678954f7,60c392a28a970c14dd724cbddc6050b42c5eb050b10c27b95a65c6810db89f83,scheduling; gpu,"Проверить очереди, ожидание и бюджет параллелизма; Проверить передачу GPU-поверхностей и синхронизацию",False
LMP88959/Digital-Subband-Video-1,https://github.com/LMP88959/Digital-Subband-Video-1,codec_hardware,Wavelet video codec in less than 5000 lines of C. Comparable to MPEG-1/MPEG-2 in terms of efficiency and quality.,C,35,True,2024-10-04T16:03:44Z,NOASSERTION,metadata_manual_readme_automated,ok,32a7822772f258305267f587c8cb568a6f0e40b6,59f522cd1760c442e27c60d670f84eb8058c7471714765c696eb466e0f108f3e,scheduling,"Проверить очереди, ожидание и бюджет параллелизма",False
LMP88959/Digital-Subband-Video-2,https://github.com/LMP88959/Digital-Subband-Video-2,codec_hardware,Lossy/lossless wavelet video codec. Comparable to H.264 in terms of efficiency and quality.,C,35,False,2026-09-03T17:22:49Z,NOASSERTION,metadata_manual_readme_automated,ok,0f4b0820a9033d0cfb7974e96cbe1bd4f9d0392f,cdbe23a683a3d46690339b7334b3099c713e2c0011bd498027c17bca39515459,scheduling,"Проверить очереди, ожидание и бюджет параллелизма",False
lostb1t/remux,https://github.com/lostb1t/remux,container_metadata,self-hosted media server with a Jellyfin-compatible API,Rust,447,False,2026-09-04T19:43:50Z,AGPL-3.0,metadata_manual_readme_automated,ok,3d62a2e500cbb49dcf105cd241c7bd4a977b359a,3c1a96e527c6f3bc4cbdf4736adf96dfd85fd352c1b690771d068a5b1ae2deb1,,Проверить применимость по назначению; README не дал архитектурных сигналов,False
lucasa/node-streamer,https://github.com/lucasa/node-streamer,audio_dsp,a streaming audio and video server built with nodejs and gstreamer,JavaScript,77,False,2012-01-10T00:11:17Z,UNKNOWN,metadata_manual_readme_automated,ok,9e7b5e2c21b4b775a0d6fcee70b4132aa908374d,d79b29498ad1985c6ce3abc40167092c4b169f7d04d7dbec917bcd34eb2071f6,,Проверить применимость по назначению; README не дал архитектурных сигналов,False
lucemia/typed-ffmpeg,https://github.com/lucemia/typed-ffmpeg,integration_wrapper,"Type-safe FFmpeg bindings for Python & TypeScript — filters, typing, and docs",TypeScript,1162,False,2026-09-03T03:08:47Z,MIT,metadata_manual_readme_automated,ok,b4eacda7d5d4afd49d18dcc44a58b6be1bd0570d,b7fb90a610f038c94259feeb4e28df9f84a2a818731980fd381a3f81a22338a3,modularity,Проверить границы модулей и контракт расширений,False
luigifcruz/kimera,https://github.com/luigifcruz/kimera,codec_hardware,Low-latency hardware accelerated codec based video streaming utility.,C,159,False,2021-06-15T01:47:03Z,GPL-2.0,metadata_manual_readme_automated,ok,75cb04feefa19a0cada1730da01ca0ccdd2a509b,18eefe8f36d59075c07b453fb1cef86d1a1f171b72705f052f190efc6e89cdca,gpu; time,"Проверить передачу GPU-поверхностей и синхронизацию; Проверить временные шкалы, задержку и discontinuity",False
lynckia/licode,https://github.com/lynckia/licode,streaming_transport,Open Source Communication Provider based on WebRTC and Cloud technologies,C++,3134,False,2026-09-03T00:11:31Z,MIT,metadata_manual_readme_automated,ok,cca3214086a5f993a8bf366a434544fcd4571082,fa1a84ce3a5c698f04ab2185d5efd94bbf719692ac905f0c623e0b3f7d8aeac0,,Проверить применимость по назначению; README не дал архитектурных сигналов,False
m1k1o/go-transcode,https://github.com/m1k1o/go-transcode,transcoding_product,On-demand transcoding origin server for live inputs and static files in Go using ffmpeg. Also with NVIDIA GPU hardware acceleration.,Go,294,False,2025-06-17T09:06:11Z,Apache-2.0,metadata_manual_readme_automated,ok,d6fb0b2725bce11f6605e5233bf5f7df9a75961e,d8d3de155a80233f3890efaff31e87a61f8b312f51b9ac6adec82cff929da472,gpu,Проверить передачу GPU-поверхностей и синхронизацию,False
m1k1o/neko,https://github.com/m1k1o/neko,streaming_transport,A self hosted virtual browser that runs in docker and uses WebRTC.,Go,22243,False,2026-08-30T15:02:19Z,Apache-2.0,metadata_manual_readme_automated,ok,3e61d0393a977436434388259d63359cd63aed6d,9aa54e2876775bb6d1e2475a761a5a0136fb8b05f1886f099564ae95d0f1c726,time,"Проверить временные шкалы, задержку и discontinuity",False
m3ue/m3u-proxy,https://github.com/m3ue/m3u-proxy,transcoding_product,"A high-performance IPTV streaming proxy service with failover support and comprehensive API management. Includes ability to transcode with hardware acceleration, or direct proxy without transcoding.",Python,103,False,2026-09-03T22:51:29Z,NOASSERTION,metadata_manual_readme_automated,ok,d84fa70af550247ce6ea9851fc81cc6b41f605f6,7865ce574ee2bc5c5b06b1fb163575ff1f58d17f7e7c7ef1c51782a1ce366776,gpu; time; modularity,"Проверить передачу GPU-поверхностей и синхронизацию; Проверить временные шкалы, задержку и discontinuity; Проверить границы модулей и контракт расширений",False
mabeijianxi/small-video-record,https://github.com/mabeijianxi/small-video-record,processing_framework,利用FFmpeg视频录制微信小视频与其压缩处理,C,3452,False,2020-06-13T13:01:59Z,Apache-2.0,metadata_manual_readme_automated,ok,8f7b1d04b755cf032a604996fbae4593888b47a7,4f289e07bdabf94f51771ab749f9d4d899a33d11830059f38ecb580e7f8052f4,memory; scheduling; modularity,"Проверить владение, лимиты памяти и жизненный цикл буферов; Проверить очереди, ожидание и бюджет параллелизма; Проверить границы модулей и контракт расширений",False
mackron/miniaudio,https://github.com/mackron/miniaudio,targeted_library_framework,"Audio playback and capture library written in C, in a single source file.",C,7222,False,2026-08-19T22:07:12Z,NOASSERTION,metadata_manual_readme_automated,ok,7d885375388c6d27507962d828f6dacd727dab70,3189aa9039ba073fab747948435e0fa5e279a32384c311ac87e9ff970eef037e,scheduling; modularity,"Проверить очереди, ожидание и бюджет параллелизма; Проверить границы модулей и контракт расширений",False
maddox/wallop,https://github.com/maddox/wallop,transcoding_product,📺 A transcoding server for your HDHomeRun Prime,Ruby,167,False,2022-05-27T17:39:41Z,UNKNOWN,metadata_manual_readme_automated,ok,411e305a7103e0948eb551c27a7d92d12671a521,847286af8f2b1633dfb2bfb6fe453e45eee25bd36325b59718a0cdeb08434491,,Проверить применимость по назначению; README не дал архитектурных сигналов,False
mafintosh/transcode-stream,https://github.com/mafintosh/transcode-stream,transcoding_product,Stream that transcodes video and audio codecs,JavaScript,39,False,2019-02-04T22:20:37Z,MIT,metadata_manual_readme_automated,ok,2a6570ea2b3e8a8f4bfbea718c23b81cc126ef8c,e423ef9ed9da0fd05eba0664bf2eb28b95f31ff2bca02c3ac3f210ee6d0f3fa1,,Проверить применимость по назначению; README не дал архитектурных сигналов,False
Martchus/tageditor,https://github.com/Martchus/tageditor,editor_compositor,"A tag editor with Qt GUI and command-line interface supporting MP4/M4A/AAC (iTunes), ID3, Vorbis, Opus, FLAC and Matroska",C++,886,False,2026-07-31T22:31:27Z,GPL-2.0,metadata_manual_readme_automated,ok,6aed2956bb61a4c431bed736fdbc68b5bea64cd4,dacaf41360f0eedf397c2d7f55f94db3c5ee866eaa9be711b86f51cfb80df9cc,time,"Проверить временные шкалы, задержку и discontinuity",False
MartinDelophy/ai-video-editor,https://github.com/MartinDelophy/ai-video-editor,editor_compositor,"Open-source, local-first video editor where creators and AI agents edit the same real timeline.",JavaScript,767,False,2026-09-03T06:30:59Z,MIT,metadata_manual_readme_automated,ok,fc166b0aee43d105008d6e034ff910517517ab00,98cd7bba95a20591c141d4f8092836c122b79d934dd45ad0155f4c8faf410638,gpu; time; modularity,"Проверить передачу GPU-поверхностей и синхронизацию; Проверить временные шкалы, задержку и discontinuity; Проверить границы модулей и контракт расширений",False
MasayukiSuda/GPUVideo-android,https://github.com/MasayukiSuda/GPUVideo-android,container_metadata,This library apply video filter on generate an Mp4 and on ExoPlayer video and  Video Recording with Camera2.,Java,678,False,2023-01-25T07:14:37Z,MIT,metadata_manual_readme_automated,ok,5a5ef0655a80f81e932ef68fc763b53ca06e3773,246dac97e2a844c1def787abfda91196f05d55fbaa7e87511025a3be55f6a18c,scheduling; gpu,"Проверить очереди, ожидание и бюджет параллелизма; Проверить передачу GPU-поверхностей и синхронизацию",False
MasayukiSuda/Mp4Composer-android,https://github.com/MasayukiSuda/Mp4Composer-android,container_metadata,"This library generate an Mp4 movie using Android MediaCodec API and apply filter, scale, trim, transcode, crop, timeScale, mute and rotate Mp4.",Java,982,False,2020-11-25T15:32:02Z,MIT,metadata_manual_readme_automated,ok,ac26d8d61500da8e1ce69bf37f76ee1185c120ac,dfa4dfa6f3d5bf5cec3490b5006b448264adbbfc49fc3db87b881037a6d39698,scheduling; gpu,"Проверить очереди, ожидание и бюджет параллелизма; Проверить передачу GPU-поверхностей и синхронизацию",False
Matroska-Org/libmatroska,https://github.com/Matroska-Org/libmatroska,container_metadata,a C++ libary to parse Matroska files (.mkv and .mka),C++,366,False,2026-08-31T13:28:59Z,LGPL-2.1,metadata_manual_readme_automated,ok,d661deb30993b04c50766aea8683530cb6e6ef86,703bf1989f71d62ce512d17dc3eb65b302e5f60d0b6e2769e976f07ec16ceb28,,Проверить применимость по назначению; README не дал архитектурных сигналов,False
matt-42/vpp,https://github.com/matt-42/vpp,processing_framework,"Video++, a C++14 high performance video and image processing library.",C++,740,False,2019-02-07T13:14:38Z,MIT,metadata_manual_readme_automated,ok,42c5e911a8f67851963f834871ec8e16bc1de51c,d45a5578732e80f5423d9aafd5c19d42772bd194a4ee94e220e9ef19b93e514f,memory; scheduling,"Проверить владение, лимиты памяти и жизненный цикл буферов; Проверить очереди, ожидание и бюджет параллелизма",False
MattMcManis/Axiom,https://github.com/MattMcManis/Axiom,integration_wrapper,An FFmpeg GUI for Windows,C#,1711,False,2021-11-09T09:26:21Z,GPL-3.0,metadata_manual_readme_automated,ok,f45481bf8aea056dbaf73050ced5121b8e746847,8625657012a7ee57b473cdc6793b7ff974ba0df2df1abaaec7a9ef160dd7bd58,,Проверить применимость по назначению; README не дал архитектурных сигналов,False
mau0x/html5-videoEditor,https://github.com/mau0x/html5-videoEditor,editor_compositor,A prototype trying to create a simple VideoEditing tool in the browser using JavaScript.,JavaScript,486,True,2013-04-19T20:57:38Z,UNKNOWN,metadata_manual_readme_automated,ok,945471526f5d579523de8fc4b3faad98508810fd,92ec71f54ab0c218f5770889c17c62305beadcbe931f73d01ec9c83dbb3cb517,,Проверить применимость по назначению; README не дал архитектурных сигналов,False
max-mapper/screencat,https://github.com/max-mapper/screencat,streaming_transport,:cat2: webrtc screensharing electron app for mac os (Alpha),CSS,3002,False,2016-02-18T12:54:39Z,BSD-2-Clause,metadata_manual_readme_automated,ok,558bb75b1a38a00e0bff4b983dc6479401c19142,d78eba8eebceaab20521524e65030ba11e82a1c8d96a599cf4f31d46510ac02e,,Проверить применимость по назначению; README не дал архитектурных сигналов,False
maxcurzi/tplay,https://github.com/maxcurzi/tplay,playback,"A terminal ASCII media player. View images, gifs, videos, webcam, YouTube, etc.. directly in the terminal as ASCII art.",Rust,681,False,2026-08-31T07:36:41Z,MIT,metadata_manual_readme_automated,ok,c6ff7b04e40a974a76804b54ad9e8b869ab3750e,eda61e1d61ba2689900f86d59a6bdfb477bd08b8696f00c40b37c45da431ecc1,modularity,Проверить границы модулей и контракт расширений,False
maxrd2/SubtitleComposer,https://github.com/maxrd2/SubtitleComposer,editor_compositor,Subtitle Composer - KF5/Qt Video Subtitle Editor,C++,253,False,2025-11-04T21:18:53Z,NOASSERTION,metadata_manual_readme_automated,ok,4449c7ef724708019047417b73ee04eb40712cab,813dc21649ea766c5be41fa60dc2068752833560e998899bcf4e9247edc9b821,,Проверить применимость по назначению; README не дал архитектурных сигналов,False
MaZderMind/dynamic-gstreamer-pipelines-cookbook,https://github.com/MaZderMind/dynamic-gstreamer-pipelines-cookbook,streaming_transport,Correctly adding and removing Elements from a GStreamer-Pipeline,Python,81,False,2019-05-30T22:02:47Z,UNKNOWN,metadata_manual_readme_automated,ok,1ff12e1a1b56930f59bf8ac89abedaccf87e9224,4856a5af965fcf75757557c781897ef17a94893f57fea29bbcdc21c5af68e15f,time,"Проверить временные шкалы, задержку и discontinuity",False
mbrucher/AudioTK,https://github.com/mbrucher/AudioTK,audio_dsp,An audio digital processing toolbox based on a workflow/pipeline principle,C++,253,True,2021-01-16T23:10:14Z,BSD-3-Clause,metadata_manual_readme_automated,ok,485553cd029ec401f28ee8eb45b5e5cd3cc4c021,3898e846c90c53f6981a90777765d6945898730b1e9ade272f2618312fbc91e4,scheduling; time; modularity,"Проверить очереди, ожидание и бюджет параллелизма; Проверить временные шкалы, задержку и discontinuity; Проверить границы модулей и контракт расширений",False
mdhiggins/sickbeard_mp4_automator,https://github.com/mdhiggins/sickbeard_mp4_automator,container_metadata,Automatically convert video files to a standardized format with metadata tagging to create a beautiful and uniform media library,Python,1586,False,2026-08-15T08:59:18Z,MIT,metadata_manual_readme_automated,ok,7316b3d73597aca6765e97f8835b1abeb1ed6127,5d6c1eccd2b757340173c98bf69d74a71b55268dd1dbc912134ceda08faaaee3,modularity,Проверить границы модулей и контракт расширений,False
mean00/avidemux2,https://github.com/mean00/avidemux2,editor_compositor,"Avidemux2, simple video editor",C,962,False,2026-09-04T00:30:12Z,NOASSERTION,metadata_manual_readme_automated,ok,933628488c7aee19ddf34c1215d11243b3ca246e,16d3cef83d658f951f42585e4d2c390d552cb81c9ae196b99ea48b6a85186f5e,,Проверить применимость по назначению; README не дал архитектурных сигналов,False
MediaArea/RAWcooked,https://github.com/MediaArea/RAWcooked,container_metadata,"Encodes RAW audio-visual data into the Matroska container (MKV), using the video codec FFV1 for the image and audio codec FLAC for the sound.",C++,49,False,2026-09-03T12:09:47Z,BSD-2-Clause,metadata_manual_readme_automated,ok,d121c692501a54f1239754574a39d61518f1ac2d,c8c4aa5a0d1835c9b4b2c24a29603e66cc2bf4ab3b0b0d1774af83bea8fbbd2b,,Проверить применимость по назначению; README не дал архитектурных сигналов,False
mediaelement/mediaelement,https://github.com/mediaelement/mediaelement,container_metadata,"HTML5 <audio> or <video> player with support for MP4, WebM, and MP3 as well as HLS, Dash, YouTube, Facebook, SoundCloud and others with a common HTML5 MediaElement API, enabling a consistent UI in all browsers.",JavaScript,8299,False,2026-05-12T09:15:03Z,MIT,metadata_manual_readme_automated,ok,cd3c6c9467a51cc29f4708f9800973c9d9461817,099fbf1f424e52d8ccf8df2d3e3c566e6d884bd0ea4d22aaf40c4df9b5d98c3e,modularity,Проверить границы модулей и контракт расширений,False
meetecho/asterisk-opus,https://github.com/meetecho/asterisk-opus,transcoding_product,"Opus (transcoding) and VP8 (passthrough) support for Asterisk, needed for a better WebRTC integration",,82,False,2015-02-13T12:03:26Z,GPL-2.0,metadata_manual_readme_automated,ok,50c7d9f719134b4f01e21df31b5c72c1837bc877,170560635e7fe931566d54b5450420322ea0fa0c6be0c7b65e64c64229ffb9a9,scheduling; time,"Проверить очереди, ожидание и бюджет параллелизма; Проверить временные шкалы, задержку и discontinuity",False
meetecho/janus-gateway,https://github.com/meetecho/janus-gateway,streaming_transport,Janus WebRTC Server,C,9159,False,2026-09-04T15:50:05Z,GPL-3.0,metadata_manual_readme_automated,ok,aea2520e8c63aeca3caf416f0d17fe6bb2f380c7,aa9f3974eeea1680b057ee72094f2acb284a5c2d2dc3556c9c0040110301758e,scheduling; time; quality; modularity,"Проверить очереди, ожидание и бюджет параллелизма; Проверить временные шкалы, задержку и discontinuity; Проверить корпус, качество и воспроизводимость метрик; Проверить границы модулей и контракт расширений",False
meetecho/simple-whip-client,https://github.com/meetecho/simple-whip-client,streaming_transport,Simple WHIP Client (based on GStreamer's webrtcbin),C,85,False,2025-10-23T15:50:13Z,GPL-3.0,metadata_manual_readme_automated,ok,d0328691cfd549ae4d8ccf3b1ebd212f0a4ce1a4,16b8ed6d164fb452f0ecca62d0270fe2b3569bebc39ba9adbd78328f1be350a5,scheduling; time,"Проверить очереди, ожидание и бюджет параллелизма; Проверить временные шкалы, задержку и discontinuity",False
membraneframework-labs/membrane_rtc_engine,https://github.com/membraneframework-labs/membrane_rtc_engine,targeted_library_framework,Customizable Real-time Communication Engine/SFU library focused on WebRTC.,Elixir,139,True,2024-09-19T16:43:22Z,Apache-2.0,metadata_manual_readme_automated,ok,7e17b2e306abc7583bdd2158376732e1ca5f57e1,ebe6167a773b74470c3d8eeef33bd632670ae293e7e7a0db74226bb92881e95b,,Проверить применимость по назначению; README не дал архитектурных сигналов,False
membraneframework/membrane_core,https://github.com/membraneframework/membrane_core,targeted_library_framework,"The core of Membrane Framework, multimedia processing framework written in Elixir",Elixir,1509,False,2026-09-01T00:46:41Z,Apache-2.0,selected_source_excerpts,ok,d9e5451c792ba1959d0400282c86f40935848778,884023ba844849bc613077d404eca1b2440fd9c3aec0f9fd7ed8ec2349b0eca7,scheduling; time; modularity,"Проверить очереди, ожидание и бюджет параллелизма; Проверить временные шкалы, задержку и discontinuity; Проверить границы модулей и контракт расширений",False
membraneframework/membrane_transcoder_plugin,https://github.com/membraneframework/membrane_transcoder_plugin,targeted_library_framework,Membrane plugin providing audio and video transcoding capabilities,Elixir,1,False,2026-09-01T09:59:06Z,Apache-2.0,metadata_manual_readme_automated,ok,4efa7cd6671fcd420c31654766d298ab062f9256,ace9f39cad449249672ff80ce05c6a78b132c4eedd1af662cd43064aeae9f3cc,modularity,Проверить границы модулей и контракт расширений,False
MetalPetal/MetalPetal,https://github.com/MetalPetal/MetalPetal,processing_framework,A GPU accelerated image and video processing framework built on Metal.,Objective-C,2185,False,2024-04-10T13:30:17Z,MIT,selected_source_excerpts,ok,a31af030b36ba223967c8b5060df33a2dc389bba,216ea495a81a342a1f24aafff94bdbeafd27f5f38e1b8603b21baf733bc91bc9,memory; scheduling; gpu; modularity,"Проверить владение, лимиты памяти и жизненный цикл буферов; Проверить очереди, ожидание и бюджет параллелизма; Проверить передачу GPU-поверхностей и синхронизацию; Проверить границы модулей и контракт расширений",False
michaelfranzl/janus-rtpforward-plugin,https://github.com/michaelfranzl/janus-rtpforward-plugin,streaming_transport,"Plugin for Janus forwarding RTP and RTCP packets to an external UDP receiver/decoder, e.g. a GStreamer pipeline",C,86,False,2024-01-06T14:32:16Z,GPL-3.0,metadata_manual_readme_automated,ok,be0341f7a06fde65db73c73b94517cce10fefdbd,1b50a9fa35e72f158591d96106bf00336669c7816b7f209d0d9f1d812595f8da,scheduling; time; modularity,"Проверить очереди, ожидание и бюджет параллелизма; Проверить временные шкалы, задержку и discontinuity; Проверить границы модулей и контракт расширений",False
microshow/RxFFmpeg,https://github.com/microshow/RxFFmpeg,processing_framework,🔥💥RxFFmpeg 是基于 ( FFmpeg 4.0 + X264 + mp3lame + fdk-aac + opencore-amr + openssl ) 编译的适用于 Android 平台的音视频编辑、视频剪辑的快速处理框架，包含以下功能：视频拼接，转码，压缩，裁剪，片头片尾，分离音视频，变速，添加静态贴纸和gif动态贴纸，添加字幕，添加滤镜，添加背景音乐，加速减速视频，倒放音视频，音频裁剪，变声，混音，图片合成视频，视频解码图片，抖音首页，视频播放器及支持 OpenSSL https 等主流特色功能,C,4745,False,2023-04-11T17:13:32Z,UNKNOWN,metadata_manual_readme_automated,ok,a841e86bcdae314ae4935b8bf1bda21ee86c1b05,805838ee9c56a326b034adcccdbd13eb2d119f23b0a50ee22c430b3461fc2260,,Проверить применимость по назначению; README не дал архитектурных сигналов,False
microsoft/auteur,https://github.com/microsoft/auteur,editor_compositor,"Live GStreamer node compositor service, implemented in rust",Rust,67,True,2023-06-21T22:47:40Z,MIT,metadata_manual_readme_automated,ok,279f2f2735f575064820b501ab1d5da9ad8a28b8,245f2c6c415eb5b69e14d0a3047a50de182f5356a2c3bc69218b627642a2d9f2,scheduling; modularity,"Проверить очереди, ожидание и бюджет параллелизма; Проверить границы модулей и контракт расширений",False
microsoft/mlvc,https://github.com/microsoft/mlvc,codec_hardware,MLVC: Multi-platform Learned Video Codec for Real-World Deployment,Python,352,False,2026-09-04T10:54:41Z,MIT,metadata_manual_readme_automated,ok,5e370483bcfb8620b40d3bdb88685d9c8d3d9750,ef5d5967b98477e4c392a386cfb7cc20b153b9f8e33ad018b8a10fbe5cfd3cff,gpu; quality; modularity,"Проверить передачу GPU-поверхностей и синхронизацию; Проверить корпус, качество и воспроизводимость метрик; Проверить границы модулей и контракт расширений",False
miroslavpejic85/mirotalk,https://github.com/miroslavpejic85/mirotalk,streaming_transport,"🚀 Open-source, self-hosted P2P WebRTC video conferencing for fast, private real-time communication. Create browser-based meeting rooms with no downloads or time limits, plus screen sharing, chat, whiteboard, recording, and collaboration.",JavaScript,4717,False,2026-09-04T19:24:46Z,AGPL-3.0,metadata_manual_readme_automated,ok,e04c8a5ca7bccbc9138e2033c3ee6ebe7a8df8f0,309866dd6e4ea371940c535a1360a48ef7b865ddc1b8a108a9e8609db14e1dc5,modularity,Проверить границы модулей и контракт расширений,False
miroslavpejic85/mirotalksfu,https://github.com/miroslavpejic85/mirotalksfu,streaming_transport,"🏆 Self-hosted, open-source WebRTC video conferencing platform for real-time communication and collaboration. A modern alternative to Zoom, Google Meet, Jitsi Meet, and Microsoft Teams, powered by scalable SFU architecture with Mediasoup.",JavaScript,3093,False,2026-09-04T20:43:40Z,AGPL-3.0,metadata_manual_readme_automated,ok,3d683190356d9fd785c2dcb5ba4dcc081e3a2452,8d61b0395fb2dfb04e4f41a32094ed9ba995febec3a541dddf452303265df25c,modularity,Проверить границы модулей и контракт расширений,False
miru-media/miru,https://github.com/miru-media/miru,editor_compositor,"Framework-agnostic, browser-based components for photo and video editing with WebGL and WebCodecs",TypeScript,45,False,2026-08-15T19:16:53Z,AGPL-3.0,metadata_manual_readme_automated,ok,60bf7f35f6c29568ef3088113a4afa08deaa9dab,b3f3f7902a30c7a0f6a0841fec9a7758be19d94e96f5e7c99aa823ed4b54aff7,gpu; modularity,Проверить передачу GPU-поверхностей и синхронизацию; Проверить границы модулей и контракт расширений,False
mlsmithjr/transcoder,https://github.com/mlsmithjr/transcoder,integration_wrapper,Python wrapper for ffmpeg for batch and/or concurrent transcoding,Python,121,False,2023-10-11T07:43:33Z,GPL-3.0,metadata_manual_readme_automated,ok,db7964bb557f013ae1cbfb2e7dbf1140967bfe77,83e1b524757356fb77fb82567bc7636c2b56c6099ef4f2c401b441a579866910,memory; scheduling; gpu,"Проверить владение, лимиты памяти и жизненный цикл буферов; Проверить очереди, ожидание и бюджет параллелизма; Проверить передачу GPU-поверхностей и синхронизацию",False
mltframework/mlt,https://github.com/mltframework/mlt,targeted_library_framework,MLT Multimedia Framework,C,1837,False,2026-09-04T21:43:17Z,LGPL-2.1,metadata_manual_readme_automated,ok,99719acd994bfa99dee5e3db75d6131a09c6fc1f,a3ba39a8237b057be12dd8e439204982fc76ab628a1d4ec08633db51f60f8035,scheduling; gpu,"Проверить очереди, ожидание и бюджет параллелизма; Проверить передачу GPU-поверхностей и синхронизацию",False
mltframework/shotcut,https://github.com/mltframework/shotcut,editor_compositor,"cross-platform (Qt), open-source (GPLv3) video editor",C++,15080,False,2026-09-04T21:25:50Z,GPL-3.0,metadata_manual_readme_automated,ok,6b878f53252d686ea72b3bb5969af8bc44c19b8e,2a38840fc2fafa928b9b8cfa4082581b1a1a699b920e5b9168a23c62bd6a9df8,modularity,Проверить границы модулей и контракт расширений,False
mohayonao/CoffeeCollider,https://github.com/mohayonao/CoffeeCollider,audio_dsp,Sound Processing Language for Web Audio,JavaScript,224,False,2015-10-09T00:44:23Z,MIT,metadata_manual_readme_automated,ok,37163093dbb5576a2db55c46bc7743a1c0c4ce6c,3f2ed2f355b5372a0ddd6f275d097676098cf5eeba153f2d8a32999cb72fc382,,Проверить применимость по назначению; README не дал архитектурных сигналов,False
mohayonao/pico.js,https://github.com/mohayonao/pico.js,audio_dsp,Audio processor for the cross-platform,JavaScript,308,False,2015-12-29T02:27:55Z,UNKNOWN,metadata_manual_readme_automated,ok,620f7d3900c9c52bdad59ee356ee9fbcc4647710,10b9ea6fede5b67fe11fa474c3b727ff8510352cd8256f69b3f3c14633c40ab4,,Проверить применимость по назначению; README не дал архитектурных сигналов,False
mohyware/clip-js,https://github.com/mohyware/clip-js,editor_compositor,"online video editor built with nextjs, remotion and ffmpeg (web assembly port) for render.",TypeScript,767,False,2026-08-03T18:03:38Z,MIT,metadata_manual_readme_automated,ok,c62883b3cd415bd2b1d4559bb99cecdddc038af3,2286734dc0c7794ef45f978a849cdd545bf799595da963f13717220998a4b18b,,Проверить применимость по назначению; README не дал архитектурных сигналов,False
mojing1999/jmcodec,https://github.com/mojing1999/jmcodec,codec_hardware,"H.264, H.265, VP9 ... Video codec hardware(Intel & Nvidia) acceleration",C,23,False,2019-07-01T03:27:43Z,GPL-3.0,metadata_manual_readme_automated,ok,c9657c06a4d08c8070053c53c5f5db57b93db5fe,75ffc57bdb981098279fba057d6fe6ccc816ea66a253bec7dd12ba8fea31204a,,Проверить применимость по назначению; README не дал архитектурных сигналов,False
moksamedia/Screen-Capture,https://github.com/moksamedia/Screen-Capture,codec_hardware,"Caputure screen to video file on mac. Implementation of Apple's OpenGL example code with GUI and ability to caputure mouse movements added. Can choose export format, codec, and quality. (Cocoa - Apple Mac OSX 10.5.8 - XCode 3.2 Project)",Objective-C,72,False,2012-01-04T17:30:29Z,UNKNOWN,metadata_manual_readme_automated,ok,d04335994f62a3d70f008f6101c151a2c6e1bd3b,62b98e4384c843822b17c49eefbec2e4e73049a0edc69f8932b2b516a5e2aa63,scheduling,"Проверить очереди, ожидание и бюджет параллелизма",False
monocurl/monocurl,https://github.com/monocurl/monocurl,processing_framework,A programming language used to make math-based videos and slideshows,Rust,313,False,2026-09-02T02:34:54Z,MIT,metadata_manual_readme_automated,ok,a5ae474f422291fbec00c97e32d9c4e81fad49f3,471fc7d94a35f8bbdec23a7489121229c436d3d55494b7a9a2e1181242bd2ac6,,Проверить применимость по назначению; README не дал архитектурных сигналов,False
moq-dev/moq,https://github.com/moq-dev/moq,processing_framework,Media over QUIC: Real-time latency at massive scale,Rust,1493,False,2026-09-04T22:16:41Z,Apache-2.0,metadata_manual_readme_automated,ok,83e1bc87399c0e4bfc9d85b6ec5ca2c04a61ff9f,8fb76ce49e3ab2f026eb8702f6aac3842e5309168ba3dd3b296e6551f0957c15,gpu; time; modularity,"Проверить передачу GPU-поверхностей и синхронизацию; Проверить временные шкалы, задержку и discontinuity; Проверить границы модулей и контракт расширений",False
mozilla/mp4parse-rust,https://github.com/mozilla/mp4parse-rust,container_metadata,Parser for ISO Base Media Format aka video/mp4 written in Rust.,Rust,449,False,2026-08-26T20:59:46Z,MPL-2.0,selected_source_excerpts,ok,6e8cf3bf906a248fabfba763057083c862cae37c,db8a1c67bfbc5f821cfb85f2ab3ef460fd233230b05d3cdfc10fff5466f188b4,,Проверить применимость по назначению; README не дал архитектурных сигналов,False
mozilla/popcorn-js,https://github.com/mozilla/popcorn-js,processing_framework,The HTML5 Media Framework. (Unmaintained. See https://github.com/menismu/popcorn-js for activity),JavaScript,2129,True,2017-09-21T13:28:47Z,MIT,metadata_manual_readme_automated,ok,48242d965a2f5b11cd3118acee611f9e69821800,d421c99e3e4c290fd91b8ebd2cf0055d0ccf526d58fc272ddd0a9fed6f44ec46,modularity,Проверить границы модулей и контракт расширений,False
mpromonet/v4l2rtspserver,https://github.com/mpromonet/v4l2rtspserver,streaming_transport,RTSP Server for V4L2 device capture supporting HEVC/H264/JPEG/VP8/VP9,C++,2051,False,2026-08-18T18:18:42Z,Unlicense,metadata_manual_readme_automated,ok,6231d25ec9a83d8b30e9824c5b1392c940bfae27,91884b30b53429420fdef52560a47937a8334382be3229f749955b20f5fadf62,scheduling,"Проверить очереди, ожидание и бюджет параллелизма",False
mpromonet/webrtc-streamer,https://github.com/mpromonet/webrtc-streamer,streaming_transport,"WebRTC streamer for V4L2 capture devices, RTSP sources and Screen Capture",C++,3580,False,2026-08-28T09:34:46Z,Unlicense,metadata_manual_readme_automated,ok,37b95dc6f9c5e46a3192d3cb42416ed7f7da5f97,4fdf724c874e047f88e4f8eba1583055d64507ade9d50f8d2a2f7d09fda81e0a,scheduling; modularity,"Проверить очереди, ожидание и бюджет параллелизма; Проверить границы модулей и контракт расширений",False
mpv-player/mpv,https://github.com/mpv-player/mpv,targeted_library_framework,🎥 Command line media player,C,36845,False,2026-09-03T16:05:08Z,NOASSERTION,metadata_manual_readme_automated,ok,0d8caf101928aa0831583fd5742cb16d48d43315,966edbfa16ddf85277733494f6458c3546e35e445f530f7d92310362e9006979,gpu,Проверить передачу GPU-поверхностей и синхронизацию,False
mrayy/mrayGStreamerUnity,https://github.com/mrayy/mrayGStreamerUnity,streaming_transport,GStreamer Integration with Unity using a Native plugin ,C,125,False,2023-12-23T10:20:41Z,MIT,metadata_manual_readme_automated,ok,93d5cb097ff034429789d222d5b8fb9e47011183,32bf652937ce0a7923d49ad78ea3220786ca28d70cdb21522214b2ebad504d8e,modularity,Проверить границы модулей и контракт расширений,False
mrlt8/docker-wyze-bridge,https://github.com/mrlt8/docker-wyze-bridge,streaming_transport,WebRTC/RTSP/RTMP/LL-HLS bridge for Wyze cams in a docker container,Python,3264,False,2026-08-19T00:51:04Z,AGPL-3.0,metadata_manual_readme_automated,ok,19fd1a6e4be7c17518edc039402223fd3cddca29,f8b50590591e4950eed1dd1fd81f0a14ebcc02349e58f7f00fe8bd93218982ed,scheduling; time,"Проверить очереди, ожидание и бюджет параллелизма; Проверить временные шкалы, задержку и discontinuity",False
mstorsjo/fdk-aac,https://github.com/mstorsjo/fdk-aac,targeted_library_framework,A standalone library of the Fraunhofer FDK AAC code from Android.,C++,1388,False,2026-08-14T16:47:10Z,NOASSERTION,metadata_manual_readme_automated,failed,,,,Проверить применимость по назначению; README не дал архитектурных сигналов,False
MTG/essentia.js,https://github.com/MTG/essentia.js,audio_dsp,JavaScript library for music/audio analysis and processing powered by Essentia WebAssembly,TypeScript,867,False,2025-12-10T15:49:01Z,AGPL-3.0,metadata_manual_readme_automated,ok,17b45285c147b25d7a83c0fae3c88cdff01e794d,47f5e69992f7d1cc49a41847c0184ea7d5bf041426d74fac357c14ef741c3dd4,,Проверить применимость по назначению; README не дал архитектурных сигналов,False
muaz-khan/RecordRTC,https://github.com/muaz-khan/RecordRTC,audio_dsp,"RecordRTC is WebRTC JavaScript library for audio/video as well as screen activity recording. It supports Chrome, Firefox, Opera, Android, and Microsoft Edge. Platforms: Linux, Mac and Windows.",JavaScript,6917,False,2024-05-13T00:39:07Z,MIT,metadata_manual_readme_automated,ok,43de34c059c9319cd7f53607a44832c84ca76775,f7c9152675863478f484503e5670cd5ca67e7976266209b8ca5ad099e793218a,time,"Проверить временные шкалы, задержку и discontinuity",False
muaz-khan/RTCMultiConnection,https://github.com/muaz-khan/RTCMultiConnection,audio_dsp,"RTCMultiConnection is a WebRTC JavaScript library for peer-to-peer applications (screen sharing, audio/video conferencing, file sharing, media streaming etc.)",JavaScript,2619,False,2022-10-06T15:25:02Z,MIT,metadata_manual_readme_automated,ok,aebfaa28fc20df8e579566824b8c60bd591e00b5,3eb7cf581242f3b6082b802b78d03162ec0c7d02e8bac10d23b71a45376597f0,,Проверить применимость по назначению; README не дал архитектурных сигналов,False
munnerz/kube-plex,https://github.com/munnerz/kube-plex,transcoding_product,Scalable Plex Media Server on Kubernetes -- dispatch transcode jobs as pods on your cluster!,Go,1244,False,2023-03-28T21:31:15Z,Apache-2.0,metadata_manual_readme_automated,ok,36c86993cdab9f9a27a9e4aa5242dde20c4d7813,bde1f08cc1c0f0f9ffb951806a35794771e84bfe634e40c79bdf809314e90219,modularity,Проверить границы модулей и контракт расширений,False
murgatt/recode-converter,https://github.com/murgatt/recode-converter,transcoding_product,"A simple, modern audio codec converter for video files",TypeScript,53,False,2026-09-02T14:57:04Z,GPL-3.0,metadata_manual_readme_automated,ok,bfa0825c7e215169b6bdc34165e0f8ac0fa6f405,dd35093a7c12bc26cb406b0ddf8dcbcb9d6e6635ecefac874001bc723dbdf50b,,Проверить применимость по назначению; README не дал архитектурных сигналов,False
mzky/m4s-converter,https://github.com/mzky/m4s-converter,container_metadata,一个跨平台小工具，将bilibili缓存的m4s格式音视频文件合并成mp4,Go,673,False,2026-03-04T02:06:02Z,MIT,metadata_manual_readme_automated,ok,b71fcb9db4cbad44bbe2c7bfce55ea645905b710,982ca9cd9020c0ea500997be3e13a0640a5d774ad09de36c92326e9a67b64f21,,Проверить применимость по назначению; README не дал архитектурных сигналов,False
narsixyz/audora,https://github.com/narsixyz/audora,audio_dsp,"Audora is a scalable, full-stack platform for remote audio/video recording, real-time communication, media processing pipelines, and multipart S3 uploads, built with reliability-first principles using Turborepo and Bun.",TypeScript,261,False,2026-03-30T01:25:25Z,NOASSERTION,metadata_manual_readme_automated,ok,093481fd8f0b18775b1b2ae5b06b57bcb0008aab,9cdaace999fc036e3f67e6c83531bad413b62472129ef6ee98af33a7f1f744db,time; modularity,"Проверить временные шкалы, задержку и discontinuity; Проверить границы модулей и контракт расширений",False
nashaofu/xcap,https://github.com/nashaofu/xcap,processing_framework,"XCap is a cross-platform screen capture library written in Rust. It supports Linux (X11, Wayland), MacOS, and Windows. XCap supports screenshot and video recording (WIP).",Rust,1012,False,2026-08-25T01:48:27Z,Apache-2.0,metadata_manual_readme_automated,ok,aa024da2a3bedd555d7fc37583736d6a245c3c4d,21c1dc1f07bdd627e16e563346d43ff906c6c6f489b34b6485d7e171b9603afe,scheduling,"Проверить очереди, ожидание и бюджет параллелизма",False
natario1/CameraView,https://github.com/natario1/CameraView,processing_framework,"📸 A well documented, high-level Android interface that makes capturing pictures and videos easy, addressing all of the common issues and needs. Real-time filters, gestures, watermarks, frame processing, RAW, output of any size.",Java,5130,False,2024-09-03T20:56:02Z,NOASSERTION,metadata_manual_readme_automated,ok,271578d8a63304ae746808e841a5133d4f39b8d6,ab68996e81143433308ec67e5ecbf89f1fab7511bc68938af488b50b787a93e0,,Проверить применимость по назначению; README не дал архитектурных сигналов,False
ncounterspecialist/twick,https://github.com/ncounterspecialist/twick,editor_compositor,"AI-powered video editor SDK built with React. Features canvas timeline, drag-and-drop editing, AI captions, and serverless MP4 export. Perfect for building custom video apps.",TypeScript,534,False,2026-06-04T18:36:43Z,NOASSERTION,metadata_manual_readme_automated,ok,6ec81221d5c915a5ab5a244a04ec11d1e4ebf21c,486a35ac69d2a6d985ec01e532cea667d865fca3f7b3f937d80b9e5d99cc0bce,scheduling; gpu; time; modularity,"Проверить очереди, ожидание и бюджет параллелизма; Проверить передачу GPU-поверхностей и синхронизацию; Проверить временные шкалы, задержку и discontinuity; Проверить границы модулей и контракт расширений",False
neon-jungle/wagtail-videos,https://github.com/neon-jungle/wagtail-videos,transcoding_product,"Videos for Wagtail CMS, including transcoding",Python,75,False,2026-06-04T00:39:23Z,BSD-3-Clause,metadata_manual_readme_automated,ok,4b3da1c9cdf61de78995beae64c8d0524de7b73d,d837eb5032a5c43212d2b39d63f9ee9b8406b2492d55a3508d5ec4f2d4b36ade,,Проверить применимость по назначению; README не дал архитектурных сигналов,False
Netflix/vmaf,https://github.com/Netflix/vmaf,targeted_library_framework,Perceptual video quality assessment based on multi-method fusion.,C,5473,False,2026-08-14T17:18:22Z,NOASSERTION,metadata_manual_readme_automated,ok,76a78b17b399af9ed2e88079b7ad20cad97775fa,23bdf24c9b0cef101571c4f27f72c59e1ffee18475e7ec258419e8106bac7ae9,quality,"Проверить корпус, качество и воспроизводимость метрик",False
NextLevel/NextLevelSessionExporter,https://github.com/NextLevel/NextLevelSessionExporter,transcoding_product,🔄 Export and transcode media in Swift,Swift,277,False,2026-08-07T18:44:11Z,MIT,metadata_manual_readme_automated,ok,5cc20b8d55b13a15000059d4c8f964916fa73e09,8ba0eec14c972cf3ba2bc453b27ab121863992fd6f664d61f15b114d9ebe91b8,scheduling; gpu; quality; modularity,"Проверить очереди, ожидание и бюджет параллелизма; Проверить передачу GPU-поверхностей и синхронизацию; Проверить корпус, качество и воспроизводимость метрик; Проверить границы модулей и контракт расширений",False
niandeng-ckplayer/chplayer,https://github.com/niandeng-ckplayer/chplayer,container_metadata,"网页视频播放器，支持mp4,flv,f4v以及m3u8格式，支持rtmp。支持点播和直播",JavaScript,281,False,2017-08-16T08:21:29Z,MPL-2.0,metadata_manual_readme_automated,ok,8763d720011322fe6025f07035565de50eea1004,32f280cb9c8d170aed86058557e06e84446cc7848fe159e2a289e2dc56376d1e,,Проверить применимость по назначению; README не дал архитектурных сигналов,False
NiklasEi/bevy_kira_audio,https://github.com/NiklasEi/bevy_kira_audio,audio_dsp,A Bevy plugin to use Kira for game audio,Rust,469,False,2026-07-25T20:53:58Z,Apache-2.0,metadata_manual_readme_automated,ok,d72b0e6eb24197963a742130ea97b51f878700de,c53082016249afa2eddbfae0955378a9a0c08793dfc99885e0e55a69fc7c4898,modularity,Проверить границы модулей и контракт расширений,False
node-webrtc/node-webrtc,https://github.com/node-webrtc/node-webrtc,integration_wrapper,node-webrtc is a Node.js Native Addon that provides bindings to WebRTC M106,C++,2804,False,2026-03-26T15:00:54Z,NOASSERTION,metadata_manual_readme_automated,ok,ec4097310b1d3eaad470ec71dcb7b24e210620dd,04549ff38a6afffbab1dac71ac3e4ef514bd4de9fa334991938e67c779a7d143,,Проверить применимость по назначению; README не дал архитектурных сигналов,False
notedit/gstreamer-go,https://github.com/notedit/gstreamer-go,streaming_transport,gstreamer wrap for golang ,Go,66,False,2020-03-21T07:22:30Z,UNKNOWN,metadata_manual_readme_automated,ok,f3b1b9b7ade19cd5d39a7971ea40d973451ebe55,d9a847e24c76befb888b7b0a4a4eff4cf5bf29c656e2714c9f93175e7666f1c5,time; modularity,"Проверить временные шкалы, задержку и discontinuity; Проверить границы модулей и контракт расширений",False
notedit/gstreamer-webrtc,https://github.com/notedit/gstreamer-webrtc,streaming_transport,webrtc streamer based on gstreamer,Python,77,False,2018-12-13T12:35:54Z,UNKNOWN,metadata_manual_readme_automated,ok,4bd520484569a528dee477c92987fcb0e745137e,049b931c4a3673d7158b8d99a7004c8a8733dfcc117a9af6ac1252ff6b77c32b,modularity,Проверить границы модулей и контракт расширений,False
nschlia/ffmpegfs,https://github.com/nschlia/ffmpegfs,container_metadata,"FUSE-based transcoding filesystem with video support from many formats to FLAC, MP4, TS, WebM, OGG, MP3, HLS, and others.",C++,272,False,2026-06-23T13:54:43Z,GPL-3.0,metadata_manual_readme_automated,ok,1748fdb6a75cc50de438b942e41da85df0d0af9f,05748727c3e11106932f8971b53f3edf3b574766309d50c7eac058dc110b72ca,memory; scheduling; time; modularity,"Проверить владение, лимиты памяти и жизненный цикл буферов; Проверить очереди, ожидание и бюджет параллелизма; Проверить временные шкалы, задержку и discontinuity; Проверить границы модулей и контракт расширений",False
ntsc-rs/ntsc-rs,https://github.com/ntsc-rs/ntsc-rs,processing_framework,"Free, open-source VHS effect. Standalone application + plugin (After Effects, Premiere, and OpenFX).",Rust,2544,False,2026-08-01T23:20:07Z,NOASSERTION,metadata_manual_readme_automated,ok,adeb5c57acbc67b94cc5d8e3bcd2cfc125780b3b,eed2eee3d5281b97f05f568d349017ce93c1d508cd09848217ae2d7f2390ee5c,scheduling; modularity,"Проверить очереди, ожидание и бюджет параллелизма; Проверить границы модулей и контракт расширений",False
numberwolf/FFmpeg-PlusPlus,https://github.com/numberwolf/FFmpeg-PlusPlus,transcoding_product,"🔥 FFmpeg扩展版本，1.支持OpenGL图形渲染,自定义着色器 滤镜、特效、转场。2.支持FLV+HEVC/AV1/Opus编码解码 🔥  FFmpeg Extension: 1.Support GLSL OpenGL(Filter/Effect/Transition/Shaders); 2. And Transcode FLV with HEVC/AV1/Opus Codec",C,387,False,2026-03-11T05:58:57Z,MIT,metadata_manual_readme_automated,ok,0ed874f6cf2e8c3de7f0f9d9d8a81347a49396a0,2ce986b9c6bf748c6558a18e0351a7f5888917139442364642e746b92bb6ed62,,Проверить применимость по назначению; README не дал архитектурных сигналов,False
numberwolf/h265web.js,https://github.com/numberwolf/h265web.js,container_metadata,"🔥 作者：常炎隆(Author: ChangYanlong):HEVC/H.265 网页直播/点播播放器 支持硬解！ 支持H.265的HttpFLV/HLS/MP4/TS/FLV/M3U8/Websocket/WebRTC播放。 🔥 A HEVC/H.265 Web Player, Support hard-decoding! for LIVE/VOD stream. Support H.265 Codec with HttpFLV/HLS/MP4/TS/FLV/M3U8/Websocket/WebRTC.",JavaScript,2340,False,2026-08-24T16:46:27Z,NOASSERTION,metadata_manual_readme_automated,ok,22ef8b789d85ac0f1aaafda105aecd704d86af2b,447ee2a0a4dec6082192c2250677237d657f54dbf5fc712a642d47712cb8df10,memory; scheduling; gpu; time,"Проверить владение, лимиты памяти и жизненный цикл буферов; Проверить очереди, ожидание и бюджет параллелизма; Проверить передачу GPU-поверхностей и синхронизацию; Проверить временные шкалы, задержку и discontinuity",False
NVIDIA/cosmos-curator,https://github.com/NVIDIA/cosmos-curator,processing_framework,"Cosmos Curator is a powerful video curation system that processes, analyzes, and organizes video content using advanced AI models and distributed computing.",Python,264,False,2026-09-03T21:35:52Z,Apache-2.0,metadata_manual_readme_automated,ok,43d490aca3e1392cb748a64ee79726a56f91d2c5,798f10f3bcbb99f52375e910202f53a45a3f6c79ac769ad3f094307f2b21a5d1,gpu; modularity,Проверить передачу GPU-поверхностей и синхронизацию; Проверить границы модулей и контракт расширений,False
NVIDIA/DeepStream,https://github.com/NVIDIA/DeepStream,streaming_transport,"NVIDIA DeepStream Monorepo: DeepStream SDK and reference apps for building GPU‑accelerated, real-time video and multi‑sensor analytics pipelines with GStreamer, TensorRT, and vision AI models across edge, on‑prem, and cloud deployments.",C++,237,False,2026-09-04T00:13:52Z,NOASSERTION,metadata_manual_readme_automated,ok,66dd84f9c003241ab256560be5a9dcb8a216833c,bd549bb0747a0de9d5aee4be1b1444e57550ea9283875bae333241c063f6d72e,gpu; modularity,Проверить передачу GPU-поверхностей и синхронизацию; Проверить границы модулей и контракт расширений,False
NVIDIA/VideoProcessingFramework,https://github.com/NVIDIA/VideoProcessingFramework,integration_wrapper,"Set of Python bindings to C++ libraries which provides full HW acceleration for video decoding, encoding and GPU-accelerated color space and pixel format conversions",C++,1378,True,2024-06-10T14:16:44Z,Apache-2.0,metadata_manual_readme_automated,ok,0adb7480c810bb3f4892b18d949b361589ee862e,0abd606504a7ac481197bc967d391eed2e85f2bfec5eb30874b3f27f26dec494,gpu,Проверить передачу GPU-поверхностей и синхронизацию,False
nyanmisaka/ffmpeg-rockchip,https://github.com/nyanmisaka/ffmpeg-rockchip,processing_framework,FFmpeg with async and zero-copy Rockchip MPP & RGA support,C,1281,False,2026-08-10T08:58:55Z,NOASSERTION,metadata_manual_readme_automated,ok,509674896fb7fea1f376bc55c048a2e822709b5e,f189dd40bd3368a673b488a62100ca20e7a4d1f7b8e962edfa89a2e9879f3b46,memory; scheduling,"Проверить владение, лимиты памяти и жизненный цикл буферов; Проверить очереди, ожидание и бюджет параллелизма",False
OAID/TengineGst,https://github.com/OAID/TengineGst,streaming_transport,"TengineGst is a streaming media analytics framework, based on GStreamer multimedia framework, for creating varied complex media analytics pipelines. It ensures pipeline interoperability and provides optimized media, and inference operations using Tengine Toolkit Inference Engine backend, across varied architecture - CPU, iGPU and  VPU. ",C++,59,False,2021-10-27T06:45:48Z,Apache-2.0,metadata_manual_readme_automated,ok,0adffccd5ef267e9b9c2a033fd97fdd33b597952,4f3497fea3665173e3843ee4ce789d94ea6114e655904cb913567915793bfbf3,modularity,Проверить границы модулей и контракт расширений,False
obsproject/obs-studio,https://github.com/obsproject/obs-studio,targeted_library_framework,OBS Studio - Free and open source software for live streaming and screen recording,C,75818,False,2026-09-04T20:59:23Z,GPL-2.0,metadata_manual_readme_automated,ok,67a4673ff48767c3384791783db2b12ea6ad4130,be2dff0124620dcd9d8d83ef9084b12d1e61e896d3295232501cb3ebd3f6a318,,Проверить применимость по назначению; README не дал архитектурных сигналов,False
oddity-ai/video-rs,https://github.com/oddity-ai/video-rs,integration_wrapper,"Video readers, writers, muxers, encoders and decoders for Rust based on ffmpeg libraries. ",Rust,419,False,2026-06-30T14:13:33Z,Apache-2.0,metadata_manual_readme_automated,ok,ef40c9b972efd9777a6aec06780a2f11bd4a5a67,17130d930776375965a1c65d05c622830eb2a9300791bdb0809bd6edcdb444be,,Проверить применимость по назначению; README не дал архитектурных сигналов,False
olive-editor/olive,https://github.com/olive-editor/olive,editor_compositor,Free open-source non-linear video editor,C++,9128,False,2024-12-05T10:34:17Z,GPL-3.0,metadata_manual_readme_automated,ok,a5ca02597020ee04ec4d0702af2ca1cb626793cb,c442e0ba47badcd822b9ad2d7bd0123189eee3778c0393de1122a9333dfa078f,,Проверить применимость по назначению; README не дал архитектурных сигналов,False
open-edge-platform/dlstreamer,https://github.com/open-edge-platform/dlstreamer,streaming_transport,"Deep Learning Streamer (DL Streamer) Pipeline Framework is an open-source streaming media analytics framework, based on GStreamer* multimedia framework, for creating complex media analytics pipelines for the Cloud or at the Edge.",C++,623,False,2026-09-04T12:41:35Z,MIT,metadata_manual_readme_automated,ok,ecbdcaf2d1f293bc0dcc1b9dc34efd8264fca39e,7769c756589fc14fe1664777e8394c779d1691b9c5ce152e478cae8dad697694,scheduling; gpu,"Проверить очереди, ожидание и бюджет параллелизма; Проверить передачу GPU-поверхностей и синхронизацию",False
open-ribbi/velocut,https://github.com/open-ribbi/velocut,editor_compositor,"AI-native, local-first video editor by Ribbi — runs entirely in the browser. Rust/WASM engine, WebGPU compositing, WebCodecs export; humans and LLM agents edit through the same JSON command protocol.",TypeScript,451,False,2026-08-12T06:25:44Z,MIT,metadata_manual_readme_automated,ok,1ae8bf08e8d741067eaafde720acd3df7429a973,0cc05a01ad9ad31f1e5712321baa706285538b4135f7e1f28528f46238b75d01,gpu,Проверить передачу GPU-поверхностей и синхронизацию,False
open-webrtc-toolkit/owt-server,https://github.com/open-webrtc-toolkit/owt-server,transcoding_product,General server (streaming/conference/transcoding/anayltics) for OWT. (A.k.a. MediaServer) ,JavaScript,1155,True,2024-10-23T03:20:15Z,Apache-2.0,metadata_manual_readme_automated,ok,1877487723c5017b371da2394495573409305b75,aa5e0207953ce169fee08a5b0d7caf4b8dd1ae0d85b9d7c4ec8f7a359adfc9e2,modularity,Проверить границы модулей и контракт расширений,False
opencodewin/MediaEditor,https://github.com/opencodewin/MediaEditor,editor_compositor,A non-linear editing software that helps you to make nice video.,C++,503,False,2024-12-04T10:46:14Z,LGPL-3.0,metadata_manual_readme_automated,ok,35c8911be526916fa4cf3144c58ac043792d4542,c03947827e5bce5e9a8f75b5247472199fe653e66988849af9bc4e7617de5bbb,gpu; time; modularity,"Проверить передачу GPU-поверхностей и синхронизацию; Проверить временные шкалы, задержку и discontinuity; Проверить границы модулей и контракт расширений",False
OpenShot/libopenshot,https://github.com/OpenShot/libopenshot,targeted_library_framework,"OpenShot Video Library (libopenshot) is a free, open-source project dedicated to delivering high quality video editing, animation, and playback solutions to the world. API currently supports C++, Python, and Ruby.",C++,1560,False,2026-09-04T00:17:30Z,LGPL-3.0,metadata_manual_readme_automated,ok,8fd820999dfdb51b3e89bfb5fe3f7a110ed7a7ab,89277c61ad3b5b02789355a234fbfb81ada9c75beea3e40d552de3888c46b4cb,,Проверить применимость по назначению; README не дал архитектурных сигналов,False
OpenShot/openshot-qt,https://github.com/OpenShot/openshot-qt,editor_compositor,"OpenShot Video Editor is an award-winning free and open-source video editor for Linux, Mac, and Windows, and is dedicated to delivering high quality video editing and animation solutions to the world.",Python,6436,False,2026-09-04T00:17:38Z,NOASSERTION,metadata_manual_readme_automated,ok,e3ce06fe7484cb4e9aad135539b3a65dbcc94a0b,ebc33ce9c6aea7d4b63cbd8f0e83dd5c52751252047c07fd0310ab56f4ef1513,,Проверить применимость по назначению; README не дал архитектурных сигналов,False
openvideodev/react-video-editor,https://github.com/openvideodev/react-video-editor,editor_compositor,Online react video editor using remotion. Capcut and canva clone.,TypeScript,1788,False,2026-06-30T04:39:39Z,NOASSERTION,metadata_manual_readme_automated,ok,8dc132dee6c1594bb65bfa461be58c4faca723a4,09be5207565225a429e1d907b1cc113c30850898de0dd8d0b78062434d922bcc,gpu,Проверить передачу GPU-поверхностей и синхронизацию,False
OpenVisualCloud/SVT-HEVC,https://github.com/OpenVisualCloud/SVT-HEVC,codec_hardware,"SVT HEVC encoder. Scalable Video Technology (SVT) is a software-based video coding technology that is highly optimized for Intel® Xeon® processors. Using the open source SVT-HEVC encoder, it is possible to spread video encoding processing across multiple Intel® Xeon® processors to achieve a real advantage of processing efficiency. ",C,527,True,2024-07-29T18:50:10Z,NOASSERTION,metadata_manual_readme_automated,ok,dc941c67e945d8f50e809d2bf95a96bc86271edb,6febd7d0be4ff4ba7e960b1559e0fc76326080fa152c1889474f34a722a1d49d,quality,"Проверить корпус, качество и воспроизводимость метрик",False
OpenVisualCloud/SVT-VP9,https://github.com/OpenVisualCloud/SVT-VP9,codec_hardware,"SVT VP9 encoder. Scalable Video Technology (SVT) is a software-based video coding technology that is highly optimized for Intel® Xeon® processors. Using the open source SVT-VP9 encoder, it is possible to spread video encoding processing across multiple Intel® Xeon® processors to achieve a real advantage of processing efficiency. ",C,249,False,2025-12-30T17:52:07Z,NOASSERTION,metadata_manual_readme_automated,ok,7599074da16ed2255deb67021994adac86ba1819,772b347df24a70497b2461555f37d6aa069d329937e2c14115e41e3424464f9c,scheduling; quality,"Проверить очереди, ожидание и бюджет параллелизма; Проверить корпус, качество и воспроизводимость метрик",False
Orange-OpenSource/AIVC,https://github.com/Orange-OpenSource/AIVC,codec_hardware,AIVC is a fully-learned video codec. It is able to code video sequences at different rates and it features tunable coding configurations.,Python,81,True,2025-06-10T07:50:42Z,BSD-3-Clause,metadata_manual_readme_automated,ok,9026b95a0c29a9cb67445205fe5ab16b11402042,a5ff6d9b988b7afbc7c24b0c38f99eebd60e8517474d5321f2ba205b6898580a,quality,"Проверить корпус, качество и воспроизводимость метрик",False
Orange-OpenSource/Cool-Chic,https://github.com/Orange-OpenSource/Cool-Chic,codec_hardware,Low-complexity neural image & video codec.,Python,239,False,2026-07-17T06:42:40Z,BSD-3-Clause,metadata_manual_readme_automated,ok,7455b6c0be91c6f3dab611b9e62c08173dd8f805,6ae343511abd756bea5f6829365c3ad5616477b3b360608f2293c5424f06df3b,,Проверить применимость по назначению; README не дал архитектурных сигналов,False
orottier/web-audio-api-rs,https://github.com/orottier/web-audio-api-rs,audio_dsp,"A Rust implementation of the Web Audio API, for use in non-browser contexts",Rust,383,False,2026-08-15T12:02:49Z,MIT,metadata_manual_readme_automated,ok,c003aea76120e315b54607c8c55264ad36f02304,b9110a8b8ec0895db4848f916b52fddbf708c3766b6b92e640f6107c5c91af23,scheduling; time; modularity,"Проверить очереди, ожидание и бюджет параллелизма; Проверить временные шкалы, задержку и discontinuity; Проверить границы модулей и контракт расширений",False
ossrs/srs,https://github.com/ossrs/srs,codec_hardware,"SRS is a simple, high-performance, AI-driven real-time media server supporting RTMP, WebRTC, HLS, HTTP-FLV, HTTP-TS, SRT, MPEG-DASH, and GB28181, with codec support for H.264, H.265, AV1, VP9, AAC, Opus, and G.711.",C++,29207,False,2026-09-04T02:44:24Z,MIT,metadata_manual_readme_automated,ok,aeac36fae237bd757947dbf69923b8c9a6fb1d87,11ab3844741c32a1af8b7f16ecbc04cce3a160a99f04002e0f4575e904c2b07c,scheduling,"Проверить очереди, ожидание и бюджет параллелизма",False
OvenMediaLabs/OvenMediaEngine,https://github.com/OvenMediaLabs/OvenMediaEngine,streaming_transport,OvenMediaEngine (OME) is a Sub-Second Latency Live Streaming Server with Large-Scale and High-Definition. #WebRTC #LLHLS,C++,3272,False,2026-09-04T16:18:18Z,AGPL-3.0,metadata_manual_readme_automated,ok,ed67ef39b92c05ea3cd7330fb4ee62fbf38b0cd9,6664fe7ecf32df38fc1079ac6df593eb04a03148e98463dc9b8365f97c36418c,scheduling; time,"Проверить очереди, ожидание и бюджет параллелизма; Проверить временные шкалы, задержку и discontinuity",False
Ovilia/Polyvia,https://github.com/Ovilia/Polyvia,processing_framework,Low-Poly Image and Video Processing,JavaScript,1163,False,2019-01-29T10:04:10Z,MIT,metadata_manual_readme_automated,ok,5d4bdd3cddcc96f34410a78b8da62dfa31e8ef93,dfc88f4a6dc7e9c529f5d2e218de0f4d6545be5e8d243e37ce3d8e7ea63e4d69,,Проверить применимость по назначению; README не дал архитектурных сигналов,False
owickstrom/komposition,https://github.com/owickstrom/komposition,editor_compositor,The video editor built for screencasters,Haskell,430,True,2021-04-20T11:34:20Z,MPL-2.0,metadata_manual_readme_automated,ok,5bd4b0ae819869c1470e7bd05a1b505c2641c2f0,00a2011bff3483263d57fc28a5f787a118094acf72aed049d80c907fb4d06005,,Проверить применимость по назначению; README не дал архитектурных сигналов,False
Pablituuu/react-video-editor,https://github.com/Pablituuu/react-video-editor,editor_compositor,Online video editor alternative to canva and capcut. React video editor.,TypeScript,247,False,2025-01-31T21:33:00Z,UNKNOWN,metadata_manual_readme_automated,ok,c38740401063084f2c0e1a624f60710ed67c610c,632afc53b3102543e0ef8792c8a5eaf0bd8c37f9f7cf83344ae4962c34496717,,Проверить применимость по назначению; README не дал архитектурных сигналов,False
pabloromeo/clusterplex,https://github.com/pabloromeo/clusterplex,transcoding_product,"ClusterPlex is an extended version of Plex, which supports distributed Workers across a cluster to handle transcoding requests.",JavaScript,589,False,2026-02-12T21:53:33Z,MIT,metadata_manual_readme_automated,ok,56969facc360750dde29c845d33a058e3c0bfc7d,84cd73c5b3e2aa5575f013eaf25feed704b1d01a8afcce1124cc93619eb93ebf,,Проверить применимость по назначению; README не дал архитектурных сигналов,False
palmier-io/palmier-pro,https://github.com/palmier-io/palmier-pro,editor_compositor,macOS video editor built for AI,Swift,14287,False,2026-08-28T23:30:01Z,GPL-3.0,metadata_manual_readme_automated,ok,2fecf08a3575c8e79ddd5451e5882723e3899868,f083c75abe525856191da3b66ad3a616d2d1434805ebb409d768c33c7e3d1697,,Проверить применимость по назначению; README не дал архитектурных сигналов,False
pando85/gearr,https://github.com/pando85/gearr,transcoding_product,A versatile video transcoding tool specialized in converting media files to the efficient x265 format.,Go,89,False,2026-09-04T17:03:43Z,GPL-3.0,metadata_manual_readme_automated,ok,aa19713370229badf72330a420909980ff8e23be,f5f9a2993a2bd89872eadf5145da99899b275454887686d0df98fd6a4f3b7c75,scheduling,"Проверить очереди, ожидание и бюджет параллелизма",False
paolo-pr/laav,https://github.com/paolo-pr/laav,transcoding_product,"Asynchronous Audio / Video Library for H264 / MJPEG / OPUS / AAC / MP2 encoding, transcoding, recording and streaming from live sources",C++,63,False,2022-09-17T16:15:26Z,GPL-3.0,metadata_manual_readme_automated,ok,b4e7b1347ae8874a25de036cfd815bd0a998175a,8fb92c191d46cf96200a6ffb6abadbfc7cd8be454a9ebb7e6b6c5d1103b0c2d2,scheduling; time,"Проверить очереди, ожидание и бюджет параллелизма; Проверить временные шкалы, задержку и discontinuity",False
ParadoxSpiral/libmpv-rs,https://github.com/ParadoxSpiral/libmpv-rs,codec_hardware,A libmpv abstraction written in rust that's easy to use and provides the ability to read next to all video and audio codecs.,Rust,116,False,2024-03-16T15:39:23Z,LGPL-2.1,metadata_manual_readme_automated,ok,f8c8a114f9baf5ebee29f5fd4b9946fa6face2b4,0d74f6736894de6e8e8a252bd50325c867c2db912034ba9251acf88e7b6b692b,,Проверить применимость по назначению; README не дал архитектурных сигналов,False
Parisson/TimeSide,https://github.com/Parisson/TimeSide,audio_dsp,scalable audio processing framework and server written in Python,Python,394,False,2024-10-14T17:26:35Z,AGPL-3.0,metadata_manual_readme_automated,ok,54e99d00301466d0b5cec73bf91a1c1d28a3c581,85b4b5d40f494b7f80b4a1fdbbcd816f5efeb3d4b0a20de2f435ee67ed247cf8,time; modularity,"Проверить временные шкалы, задержку и discontinuity; Проверить границы модулей и контракт расширений",False
patademahesh/Distributed-Video-Transcoding,https://github.com/patademahesh/Distributed-Video-Transcoding,transcoding_product,Distributed Video Transcoding,Shell,65,False,2015-10-10T07:24:57Z,UNKNOWN,metadata_manual_readme_automated,ok,fdd0fae66b792023873ef5da77b359eb8923f79f,c872876a5d5f11ac03d0dfbdb7ee52901a471e66f1d62e7f8e4f3fba3d0ff05b,scheduling,"Проверить очереди, ожидание и бюджет параллелизма",False
paullouisageneau/libdatachannel,https://github.com/paullouisageneau/libdatachannel,streaming_transport,"C/C++ WebRTC network library featuring Data Channels, Media Transport, and WebSockets",C++,2728,False,2026-08-07T22:37:07Z,MPL-2.0,metadata_manual_readme_automated,ok,8d24c40c00ef565442c8436fb41756fad73b2de1,c96ccc026bc00ed23f2938fc692ca97f19215599dee799e6c31e5d0dfdbeeef1,modularity,Проверить границы модулей и контракт расширений,False
paulpacifico/shutter-encoder,https://github.com/paulpacifico/shutter-encoder,integration_wrapper,"A professional video compression tool accessible to all, mostly based on FFmpeg.",Java,2721,False,2026-09-02T08:49:17Z,GPL-3.0,metadata_manual_readme_automated,ok,c60b2c24e8d1803b855ef958e2491e721ab2006f,d83bf2a847ecaa3089f1f16d8d5d7a41b77526922454653b01910504a0bdfcdf,scheduling; gpu,"Проверить очереди, ожидание и бюджет параллелизма; Проверить передачу GPU-поверхностей и синхронизацию",False
pcwalton/rust-media,https://github.com/pcwalton/rust-media,audio_dsp,"A free, comprehensive, and portable video/audio streaming library for Rust",Rust,854,False,2018-01-10T19:13:55Z,Apache-2.0,metadata_manual_readme_automated,ok,3f6712cfb1166db0d87b6728ad64ebe333bdfa2b,203f457a649dee6e2f16190c70f54a1291ace62564494bc05e94e6fa921b591e,scheduling; gpu,"Проверить очереди, ожидание и бюджет параллелизма; Проверить передачу GPU-поверхностей и синхронизацию",False
pdeljanov/Symphonia,https://github.com/pdeljanov/Symphonia,container_metadata,"Pure Rust multimedia format demuxing, tag reading, and audio decoding library",Rust,3381,False,2026-08-13T03:19:51Z,MPL-2.0,selected_source_excerpts,ok,aeda461a13e8d4909e846374324694fcbae05c0d,768b2a658853abd9869f66124bbff81f65d9f3675bee80dc91469cc85d055eac,quality; modularity,"Проверить корпус, качество и воспроизводимость метрик; Проверить границы модулей и контракт расширений",False
pedroSG94/RootEncoder,https://github.com/pedroSG94/RootEncoder,codec_hardware,"RootEncoder for Android (rtmp-rtsp-stream-client-java) is a stream encoder to push video/audio to media servers using protocols RTMP, RTSP, SRT and UDP with all code written in Java/Kotlin",Kotlin,3033,False,2026-09-04T20:20:35Z,Apache-2.0,metadata_manual_readme_automated,ok,1c4f16fcfc3734ba4d0afdd8bca0aeb2255e45ed,b4a010f4ce9e24f15b43b6751aac84ef5120ec2224a5f4b5050d192a58cb2548,,Проверить применимость по назначению; README не дал архитектурных сигналов,False
peers/peerjs,https://github.com/peers/peerjs,streaming_transport,Simple peer-to-peer with WebRTC.,TypeScript,13434,False,2026-02-27T00:49:47Z,MIT,metadata_manual_readme_automated,ok,61ed19378bedda1cac1b69a5edc518e58eb8c923,ef7ccdaba15b127dcffdd62520c9fd7087cd6947ac34212e1f91f3563a91102c,,Проверить применимость по назначению; README не дал архитектурных сигналов,False
petergeneric/unifi-protect-remux,https://github.com/petergeneric/unifi-protect-remux,container_metadata,Convert Ubiquiti's proprietary .ubv files into standard MP4 files,Rust,340,False,2026-06-15T15:52:56Z,NOASSERTION,metadata_manual_readme_automated,ok,65114050a35331746be7f1bb789d2ffbd4040fce,ba8b756c807621ab806d419c190071a1f3cb207d99c77183e1fba90f5e5346ff,,Проверить применимость по назначению; README не дал архитектурных сигналов,False
philn/glide,https://github.com/philn/glide,streaming_transport,Linux/macOS media player based on GStreamer and GTK,Rust,287,False,2026-08-26T09:17:49Z,MIT,metadata_manual_readme_automated,ok,784af7ca8583a5fc68c86d10aa546c724579da24,e2c301d8bb16fa120aadcd9906557418075abb255f23d6c4a0a732fc0bedd25e,modularity,Проверить границы модулей и контракт расширений,False
PHP-FFMpeg/PHP-FFMpeg,https://github.com/PHP-FFMpeg/PHP-FFMpeg,processing_framework,An object oriented PHP driver for FFMpeg binary,PHP,5017,False,2026-01-19T21:16:04Z,MIT,metadata_manual_readme_automated,ok,7fbfb34949cfce52b9e077b42c5e99918659370e,c9198a487f7bf1981268d4bdc4921fee94ddc7c3f94a4c34422e89be059aa7a0,scheduling; time,"Проверить очереди, ожидание и бюджет параллелизма; Проверить временные шкалы, задержку и discontinuity",False
pili-engineering/PLDroidMediaStreaming,https://github.com/pili-engineering/PLDroidMediaStreaming,streaming_transport,PLDroidMediaStreaming 是七牛推出的一款适用于 Android 平台的推流 SDK，支持 RTMP 推流，h.264 和 AAC 编码，硬编、软编支持。具有丰富的数据和状态回调，方便用户根据自己的业务定制化开发。具有直播场景下的重要功能，如：美颜、背景音乐、水印等功能。PLDroidMediaStreaming 是现在目前重点维护的版本，自带采集模块也支持用户自己做采集端。,Java,1449,False,2024-03-13T10:15:58Z,Apache-2.0,metadata_manual_readme_automated,ok,73cbfcd0d29438eac1be9e7b779e779d64d8bc5d,7d60b9d3396bb2f9645492431348e6e891c344ce642f7c8b2e1a6626375c7ab9,time,"Проверить временные шкалы, задержку и discontinuity",False
pion/webrtc,https://github.com/pion/webrtc,streaming_transport,Pure Go implementation of the WebRTC API,Go,16757,False,2026-09-04T18:39:28Z,MIT,metadata_manual_readme_automated,ok,1e75bf820df9212d86a56d094c59c18841c14527,c85b25c3569d615bf3fb696364c0649f3a2707cefce5d0a4429d4ad5915bb6b7,scheduling; time,"Проверить очереди, ожидание и бюджет параллелизма; Проверить временные шкалы, задержку и discontinuity",False
pipeless-ai/pipeless,https://github.com/pipeless-ai/pipeless,processing_framework,An open-source computer vision framework to build and deploy apps in minutes,Rust,852,False,2024-05-08T10:13:19Z,Apache-2.0,metadata_manual_readme_automated,ok,5ba0eb73e403858b7ebb536b138d396ba674c10b,cbc8100134e2b1b1c6ac2b30171a83ab83b86d5131076e1927dd3e8c45f27f5f,scheduling; gpu,"Проверить очереди, ожидание и бюджет параллелизма; Проверить передачу GPU-поверхностей и синхронизацию",False
PipeWire/pipewire,https://github.com/PipeWire/pipewire,targeted_library_framework,Mirror of the PipeWire repository (see https://gitlab.freedesktop.org/pipewire/pipewire/),C,2147,False,2026-08-30T17:23:31Z,NOASSERTION,metadata_manual_readme_automated,ok,6282e8f70067238a340420804cced5f24178b511,f44e80d3db8171a307382f669bc1483a790427c7ab101cb0fa1808c1a1e6a40e,time; modularity,"Проверить временные шкалы, задержку и discontinuity; Проверить границы модулей и контракт расширений",False
pixop/video-compare,https://github.com/pixop/video-compare,processing_framework,Split-screen video comparison tool using FFmpeg and SDL2,C++,1753,False,2026-09-03T06:50:50Z,GPL-2.0,metadata_manual_readme_automated,ok,e7f66ac87a19bb50ae67e1a35bacf000ed077d8b,e42494eaf7e695e849bbf8db6d15ad8c470952d1d39a45407d57fb5e429031a0,scheduling; gpu; time,"Проверить очереди, ожидание и бюджет параллелизма; Проверить передачу GPU-поверхностей и синхронизацию; Проверить временные шкалы, задержку и discontinuity",False
polarch/JSAmbisonics,https://github.com/polarch/JSAmbisonics,audio_dsp,"A JS library for first-order ambisonic (FOA) and higher-order ambisonic (HOA) processing for  browsers, using Web Audio.",JavaScript,181,False,2022-05-03T12:34:27Z,BSD-3-Clause,metadata_manual_readme_automated,ok,a9a1af57f2bf457621cc47754e6ac3810df975fa,63f6719821e73fa83176c899ef53ef8abfb7bbcf0a66bfd715eb644c22e6f5f4,,Проверить применимость по назначению; README не дал архитектурных сигналов,False
polybiusproxy/hxCodec,https://github.com/polybiusproxy/hxCodec,codec_hardware,Haxe library for native video playback on HaxeFlixel and OpenFL.,C,113,False,2024-05-11T09:14:55Z,MPL-2.0,metadata_manual_readme_automated,ok,0c0208c913b5d4da41fc18558648dc759d38fc59,8603c48391cb1f86e0a43b9e6a9023ba55fc4a8a9d276f35ad751039804c3c4b,,Проверить применимость по назначению; README не дал архитектурных сигналов,False
pouyaardehkhani/VCC,https://github.com/pouyaardehkhani/VCC,transcoding_product,Video Codec Converter - A desktop GUI for batch video transcoding with FFmpeg,Python,26,False,2026-02-24T21:02:02Z,UNKNOWN,metadata_manual_readme_automated,ok,97236d57bd700a6c678051ed8a010c25b121364f,77d07f0a11ced0877c9286e2b54ff2ff8b21e69e6bb8b7ecd66ed170e871757b,scheduling; gpu,"Проверить очереди, ожидание и бюджет параллелизма; Проверить передачу GPU-поверхностей и синхронизацию",False
prabhakar-sivanesan/OpenCV-rtsp-server,https://github.com/prabhakar-sivanesan/OpenCV-rtsp-server,streaming_transport,RTSP streaming using GStreamer,Python,195,False,2023-08-22T05:39:18Z,UNKNOWN,metadata_manual_readme_automated,ok,4c5a8b28cd739429b6b437a48f3cc60887d7498f,be19875698a8454a0f6d153a28c97b55668812a8a2c2648e485a71dd5f39d659,modularity,Проверить границы модулей и контракт расширений,False
processing/p5.js-sound,https://github.com/processing/p5.js-sound,audio_dsp,p5.sound brings the Processing approach to Web Audio and p5.js. Demos:,JavaScript,911,False,2025-09-05T11:39:14Z,MIT,metadata_manual_readme_automated,ok,9a667a2129a2629762cb700fbc850a0617f9f6bd,def2e191075de8aa7824e73a75520abee03e95997e92c06f806add864e656b8e,,Проверить применимость по назначению; README не дал архитектурных сигналов,False
processing/processing-video,https://github.com/processing/processing-video,streaming_transport,GStreamer-based video library for Processing,Java,288,False,2024-07-16T09:10:09Z,UNKNOWN,metadata_manual_readme_automated,ok,132f1c036e9bb4508ecbf2d3c3c72b1fc7fdd791,cf4a9df92f658f880a8700332e418793c452b1c2c3071f07e7ed31ec61c05ad2,,Проверить применимость по назначению; README не дал архитектурных сигналов,False
protonemedia/laravel-ffmpeg,https://github.com/protonemedia/laravel-ffmpeg,processing_framework,This package provides an integration with FFmpeg for Laravel. Laravel's Filesystem handles the storage of the files.,PHP,1816,False,2026-02-28T09:35:15Z,MIT,metadata_manual_readme_automated,ok,ab7240c2ff3b9e68c905e9fbf7618578e9379546,5b27bd9575f2571c7401222b1acbe019e3ea50be7f3137030fc996a223ce54b8,modularity,Проверить границы модулей и контракт расширений,False
PyAV-Org/PyAV,https://github.com/PyAV-Org/PyAV,integration_wrapper,﻿﻿Pythonic bindings for FFmpeg's libraries.,Python,3274,False,2026-09-02T05:54:09Z,BSD-3-Clause,metadata_manual_readme_automated,ok,fc89e0f02ce77f59a2107c8f48740101460e8ed6,f34bb80ec9c2cd1456bfb36c5e4a3f12a7fce026a54263d1e022fc09e2d9cd7a,,Проверить применимость по назначению; README не дал архитектурных сигналов,False
pytorch/audio,https://github.com/pytorch/audio,audio_dsp,"Data manipulation and transformation for audio signal processing, powered by PyTorch",Python,2933,False,2026-09-04T11:36:57Z,BSD-2-Clause,metadata_manual_readme_automated,ok,a9085907f7e3138fb9b5aa686bae001800c3df90,8144337ad4aaa5ce379257da4ff1f8249136db9b7c67ba20ef19781136df7bf2,gpu,Проверить передачу GPU-поверхностей и синхронизацию,False
q191201771/lal,https://github.com/q191201771/lal,audio_dsp,"🔥 Golang audio/video live streaming lib/client/server. support RTMP, RTSP(RTP/RTCP), HLS, HTTP[S]/WebSocket-FLV/TS, GB28181, H264/H265/AAC/G711/OPUS, relay, cluster, record, HTTP Notify/API/UI. 直播",Go,3027,False,2024-10-23T01:59:16Z,MIT,metadata_manual_readme_automated,ok,ce7fda07e8aaa153b1dbf051ce50e557d2e8648e,b4bfff49ef85b83051e923923305339e5b134e24cb84d75f662e570709c46ec0,,Проверить применимость по назначению; README не дал архитектурных сигналов,False
rainliu/GoHM,https://github.com/rainliu/GoHM,codec_hardware,H265/HEVC HM Video Codec in Go,Go,65,False,2013-03-30T02:55:40Z,UNKNOWN,metadata_manual_readme_automated,ok,065c66c3fb1434e56c2652cb4a3e9f2b639a25be,1bcfeca9d50006f900fec72a109ed887aa81fda4efe4feb3c5c3949ea09bf092,,Проверить применимость по назначению; README не дал архитектурных сигналов,False
Rambalac/JoinerSplitter,https://github.com/Rambalac/JoinerSplitter,codec_hardware,Fast video joiner/splitter using ffmpeg codec copy,C#,295,False,2022-12-08T11:35:09Z,MIT,metadata_manual_readme_automated,ok,c1fff84eb7ab8252470f424ff45ad60b8078e9ad,952581c139416a05634903dc69fe47a532101600b026929d1f3160b4e45cb6f6,gpu,Проверить передачу GPU-поверхностей и синхронизацию,False
rdp/screen-capture-recorder-to-video-windows-free,https://github.com/rdp/screen-capture-recorder-to-video-windows-free,audio_dsp,"a free open source  windows ""screen capture"" device and recorder (also allows VLC/ffmpeg and others to capture/stream desktop/audio)",C++,2293,False,2025-10-15T15:21:36Z,NOASSERTION,metadata_manual_readme_automated,ok,dd8361c88a7b9bf280ecb4bef0dd0abf2dab650b,f81967dbd0ef1449c13fae0fa1584fb3d102c4ec243cc2551fb910f89735a2f7,scheduling,"Проверить очереди, ожидание и бюджет параллелизма",False
react-native-webrtc/react-native-webrtc,https://github.com/react-native-webrtc/react-native-webrtc,streaming_transport,The WebRTC module for React Native,Java,4991,False,2026-09-03T19:11:25Z,MIT,metadata_manual_readme_automated,ok,9ef9084315dc5ebe04539a4edf825dbb8b398be5,4a748dbaf851637f8958530395c573726f35c0fad1215ad0fbe8f977ef43f6d0,modularity,Проверить границы модулей и контракт расширений,False
RecursiveForest/whatmp3,https://github.com/RecursiveForest/whatmp3,transcoding_product,whatmp3 transcodes audio files and creates torrents for them,Python,234,False,2025-01-15T08:15:29Z,MIT,metadata_manual_readme_automated,ok,9aa1b21b0ba0c9d9c1009bc3e50d27593007258c,701af5643f7d0b1d33b2c5a31aff7d59b32855de27228f18fe8c0e71f6b6c6ef,scheduling,"Проверить очереди, ожидание и бюджет параллелизма",False
reframe-oss/reframe,https://github.com/reframe-oss/reframe,editor_compositor,"Free, open-source video editor that runs in your browser. No login, no uploads, no ads.",TypeScript,168,False,2026-09-04T10:04:02Z,UNKNOWN,metadata_manual_readme_automated,ok,5bcc6c41eff0d4523ecc68c9a88d9feede04f6d1,1f0313796b3ad5a2774c67ed6cd4782fd45d8001f2fe4d45fd263774614c046b,,Проверить применимость по назначению; README не дал архитектурных сигналов,False
rendi-api/ffmpeg-cheatsheet,https://github.com/rendi-api/ffmpeg-cheatsheet,processing_framework,A categorized collection of FFmpeg commands for video automation pipelines.,,1739,False,2026-04-29T19:44:19Z,UNKNOWN,metadata_manual_readme_automated,ok,334cbba02ef8fbfdbb18b63ae66a2c69f3371d6d,c9b43e9c173163d63e2b2c2bb5937badf0d45e1fcc1c22735908e363a7566c20,scheduling; gpu; time,"Проверить очереди, ожидание и бюджет параллелизма; Проверить передачу GPU-поверхностей и синхронизацию; Проверить временные шкалы, задержку и discontinuity",False
rheaton/carrierwave-video,https://github.com/rheaton/carrierwave-video,transcoding_product,carrierwave extension to use ffmpeg to transcode videos to html5-friendly format,Ruby,188,False,2018-02-14T21:39:37Z,MIT,metadata_manual_readme_automated,ok,29c17ae6b65c001cdbf66083a926c155c800f1e9,82ba27ee398965b50d1e48b4df9b300e323dbd32f599ec6b19a9c2b55c4ac2e7,,Проверить применимость по назначению; README не дал архитектурных сигналов,False
RidgeRun/gst-inference,https://github.com/RidgeRun/gst-inference,streaming_transport,A GStreamer Deep Learning Inference Framework,C,131,False,2023-11-07T23:23:05Z,LGPL-2.1,metadata_manual_readme_automated,ok,ab0048077783e387491cf810f9431503b6343e34,1f25f527387d08ebadc55d134ba48496916e6ce5b357eb22d369ba7e0484aaa1,gpu; modularity,Проверить передачу GPU-поверхностей и синхронизацию; Проверить границы модулей и контракт расширений,False
RidgeRun/gst-interpipe,https://github.com/RidgeRun/gst-interpipe,streaming_transport,GStreamer plug-in for interpipeline communication,C,153,False,2025-09-25T16:45:50Z,NOASSERTION,metadata_manual_readme_automated,ok,ea346502f6abd72d26db9d7049ed713f97aa4704,2966b917063ab5bcbc1d638460ae9a7bf07bc60683f36ba04d61fc04edb7e4e3,,Проверить применимость по назначению; README не дал архитектурных сигналов,False
RidgeRun/gst-perf,https://github.com/RidgeRun/gst-perf,streaming_transport,"GStreamer element to measure framerate, bitrate and CPU usage.",C,86,False,2026-07-29T19:19:37Z,NOASSERTION,metadata_manual_readme_automated,ok,a53a3e3255f8a1da9516f91c0f2956061511764d,73cf1b0452479f356a57befd66417d2a6978e308dd4df52fa83ad42e0253e9fb,,Проверить применимость по назначению; README не дал архитектурных сигналов,False
RidgeRun/gst-shark,https://github.com/RidgeRun/gst-shark,streaming_transport,GstShark is a front-end for GStreamer traces,C,117,False,2025-11-21T02:19:17Z,LGPL-2.1,metadata_manual_readme_automated,ok,5c0b6051e21ad2d4c342545891b0955c0e74eb2c,fc830dce9969fb560f321d646777a3a508fb86608121ff48b4f8a51f2c211b9b,,Проверить применимость по назначению; README не дал архитектурных сигналов,False
RidgeRun/gstd-1.x,https://github.com/RidgeRun/gstd-1.x,audio_dsp,GStreamer Daemon is a GStreamer framework for controlling audio and video streaming using TCP messages. This version is based on GStreamer 1.x,C,187,False,2026-05-29T16:16:40Z,LGPL-2.1,metadata_manual_readme_automated,ok,9e4867268fe986ecd341f9c4f9e88d3ac68c81e7,45c40d83222f183efc3e799a50e3af72f98a4ece83bd702b20eb62c3965317ae,,Проверить применимость по назначению; README не дал архитектурных сигналов,False
robbyant-research/CoDeF,https://github.com/robbyant-research/CoDeF,processing_framework,[CVPR'24 Highlight] Official PyTorch implementation of CoDeF: Content Deformation Fields for Temporally Consistent Video Processing,Python,4846,False,2024-04-07T03:27:29Z,NOASSERTION,metadata_manual_readme_automated,ok,f7d682b56da272b9c7fa75dd5e3005aec3ee3b11,6b2fa8817be752ae67da3fa99788729bb33eaa587829745bf5591568dab36efe,gpu,Проверить передачу GPU-поверхностей и синхронизацию,False
ronak-create/FableCut,https://github.com/ronak-create/FableCut,editor_compositor,"Zero-dependency browser video editor that AI agents can drive — JSON timeline, MCP + REST, live-reloading UI",JavaScript,652,False,2026-09-03T17:02:07Z,MIT,metadata_manual_readme_automated,ok,aa7644485195452557a0ba876033f33a1f9de7c6,afdc0d5500f95d0ce42bb1706d3c947eadb8624440de6ecdaf31644651b05d6d,modularity,Проверить границы модулей и контракт расширений,False
ros-drivers/gscam,https://github.com/ros-drivers/gscam,streaming_transport,ROS Camera driver for GStreamer-based video streams.,C++,171,False,2026-02-16T04:26:23Z,UNKNOWN,metadata_manual_readme_automated,ok,6c6a1e768bfb7e5bcd56650c311e95d11cc281d0,434a1fa0c6416711b3a3bff9e6cbe8757b0360bd7d201de754df51f1e60b0aca,time; modularity,"Проверить временные шкалы, задержку и discontinuity; Проверить границы модулей и контракт расширений",False
rosenbjerg/FFMpegCore,https://github.com/rosenbjerg/FFMpegCore,integration_wrapper,A .NET FFMpeg/FFProbe wrapper for easily integrating media analysis and conversion into your C# applications,C#,2096,False,2025-10-29T13:28:08Z,MIT,metadata_manual_readme_automated,ok,dcee337d9634ef743a3cec4b6e4f816a03830f6e,a0a1048c662cfed8c3884be1b9f9775c3edd4dd2216a4c20afc27aaf849a8b2c,,Проверить применимость по назначению; README не дал архитектурных сигналов,False
Roverr/rtsp-stream,https://github.com/Roverr/rtsp-stream,transcoding_product,Out of box solution for RTSP - HLS live stream transcoding. Makes RTSP easy to play in browsers.,Go,721,True,2023-01-07T02:38:29Z,MIT,metadata_manual_readme_automated,ok,52df26389f0d6d2d4a0523a32ee71b3e6b7f2e6a,0879c72830842bce9796465ddcc9fe2ecc1c8bb227d6cbd0bccfd49a52b7f4bf,modularity,Проверить границы модулей и контракт расширений,False
Ruslan-B/FFmpeg.AutoGen,https://github.com/Ruslan-B/FFmpeg.AutoGen,integration_wrapper,"FFmpeg auto generated unsafe bindings for C#/.NET and Core (Linux, MacOS and Mono).",C#,1610,False,2026-08-22T08:12:26Z,MIT,metadata_manual_readme_automated,ok,3969a6f399dbd04e4bb571c846dcb2727fbec759,d89a82f08c86fad19ea8ddfe4d3beb29d661ed9a65af1c96914be576535ccad8,,Проверить применимость по назначению; README не дал архитектурных сигналов,False
rust-av/av-metrics,https://github.com/rust-av/av-metrics,targeted_library_framework,Quality metrics,Rust,64,False,2026-08-28T09:38:13Z,MIT,metadata_manual_readme_automated,ok,92473c50255e46b21d41fbeaa59b4c045c04cd8b,66523bd26ec08094edd3e9a094a096e6153e7c25915b8da3e383d2f7b1bea155,quality,"Проверить корпус, качество и воспроизводимость метрик",False
rust-av/Av1an,https://github.com/rust-av/Av1an,codec_hardware,Cross-platform command-line AV1 / VP9 / HEVC / H264  encoding framework with per scene quality encoding,Rust,1977,False,2026-08-31T10:04:03Z,GPL-3.0,selected_source_excerpts,ok,f3cf050064480ea9c65d9a7f42468a913ae80a7f,66cebc82358c5afa3fa81ac6a56cd1262aee0131949c50695eea8eb396431237,scheduling; gpu; quality; modularity,"Проверить очереди, ожидание и бюджет параллелизма; Проверить передачу GPU-поверхностей и синхронизацию; Проверить корпус, качество и воспроизводимость метрик; Проверить границы модулей и контракт расширений",False
rust-av/nvidia-video-codec-rs,https://github.com/rust-av/nvidia-video-codec-rs,integration_wrapper,Bindings for the NVIDIA Video Codec SDK,Rust,35,False,2021-07-26T05:31:03Z,MIT,metadata_manual_readme_automated,ok,decc15bc13fa5354e4e32c8c454be4d446a53ebb,39b84aba8e28b570b890efed0f3b2d2fec22ab49573e9c6ebca4d657337c8f4a,gpu,Проверить передачу GPU-поверхностей и синхронизацию,False
rust-av/rust-av,https://github.com/rust-av/rust-av,processing_framework,Multimedia Toolkit written in pure rust.,Rust,913,False,2026-02-05T01:32:29Z,MIT,selected_source_excerpts,ok,fae0e33da787d4365647db55822e8a0dacba9ad7,ce67262b9bca407cefed2ed0775653ebe9f5e8ef5de3ce3db4e1442d3cf51244,,Проверить применимость по назначению; README не дал архитектурных сигналов,False
rust-av/v_frame,https://github.com/rust-av/v_frame,targeted_library_framework,"Video Frame data structures, originally part of rav1e",Rust,18,False,2026-08-02T09:02:56Z,BSD-2-Clause,metadata_manual_readme_automated,ok,207eeff2bda45c1a22b913187751336e318a15b9,d28746432051cbb9f5b2aaedb4b8fc9e34a23846da496bdae6315b1ee6b6b523,memory; modularity,"Проверить владение, лимиты памяти и жизненный цикл буферов; Проверить границы модулей и контракт расширений",False
RustAudio/coreaudio-rs,https://github.com/RustAudio/coreaudio-rs,integration_wrapper,A friendly rust interface to Apple's Core Audio API.,Rust,297,False,2026-06-18T21:08:19Z,Apache-2.0,metadata_manual_readme_automated,ok,8fd1b1438b8e38e744e71606888b0102db6a2366,65a0877bf1838683c2f8774c154ac55aca4922f130f0e101909127e1ceea2bf4,,Проверить применимость по назначению; README не дал архитектурных сигналов,False
RustAudio/cpal,https://github.com/RustAudio/cpal,audio_dsp,Low-level cross-platform audio I/O library in Rust,Rust,3925,False,2026-09-02T21:22:44Z,Apache-2.0,metadata_manual_readme_automated,ok,28b9a291412dc7822aafb9439f7bb2dd92c03eea,cc90c42d4959b02c5ebac24d70d19fa9b33cad8f5ae5f7a4f0af0dba6ae5eca3,scheduling; time; modularity,"Проверить очереди, ожидание и бюджет параллелизма; Проверить временные шкалы, задержку и discontinuity; Проверить границы модулей и контракт расширений",False
RustAudio/dasp,https://github.com/RustAudio/dasp,audio_dsp,The fundamentals for Digital Audio Signal Processing. Formerly `sample`.,Rust,1187,False,2026-01-12T21:56:06Z,NOASSERTION,metadata_manual_readme_automated,ok,b486dced818b5e36256ab91869d07ba123dfbf1e,54ac868a48d754fbd03cfdd1fbb68b7b3c96b18569a3e1382407cee7677a28a3,memory; modularity,"Проверить владение, лимиты памяти и жизненный цикл буферов; Проверить границы модулей и контракт расширений",False
RustAudio/dsp-chain,https://github.com/RustAudio/dsp-chain,audio_dsp,"A library for chaining together multiple audio dsp processors/generators, written in Rust!",Rust,314,False,2022-02-19T18:02:47Z,MIT,metadata_manual_readme_automated,ok,945c01170e5fc84a3e17ca1f996d691452da6c9e,556efdf297419250445097775c0c7468fd62595ef6f07a09059440c969831858,modularity,Проверить границы модулей и контракт расширений,False
RustAudio/rodio,https://github.com/RustAudio/rodio,audio_dsp,Rust audio playback library,Rust,2455,False,2026-08-23T21:05:39Z,Apache-2.0,metadata_manual_readme_automated,ok,ccc96feaff5c27c2ad583f932feda32a7c512cc3,38ebbbbfa747d7e0f1a4a8b464e8f7d4bf20666c60ee7f46fd717727631ff09a,modularity,Проверить границы модулей и контракт расширений,False
RyandracusCodesGames/libagmv,https://github.com/RyandracusCodesGames/libagmv,codec_hardware,An open-source full-motion video codec optimized for real-time playback on low-end graphical devices.,C,30,False,2024-10-26T23:34:39Z,Zlib,metadata_manual_readme_automated,ok,ece783cac753ef70d48f6af4c7cd4f57880e6160,03709262f9ba6ca128ae4db73e2188834fcd777944dd7fdc6b550ad15d77f3ce,,Проверить применимость по назначению; README не дал архитектурных сигналов,False
RylanBot/melody-workshop,https://github.com/RylanBot/melody-workshop,audio_dsp,🎵 Audio processing and mixing suite「音频编辑工具」,TypeScript,233,False,2025-08-27T12:56:28Z,MIT,metadata_manual_readme_automated,ok,95fbd70470bf6245ea10e6b34ebac17bd090e11b,a5ccd3a5ab8ff90e036b13c15791b30307653aca788f9859981705e75e697d29,,Проверить применимость по назначению; README не дал архитектурных сигналов,False
sambowenhughes/a-react-video-editor,https://github.com/sambowenhughes/a-react-video-editor,editor_compositor,Free video editor built using Next.js & Remotion. This project serves as a foundation for video editing capabilities and is a simplified version of the full-featured https://www.reactvideoeditor.com.,TypeScript,157,False,2024-12-05T01:12:27Z,MIT,metadata_manual_readme_automated,ok,10f65a8a90ad77117da71c5ff3d00e0422cc8515,3e795495157fa8c1a4e80f0bedff5dfadb11193a9013926676661c1103e80bba,,Проверить применимость по назначению; README не дал архитектурных сигналов,False
SamiPerttu/fundsp,https://github.com/SamiPerttu/fundsp,audio_dsp,Library for audio processing and synthesis,Rust,1205,False,2026-03-03T15:41:09Z,Apache-2.0,metadata_manual_readme_automated,ok,1d3bff74fce72652fb58676aa6e8ba67c64074b3,63b96dc34f31f6e338a764cacb64596cb09500ae5b67fc8972afa5db7bec2e0e,memory; scheduling; time; modularity,"Проверить владение, лимиты памяти и жизненный цикл буферов; Проверить очереди, ожидание и бюджет параллелизма; Проверить временные шкалы, задержку и discontinuity; Проверить границы модулей и контракт расширений",False
Samsung/ChromiumGStreamerBackend,https://github.com/Samsung/ChromiumGStreamerBackend,streaming_transport,Use GStreamer to play media streams in chromium. We implemented a Media Process which is own by the Browser Process and creates players on-demand. Any Video tag will be backed by a GStreamer pipeline that lives in the Media Process. ,,163,False,2022-07-06T19:49:20Z,BSD-3-Clause,metadata_manual_readme_automated,ok,bc027af295a0df0eab74f968fa3fc45d9b629c15,ad99d5d90f02170e0c1883c5a9c00670008d59a84ab9a2e21e80ad0402aa1b00,memory; scheduling; gpu; time; quality; modularity,"Проверить владение, лимиты памяти и жизненный цикл буферов; Проверить очереди, ожидание и бюджет параллелизма; Проверить передачу GPU-поверхностей и синхронизацию; Проверить временные шкалы, задержку и discontinuity; Проверить корпус, качество и воспроизводимость метрик; Проверить границы модулей и контракт расширений",False
sannies/mp4parser,https://github.com/sannies/mp4parser,container_metadata,"A Java API to read, write and create MP4 files",Java,2802,False,2024-08-15T22:50:11Z,Apache-2.0,metadata_manual_readme_automated,ok,8a02937f54000d3896dc2d9449b898643c7eb5cb,78be3527b5d0b737dfe43bf8952134312fe99dc9f64a7b0198e9c8b18e86c583,,Проверить применимость по назначению; README не дал архитектурных сигналов,False
SartreShao/video-editor.webassembly,https://github.com/SartreShao/video-editor.webassembly,editor_compositor,Pure Front-end Video Editor,JavaScript,325,False,2022-04-06T08:15:14Z,UNKNOWN,metadata_manual_readme_automated,ok,82d3ab52328805cf5ed381bf640295cb27a5bc82,71147f58e7f7cbab9c9f4827f600421a4b318fde119c30cceed878aa03b056e1,,Проверить применимость по назначению; README не дал архитектурных сигналов,False
scalarhq/videotranscode.space,https://github.com/scalarhq/videotranscode.space,transcoding_product,A video transcoder and converter built using Web Assembly and FFMPEG to transcode and convert videos right in your browser while protecting your privacy,TypeScript,510,False,2021-12-19T18:30:10Z,Apache-2.0,metadata_manual_readme_automated,ok,164d5fbc34ad5b21344a147344d756b657dc8482,dc39b5dcdceb3d148e8cae803fcedb20e1f725cf1cdbd01dd809df3504a4cfdc,,Проверить применимость по назначению; README не дал архитектурных сигналов,False
scikit-video/scikit-video,https://github.com/scikit-video/scikit-video,processing_framework,Video Processing in Python,Python,709,False,2026-07-04T07:03:44Z,BSD-3-Clause,metadata_manual_readme_automated,ok,4715ab6da1467ca92d0e85705df708764e89630c,13f54160c484258efaa5968737fa9c61c4bfa5e422e3f16fb87910a609d2ddf2,quality; modularity,"Проверить корпус, качество и воспроизводимость метрик; Проверить границы модулей и контракт расширений",False
scottschiller/SoundManager2,https://github.com/scottschiller/SoundManager2,audio_dsp,"A JavaScript Sound API supporting MP3, MPEG4 and HTML5 audio + RTMP, providing reliable cross-browser/platform audio control in as little as 12 KB. BSD licensed.",JavaScript,5079,False,2021-03-22T03:54:07Z,NOASSERTION,metadata_manual_readme_automated,ok,fdf50815e35e813ccc20f2fa1d3f91f902954666,489a80df4b77eed22b8040d28bd90347f27b8316ade44231dfa0c396b8134772,,Проверить применимость по назначению; README не дал архитектурных сигналов,False
ScuffleCloud/scuffle,https://github.com/ScuffleCloud/scuffle,streaming_transport,Opensource Cloud Provider (focusing on video streaming),Rust,418,False,2026-04-19T00:27:42Z,MIT,metadata_manual_readme_automated,ok,fc826885cf00a4de1f3417976ad8fd2030a562d5,a52c837a416f2ee26c94658a3f7beb46a7b28a7300f72a36da715255b6fecc15,,Проверить применимость по назначению; README не дал архитектурных сигналов,False
sdroege/gst-player,https://github.com/sdroege/gst-player,streaming_transport,GStreamer Playback API,C,71,True,2017-01-10T16:39:14Z,LGPL-2.1,metadata_manual_readme_automated,ok,d7e1fba23831bed4634b79fe7ac5438ab177cc4d,a970dfbb955d4c3f76033d2ee5ef043ac7a19b35d0b14d8217d054dcd940ce5f,,Проверить применимость по назначению; README не дал архитектурных сигналов,False
sdroege/http-launch,https://github.com/sdroege/http-launch,streaming_transport,Simple GStreamer HTTP live streaming from a pipeline description,C,66,False,2018-01-29T08:19:49Z,NOASSERTION,metadata_manual_readme_automated,ok,e69de29bb2d1d6434b8b29ae775ad8c2e48c5391,e3b0c44298fc1c149afbf4c8996fb92427ae41e4649b934ca495991b7852b855,,Проверить применимость по назначению; README не дал архитектурных сигналов,False
security-union/videocall-rs,https://github.com/security-union/videocall-rs,streaming_transport,media streaming framework and teleconferencing system written in rust,Rust,1786,False,2026-09-01T14:59:12Z,Apache-2.0,metadata_manual_readme_automated,ok,e683d962840095cccca1e7b0b3888b1b42ce7d12,d6029f15d40e1a48a48842b60dac0d467434d73fdd3a30ad5a1b2e454749f9f3,scheduling; gpu; time; modularity,"Проверить очереди, ожидание и бюджет параллелизма; Проверить передачу GPU-поверхностей и синхронизацию; Проверить временные шкалы, задержку и discontinuity; Проверить границы модулей и контракт расширений",False
SentryShot/sentryshot,https://github.com/SentryShot/sentryshot,processing_framework, Video Management System. Mirror of Codeberg.,Rust,363,False,2026-04-27T19:29:26Z,GPL-2.0,metadata_manual_readme_automated,ok,768f26542cda24b80a200431cf250656f93ea47f,6f8eb9d4c7024981224d4c3d9d59a0a9825f1a88d7d798fc49d02d5fb4d2e1f3,,Проверить применимость по назначению; README не дал архитектурных сигналов,False
sepfy/libpeer,https://github.com/sepfy/libpeer,streaming_transport,WebRTC Library for IoT/Embedded Device using C,C,1545,False,2026-08-23T14:56:24Z,MIT,metadata_manual_readme_automated,ok,b6bfe0e34738916b40b29c45eff410ada457ad38,f253ced876cb91953a50aba5213901cf68d9a392a65d1ba9f74c37464fe6f000,,Проверить применимость по назначению; README не дал архитектурных сигналов,False
Serial-ATA/lofty-rs,https://github.com/Serial-ATA/lofty-rs,container_metadata,Audio metadata library,Rust,356,False,2026-09-03T20:59:37Z,Apache-2.0,metadata_manual_readme_automated,ok,4df86c3ab7f55a5e45025ccc81b0fc8ce5d9a327,fa878b45157b473f5b553530ecf7661bf8b5fe5ac9836a00fae46bf66a5faed8,,Проверить применимость по назначению; README не дал архитектурных сигналов,False
shadowmoose/Web-Video-Editor,https://github.com/shadowmoose/Web-Video-Editor,editor_compositor,Web-based video file Editor - Crop video/Adjust time. Supports in-browser conversion or exporting FFmpeg commands.,JavaScript,154,False,2023-06-21T05:24:48Z,MIT,metadata_manual_readme_automated,ok,f7af6e0fb666b7f3ae11366e58c01ebf297f0f78,4ba884374586ad137d1d3c00e9c5747ef606850d9ff18a96ab4ef90cf52a45d9,,Проверить применимость по назначению; README не дал архитектурных сигналов,False
shahen94/react-native-video-processing,https://github.com/shahen94/react-native-video-processing,editor_compositor,Native Video editing/trimming/compressing  :movie_camera: library for React-Native,Objective-C,1288,False,2026-01-21T23:18:12Z,MIT,metadata_manual_readme_automated,ok,2812a04a42edefcfae94a0027c9400ea07735cca,a00b68b69d94fc2f6cd20757476027f31df3ee785b70b24295248fb091bb715a,gpu,Проверить передачу GPU-поверхностей и синхронизацию,False
shaka-project/shaka-packager,https://github.com/shaka-project/shaka-packager,processing_framework,"A media packaging and development framework for VOD and Live DASH and HLS applications, supporting Common Encryption for Widevine and other DRM Systems.",C++,2594,False,2026-08-21T16:30:14Z,NOASSERTION,metadata_manual_readme_automated,ok,1d7476d17d6eeef24a4c3fd291888abc3aa83d51,07f8b2794390cd58ff9ff42744b9b3ae79c8578ac55ddc85da741f90caab3a9e,,Проверить применимость по назначению; README не дал архитектурных сигналов,False
shichaog/WebRTC-audio-processing,https://github.com/shichaog/WebRTC-audio-processing,audio_dsp,webrtc audio processing,C++,429,False,2020-05-10T09:14:01Z,UNKNOWN,metadata_manual_readme_automated,ok,763a36e4dcc52ff9b1887d4a61bce5b0e7798d0c,cbfa312d86c218cd5defbdc9de9c6b3e889aa226ef99d6159dba7089629a7c5a,,Проверить применимость по назначению; README не дал архитектурных сигналов,False
shinyoshiaki/werift-webrtc,https://github.com/shinyoshiaki/werift-webrtc,container_metadata,"WebRTC Implementation for TypeScript (Node.js), includes ICE/DTLS/SCTP/RTP/SRTP/WEBM/MP4",TypeScript,626,False,2026-09-04T09:59:55Z,MIT,metadata_manual_readme_automated,ok,54ab0774babf61de320292a83ca132ecc0827ccc,074a89aab63291e81a4579eb693f892fb169c60ac713edd855b20270d1efdedf,scheduling; modularity,"Проверить очереди, ожидание и бюджет параллелизма; Проверить границы модулей и контракт расширений",False
signalapp/Signal-Calling-Service,https://github.com/signalapp/Signal-Calling-Service,processing_framework,Forwards media from 1 group call device to N group call devices.,Rust,464,False,2026-08-31T23:19:43Z,AGPL-3.0,metadata_manual_readme_automated,ok,80e6b92435a3bb7b1f7cc474a1e7aa3b1668d0ef,c2502754895e66203fab4e8de09d5a0707c6c83d770c207e17c946fd88abefce,modularity,Проверить границы модулей и контракт расширений,False
sijow/gst-airplay,https://github.com/sijow/gst-airplay,streaming_transport,GStreamer source element for AirPlay video streams,C,96,False,2024-03-03T02:17:34Z,GPL-3.0,metadata_manual_readme_automated,ok,97c4edbfcd71db307810ffffdb0ed28dd52e0448,3601a6c982f8bac745651435c5dc17d6509275b892e0ac7d92ce961fd0e09398,scheduling; time; modularity,"Проверить очереди, ожидание и бюджет параллелизма; Проверить временные шкалы, задержку и discontinuity; Проверить границы модулей и контракт расширений",False
Silence-GitHub/BBMetalImage,https://github.com/Silence-GitHub/BBMetalImage,processing_framework,A high performance Swift library for GPU-accelerated image/video processing based on Metal.,Swift,1043,False,2022-10-10T06:57:14Z,MIT,metadata_manual_readme_automated,ok,6df7a949a381ae95f57e732f913e8dcbdf50219d,2f1e24fc82bf438ac9118325214b44b78960288c8bd082b3357a4e2237c89cfc,scheduling; gpu,"Проверить очереди, ожидание и бюджет параллелизма; Проверить передачу GPU-поверхностей и синхронизацию",False
Silo-Server/silo-server,https://github.com/Silo-Server/silo-server,transcoding_product,"Self-hosted media streaming server with a Go backend, React web UI, Docker deployment, transcoding, and Jellyfin-compatible APIs.",Go,349,False,2026-09-04T17:23:42Z,AGPL-3.0,metadata_manual_readme_automated,ok,bf5b8fa9ccaa73dcbd44de7f6b9ce8865aa9e7ca,bec4d1a5ba8d3cec5483169772825a8958081f6b0ff1cea7a75e14ec15fc2415,gpu; modularity,Проверить передачу GPU-поверхностей и синхронизацию; Проверить границы модулей и контракт расширений,False
simplewebrtc/SimpleWebRTC,https://github.com/simplewebrtc/SimpleWebRTC,streaming_transport,Simplest WebRTC ever,JavaScript,4686,False,2022-08-14T00:15:59Z,NOASSERTION,metadata_manual_readme_automated,ok,221b9cc535983e9b61e3e406df4c997bf30ff90f,26bf95229cfe3ce997f36438a2145963717e946da5131485c31dfcb89ab548ce,,Проверить применимость по назначению; README не дал архитектурных сигналов,False
SINRG-Lab/swift,https://github.com/SINRG-Lab/swift,codec_hardware,Adaptive Video Streaming with Layered Neural Codecs,C,44,False,2022-04-01T15:38:16Z,UNKNOWN,metadata_manual_readme_automated,ok,726c0b7e0b2c36a4feccc499d92c030b89488317,9e0072fc1d9d4d6f6abc85ae9b5efe434e1d8bff1c4551524f54a82ecdbedfe1,,Проверить применимость по назначению; README не дал архитектурных сигналов,False
sipsorcery-org/sipsorcery,https://github.com/sipsorcery-org/sipsorcery,streaming_transport,"A WebRTC, SIP and VoIP library for C# and .NET. Designed for real-time communications apps.",C#,1936,False,2026-08-31T16:56:54Z,NOASSERTION,metadata_manual_readme_automated,ok,b4cf299943aa217ff5e203deeb1c83aab657fa49,3202f330682466ca480dce4f0cacf74b14fcb4010ce7a25c56c84851068d0f0d,scheduling,"Проверить очереди, ожидание и бюджет параллелизма",False
Skardyy/mcat,https://github.com/Skardyy/mcat,processing_framework,"Terminal image, video, PDF, and Markdown viewer",Rust,1398,False,2026-08-31T13:43:52Z,MIT,metadata_manual_readme_automated,ok,5e43f1afbb47284d11b6bbb28fa6ac7a45e5f86a,63f54222574bd8c100b5cef6eb5931b5ec692ec1188431305bfdf9c4a4d91d0e,,Проверить применимость по назначению; README не дал архитектурных сигналов,False
slhck/ffmpeg-normalize,https://github.com/slhck/ffmpeg-normalize,audio_dsp,Audio Normalization for Python/ffmpeg,HTML,1532,False,2026-09-02T06:30:54Z,NOASSERTION,metadata_manual_readme_automated,ok,10a762f60eaa9115e50d66519de49ec593379b4d,cdf65e7c11b4195ed765ca659f93a9054df97958a0d72cd3841855540f64f10e,,Проверить применимость по назначению; README не дал архитектурных сигналов,False
smourier/DirectN,https://github.com/smourier/DirectN,editor_compositor,"Direct interop Code for .NET Framework, .NET Core and .NET 5+ : DXGI, WIC, DirectX 9 to 12, Direct2D, Direct Write, Direct Composition, Media Foundation, WASAPI, CodecAPI, GDI, Spatial Audio, DVD, Windows Media Player, UWP DXInterop, WinUI3, etc.",C#,389,False,2026-06-03T15:55:41Z,MIT,metadata_manual_readme_automated,ok,c7f3d9afb1b50c5e0e75ed3644349f140584f7fa,479b12aed980fe338a2ff856bcd2cd1fe652f34cf8edb771345c80cd8591cf89,memory,"Проверить владение, лимиты памяти и жизненный цикл буферов",False
snuq/VSEQF,https://github.com/snuq/VSEQF,editor_compositor,VSE Quick Functions Addon For Blender.  Improve the Blender video editor with new workflows and functions.,Python,198,False,2026-03-20T23:51:26Z,UNKNOWN,metadata_manual_readme_automated,ok,7e4be920161523602fd26cfa220713e0d31cf303,d0b0a463855166291fa128f7250017ef121d3dce37f93bc20a2ee8e4d4ac0131,,Проверить применимость по назначению; README не дал архитектурных сигналов,False
software-mansion/smelter,https://github.com/software-mansion/smelter,audio_dsp,"Toolkit for real-time, low latency, programmable video and audio mixing.",Rust,719,False,2026-09-04T14:09:56Z,NOASSERTION,selected_source_excerpts,ok,1c99d9f46d014b2f5039ba51be9039b964df07f2,2af2c14985494559ad624721b568dc1e52647b5df76ddecb11022c0f468ac2ff,gpu; time,"Проверить передачу GPU-поверхностей и синхронизацию; Проверить временные шкалы, задержку и discontinuity",False
stackia/rtp2httpd,https://github.com/stackia/rtp2httpd,transcoding_product,"Multicast RTP/RTSP to Unicast HTTP stream converter, with built-in web player, status dashboard, fast channel change support, and more!",C,2031,False,2026-09-03T23:11:10Z,GPL-2.0,metadata_manual_readme_automated,ok,1bc7e912a3a734427ee58a4d920cfcfb5cc2645f,1b75c1a6ab562b74b9ee08724212c36a3b4b0f0ce40dea2b188ce1e84d44ed21,,Проверить применимость по назначению; README не дал архитектурных сигналов,False
starrtc/starrtc-server,https://github.com/starrtc/starrtc-server,streaming_transport,免费IM系统，IM即时通信消息系统(含一对一文字聊天，群聊，聊天室)，免费一对一voip实时通话，录屏，webrtc服务端，免费直播连麦，互动直播，视频直播，RTSP拉流，RTMP推流，语音对讲，免费在线会议，视频会议等服务端程序，支持物联网平台，✨万水千山总是情，来个star行不行✨,C,3073,False,2019-12-27T13:44:39Z,UNKNOWN,metadata_manual_readme_automated,ok,98b4250a5a3a46547fff4c04ca68878c2b3f8470,d6de38f8076d8e9294be6c1bed45057583510983d090c25fc9d633ab4f600762,,Проверить применимость по назначению; README не дал архитектурных сигналов,False
steelbrain/ffmpeg-over-ip,https://github.com/steelbrain/ffmpeg-over-ip,processing_framework,Connect to remote ffmpeg servers,Go,1177,False,2026-06-14T02:51:36Z,NOASSERTION,metadata_manual_readme_automated,ok,890797a5776cf271a2ad58f6c03bd030ce97ce1a,3543f0cd444595fc22b43ace2250612e719dbf46160ff9db4171dbd4df4bb4c0,gpu,Проверить передачу GPU-поверхностей и синхронизацию,False
stephengpope/no-code-architects-toolkit,https://github.com/stephengpope/no-code-architects-toolkit,editor_compositor,"The NCA Toolkit API eliminates monthly subscription fees by consolidating common API functionalities into a single FREE API. Designed for businesses, creators, and developers, it streamlines advanced media processing, including video editing and captioning, image transformations, cloud storage, and Python code execution.",Python,2344,False,2026-01-02T01:51:53Z,GPL-2.0,metadata_manual_readme_automated,ok,e97899b679cd33fc6a9cfb0ee8ffa25260181768,9fdbfc0967a15225ac61b99d228a29391cae1e74a3f333918c1b0eb0d9b0f222,scheduling; gpu; time,"Проверить очереди, ожидание и бюджет параллелизма; Проверить передачу GPU-поверхностей и синхронизацию; Проверить временные шкалы, задержку и discontinuity",False
steveseguin/vdo.ninja,https://github.com/steveseguin/vdo.ninja,streaming_transport,VDO.Ninja is a powerful tool that lets you bring remote video feeds into OBS or other studio software via WebRTC.,JavaScript,4015,False,2026-09-01T13:23:40Z,NOASSERTION,metadata_manual_readme_automated,ok,41b14b31d6b9739026666189be6f63babe8915d8,23a358b5eedcf7da0b13a6ba49393ccde1633569a9d447ae93319cd80aec4c47,time,"Проверить временные шкалы, задержку и discontinuity",False
Streamedian/html5_rtsp_player,https://github.com/Streamedian/html5_rtsp_player,streaming_transport,Play RTSP stream from IP camera in browser in this HTML5 player without plugins,JavaScript,2731,False,2024-01-18T07:32:39Z,Apache-2.0,metadata_manual_readme_automated,ok,fff52a8ea79c2932ed7b37a13674aec21c4b0904,1cdd6ad0ceff6eff809905acd11fb024482055f9611f12063e63c8436c53b6cd,scheduling; time; modularity,"Проверить очереди, ожидание и бюджет параллелизма; Проверить временные шкалы, задержку и discontinuity; Проверить границы модулей и контракт расширений",False
streamio/streamio-ffmpeg,https://github.com/streamio/streamio-ffmpeg,integration_wrapper,Simple yet powerful ruby ffmpeg wrapper for reading metadata and transcoding movies,Ruby,1685,False,2024-05-08T12:47:14Z,MIT,metadata_manual_readme_automated,ok,dd2d83cc6a27b2508ef83529d6f253d8581a8e9a,bba3171fd8dc6418e260920d4ddbc434579f565cad2ee7ac81a6ab31ab4256e7,scheduling,"Проверить очереди, ожидание и бюджет параллелизма",False
strukturag/gstreamer-libde265,https://github.com/strukturag/gstreamer-libde265,streaming_transport,HEVC/H.265 video decoder using libde265 (GStreamer plugin),C,62,False,2023-08-28T10:05:40Z,LGPL-3.0,metadata_manual_readme_automated,ok,0eff7992c901fd6d8fa8ac3c0d930e1d49729157,f599877cb103b21b61c6b38c3e94c638efd340c4ddb050606f2a9b4d030f6a81,quality; modularity,"Проверить корпус, качество и воспроизводимость метрик; Проверить границы модулей и контракт расширений",False
strukturag/libde265,https://github.com/strukturag/libde265,codec_hardware,Open h.265 video codec implementation.,C++,1911,False,2026-09-03T17:52:45Z,NOASSERTION,metadata_manual_readme_automated,ok,604cd518cdbc69654258f04c522f1ca19ba92bd8,8df51165ab7b18d3b652da1e6526a03aa03b293b04d02292f8af23fa7e0e00fb,scheduling; quality; modularity,"Проверить очереди, ожидание и бюджет параллелизма; Проверить корпус, качество и воспроизводимость метрик; Проверить границы модулей и контракт расширений",False
SublerApp/Subler,https://github.com/SublerApp/Subler,editor_compositor,"MP4 muxer and editor, can add tx3g subtitles, video, audio and chapters tracks compatible with QuickTime",Swift,241,False,2026-08-27T14:51:38Z,NOASSERTION,metadata_manual_readme_automated,ok,2a285574c47eb6eadf087b128011602e513236b4,897790501938993a607e7050a3290f0ca2a942b86ed5f3b08822b26543a832f6,,Проверить применимость по назначению; README не дал архитектурных сигналов,False
svt/encore,https://github.com/svt/encore,transcoding_product,Transcode media files in an epic manner,Kotlin,336,False,2026-07-01T11:53:00Z,EUPL-1.2,metadata_manual_readme_automated,ok,1cc4166235f95ba7a02809d52e37c3625dc3ea09,c75dca34ac24949ae26bb49b079dc57fde969eaa45be006b211ff7b8967399cc,scheduling,"Проверить очереди, ожидание и бюджет параллелизма",False
syedhali/EZAudio,https://github.com/syedhali/EZAudio,audio_dsp,"An iOS and macOS audio visualization framework built upon Core Audio useful for anyone doing real-time, low-latency audio processing and visualizations.",Objective-C,4981,False,2025-09-09T05:58:54Z,NOASSERTION,metadata_manual_readme_automated,ok,55a35f36db0692d7055c7c0ae74194c16cee2ec6,f7aad4f1b73dc8919a1f04c5776156ceb7d0ed65285da0272c0b674d0951b7d3,memory; scheduling; gpu; time,"Проверить владение, лимиты памяти и жизненный цикл буферов; Проверить очереди, ожидание и бюджет параллелизма; Проверить передачу GPU-поверхностей и синхронизацию; Проверить временные шкалы, задержку и discontinuity",False
synctv-org/synctv,https://github.com/synctv-org/synctv,streaming_transport,"Synchronized viewing, theater, live streaming, video",Rust,2483,False,2026-09-02T04:02:17Z,MIT,metadata_manual_readme_automated,ok,4852a39519b39b4f2dbe6c1baf4ec60501a5c285,e639b63b94d1152238d1620bd7c282641cb7fc84c1f4c1b288536aedc754eb7d,time,"Проверить временные шкалы, задержку и discontinuity",False
tamnguyenvan/screenarc,https://github.com/tamnguyenvan/screenarc,editor_compositor,"ScreenArc – Cross-platform screen recorder & editor with automatic cinematic zooms, mouse tracking, and effortless video creation.",TypeScript,707,False,2026-07-22T02:36:51Z,GPL-3.0,metadata_manual_readme_automated,ok,4b8b48ba5a0debe4c42db78c8bd87dadd6c51484,c60091290e76df59b1ef0d83bd19d6e9e50f7337a9c7dd64b4f389e9f0a9e3fc,modularity,Проверить границы модулей и контракт расширений,False
TeamNewPipe/NewPlayer,https://github.com/TeamNewPipe/NewPlayer,playback,A media player framework based on ExoPlayer. Separate from NewPipe to enforce modularity.,Kotlin,178,True,2026-06-01T08:15:32Z,GPL-3.0,metadata_manual_readme_automated,ok,178ed4cd2791ffc49f27a779575504d5488b52f7,e88e35c9203bdba6444d271d4eeb9b243ffa160b8516c3631c872ad50f80efb3,,Проверить применимость по назначению; README не дал архитектурных сигналов,False
TechSmith/mp4v2,https://github.com/TechSmith/mp4v2,container_metadata,Fork of mp4v2: https://code.google.com/archive/p/mp4v2/,C++,311,False,2026-06-11T18:26:42Z,NOASSERTION,metadata_manual_readme_automated,ok,d4625e1de5ef5c21ff42961b4b5cff1369bd974b,889689820456d88bf232e9dee5f0b3336bececf4136054de652b7d66096693d3,,Проверить применимость по назначению; README не дал архитектурных сигналов,False
teltek/gst-plugin-ndi,https://github.com/teltek/gst-plugin-ndi,streaming_transport,GStreamer NDI Plugin for Linux,Rust,178,False,2022-06-22T10:07:50Z,LGPL-2.1,metadata_manual_readme_automated,ok,5e77e3aa0a3e110610393c86155542cb86f88bb8,9da10cd7b110babb0fe3eacdcea9ab209a2176978d3b6014120fcdb3c93a354c,scheduling; modularity,"Проверить очереди, ожидание и бюджет параллелизма; Проверить границы модулей и контракт расширений",False
teodly/inferno,https://github.com/teodly/inferno,audio_dsp,[MIRROR] unofficial implementation of Dante protocol (Audio over IP),Rust,323,False,2026-07-07T13:48:18Z,NOASSERTION,metadata_manual_readme_automated,ok,fbd47eb4eaa0d3e544d5301d7e0510a2521b5d69,59507c092d515329193707b4511f62b88406b2b0e133ff20036618de27b7d270,memory; scheduling; time; modularity,"Проверить владение, лимиты памяти и жизненный цикл буферов; Проверить очереди, ожидание и бюджет параллелизма; Проверить временные шкалы, задержку и discontinuity; Проверить границы модулей и контракт расширений",False
tesselode/kira,https://github.com/tesselode/kira,audio_dsp,Library for expressive game audio.,Rust,1060,False,2026-08-27T05:35:07Z,Apache-2.0,metadata_manual_readme_automated,ok,e5dde9ec7448052aeacdeb760d6673b66b418ec8,08fb63d74704240b760a5530c6a3f6ecd4cd471b99261ee8ad3c0cdad0681d6b,scheduling; modularity,"Проверить очереди, ожидание и бюджет параллелизма; Проверить границы модулей и контракт расширений",False
tharunbirla/LibreCuts,https://github.com/tharunbirla/LibreCuts,editor_compositor,"LibreCuts is a free, open-source video editor for Android that prioritizes simplicity and efficiency.",Kotlin,693,False,2026-09-04T10:58:14Z,MIT,metadata_manual_readme_automated,ok,267fb7eac4483f25b3c6f8d0c2a71816a8211569,5681473aa7b6b9401eb2f7277061e894205ed3e530c95e34a233c7e428b7ecdc,,Проверить применимость по назначению; README не дал архитектурных сигналов,False
thaytan/gst-rpicamsrc,https://github.com/thaytan/gst-rpicamsrc,streaming_transport,GStreamer element for the Raspberry Pi camera module,C,264,False,2020-11-19T15:08:08Z,NOASSERTION,metadata_manual_readme_automated,ok,ecd6368489d29542967d87593b37bb87adc13dca,cc9db53afacd295294f657b1ecff5b9e30d78dc2f7c8d11451f95f4e93c136cb,modularity,Проверить границы модулей и контракт расширений,False
TheGodsThemselves/WsVideoEditor,https://github.com/TheGodsThemselves/WsVideoEditor,editor_compositor,A Video Editor Library,C,330,False,2020-05-05T13:15:33Z,UNKNOWN,metadata_manual_readme_automated,ok,29c9e7bd3092a8f8960bcc194893bfc75bbae49d,9c0e8cd66ee8caad6645008e5c1be693f9cb4c8bb1b400d9b990a023a97ce459,,Проверить применимость по назначению; README не дал архитектурных сигналов,False
TheOrcDev/videorc,https://github.com/TheOrcDev/videorc,streaming_transport,"Open-source macOS screen recorder & multistream studio — record in 4K, stream live, publish with AI.",Rust,447,False,2026-08-31T21:50:05Z,AGPL-3.0,metadata_manual_readme_automated,ok,be52f388f43a6c5a279d0add639555f52927e3da,3e291e7af406d039e4bab72c61567dc64d9b0507babf70359863c8d02ee56918,gpu; time; modularity,"Проверить передачу GPU-поверхностей и синхронизацию; Проверить временные шкалы, задержку и discontinuity; Проверить границы модулей и контракт расширений",False
thestk/stk,https://github.com/thestk/stk,audio_dsp,The Synthesis ToolKit in C++ (STK) is a set of open source audio signal processing and algorithmic synthesis classes written in the C++ programming language.,C++,1232,False,2025-03-29T19:25:00Z,NOASSERTION,metadata_manual_readme_automated,ok,27c1f0efd51867487d645481910d5e5478a02489,49bd1d2613daa434530b495bc7a5d3f5008b7d745beab156bd0f4784df76cd05,scheduling; time,"Проверить очереди, ожидание и бюджет параллелизма; Проверить временные шкалы, задержку и discontinuity",False
tiangolo/nginx-rtmp-docker,https://github.com/tiangolo/nginx-rtmp-docker,streaming_transport,Docker image with Nginx using the nginx-rtmp-module module for live multimedia (video) streaming.,Shell,1346,False,2026-09-04T00:12:59Z,MIT,metadata_manual_readme_automated,ok,b1f6ed41fb95b2e566ba206fee9f22347803812d,6a7e06d3fe341aeeef20e1020ca063ffef6dca381eba07c42c1337f09666aca4,modularity,Проверить границы модулей и контракт расширений,False
time4tea/gopro-dashboard-overlay,https://github.com/time4tea/gopro-dashboard-overlay,container_metadata,Programs to process GoPro MP4 & Generic GPX/FIT files and create video dashboards & maps,Python,585,False,2026-08-04T17:08:55Z,GPL-3.0,metadata_manual_readme_automated,ok,889feeeeb343f9d26cee38fcb48eb67ba1accc08,86f749eb295a9b710801e654d77a2db42636bc3632c2946b4fbe857953104d84,gpu; time,"Проверить передачу GPU-поверхностей и синхронизацию; Проверить временные шкалы, задержку и discontinuity",False
timschneeb/RootlessJamesDSP,https://github.com/timschneeb/RootlessJamesDSP,audio_dsp,An implementation of the system-wide JamesDSP audio processing engine for non-rooted Android devices,C,1655,False,2026-08-31T04:26:24Z,GPL-3.0,metadata_manual_readme_automated,ok,240aa6d90fa2f0c8bcea935d69207776c152c94e,629355445560d95124f4b3bce021a6cb974fa4b47350edae41a4b25b4f6aadd3,time,"Проверить временные шкалы, задержку и discontinuity",False
tin2tin/Pallaidium,https://github.com/tin2tin/Pallaidium,editor_compositor,"PALLAIDIUM — a generative AI movie studio, seamlessly integrated into the Blender Video Editor (VSE), enabling end-to-end production from script to screen and back.",Python,1523,False,2026-08-22T09:38:28Z,GPL-3.0,metadata_manual_readme_automated,ok,4e18a10c97ba421a9ee926b9a543729e455e5d58,fc5ab4f56b4bb26b08ddb46f53a6d87e3b07f98f52e4339547f2c798ada81a2b,scheduling; gpu; time; modularity,"Проверить очереди, ожидание и бюджет параллелизма; Проверить передачу GPU-поверхностей и синхронизацию; Проверить временные шкалы, задержку и discontinuity; Проверить границы модулей и контракт расширений",False
tnfe/FFCreator,https://github.com/tnfe/FFCreator,processing_framework,A fast video processing library based on node.js (一个基于node.js的高速视频制作库),JavaScript,3159,False,2024-12-19T07:43:53Z,MIT,metadata_manual_readme_automated,ok,d84182486e25a393377f92e58ed3aff183c68a34,4c9984b36ad5574b18fc5ee7c2bbdef4c09a77faa0656ed1a4bf8e268ad3623f,scheduling,"Проверить очереди, ожидание и бюджет параллелизма",False
tonarino/webrtc-audio-processing,https://github.com/tonarino/webrtc-audio-processing,integration_wrapper,Rust bindings for the webrtc-audio-processing library,Rust,325,False,2026-07-16T19:26:59Z,BSD-3-Clause,metadata_manual_readme_automated,ok,86b8060edff4efd68032008260edbd8c25f235e8,9d2ecddf077f0dbbfc98916224331cb99cc11a1fd7f88d5d7f1e9991fcdafa9d,modularity,Проверить границы модулей и контракт расширений,False
transitive-bullshit/ffmpeg-concat,https://github.com/transitive-bullshit/ffmpeg-concat,processing_framework,Concats a list of videos together using ffmpeg with sexy OpenGL transitions.,JavaScript,988,False,2026-01-24T03:05:04Z,UNKNOWN,metadata_manual_readme_automated,ok,2de647476867ea1248715d93a21b5122d9c94bed,b3ce2949880f7bec6b5a5a1920da752bf3567fe58e87b09d5627f9e9c4b8f86a,scheduling,"Проверить очереди, ожидание и бюджет параллелизма",False
tsowell/wiremix,https://github.com/tsowell/wiremix,audio_dsp,Simple TUI audio mixer for PipeWire,Rust,1046,False,2026-07-12T01:19:37Z,Apache-2.0,metadata_manual_readme_automated,ok,9d4bb10a8e1a5435cafba3231ff05dc7e6771e18,0c1dd7731dacd1b2ce335ccc3f4140f6943048dc862c54772feaddab5592c200,,Проверить применимость по назначению; README не дал архитектурных сигналов,False
ttqftech/FFBox,https://github.com/ttqftech/FFBox,processing_framework,一个多媒体转码百宝箱 / 一个 FFmpeg 的套壳,TypeScript,1102,False,2026-08-10T20:09:00Z,NOASSERTION,metadata_manual_readme_automated,ok,0470c95eaf8262cad8280b118b1eb60d7d319b0c,65c173fa242dc54bf0ba9e503f4539507171b03b3e3e2c34ef42f16ea46ba845,modularity,Проверить границы модулей и контракт расширений,False
twitter/vireo,https://github.com/twitter/vireo,processing_framework,Vireo is a lightweight and versatile video processing library written in C++11,C++,955,False,2021-10-21T17:26:15Z,MIT,metadata_manual_readme_automated,ok,f83d0fdcd4a26fd7761c6ab82c453217c2df052e,59f0fa5af1b69edfaec13a8017fb8f732be9eaa02e47fa0b032a8a12b8b2cf1d,quality; modularity,"Проверить корпус, качество и воспроизводимость метрик; Проверить границы модулей и контракт расширений",False
u2takey/ffmpeg-go,https://github.com/u2takey/ffmpeg-go,integration_wrapper,golang binding for ffmpeg,Go,2349,False,2024-05-24T01:49:22Z,Apache-2.0,metadata_manual_readme_automated,ok,b1996de739c4ce994bc86817019bc6c1aad6bf26,334e35d42ff881b012d17e081a6f99d19c5cbe1319931deebefc4f48f0a38d2e,time,"Проверить временные шкалы, задержку и discontinuity",False
ultravideo/kvazaar,https://github.com/ultravideo/kvazaar,targeted_library_framework,An open-source HEVC encoder,C,961,False,2026-04-22T12:51:50Z,BSD-3-Clause,metadata_manual_readme_automated,ok,870a82598a8302a31cf1e6dcb07bfd00b4d99eac,b9e0c6c188f65cd704679bd76c3d162407d4ab87e940bb4ae050101894c5e301,memory; scheduling; quality,"Проверить владение, лимиты памяти и жизненный цикл буферов; Проверить очереди, ожидание и бюджет параллелизма; Проверить корпус, качество и воспроизводимость метрик",False
umezawatakeshi/utvideo,https://github.com/umezawatakeshi/utvideo,codec_hardware,Ut Video Codec Suite - fast lossless video codec,C++,347,False,2025-10-17T14:22:12Z,GPL-2.0,metadata_manual_readme_automated,ok,d28b266675e2f5a8b4547dec2d5460e959da8755,809648f139d8d29f325d2423a36db1e5c77fffcff476a829d045abb28268deed,,Проверить применимость по назначению; README не дал архитектурных сигналов,False
unosquare/ffmediaelement,https://github.com/unosquare/ffmediaelement,integration_wrapper,FFME: The Advanced WPF MediaElement (based on FFmpeg),C#,1274,False,2024-06-26T19:16:34Z,NOASSERTION,metadata_manual_readme_automated,ok,d11807cac9d11430266afabf86e6a73c32b40044,99776f13ce185cd09390f11fa8944f34186e47c4ab6ecf9a01f2e843a09070d5,scheduling; time,"Проверить очереди, ожидание и бюджет параллелизма; Проверить временные шкалы, задержку и discontinuity",False
Vanilagy/mediabunny,https://github.com/Vanilagy/mediabunny,targeted_library_framework,"Pure TypeScript media toolkit for reading, writing, and converting video and audio files, directly in the browser.",TypeScript,7091,False,2026-09-04T21:02:10Z,MPL-2.0,selected_source_excerpts,ok,8b2cac52e5d43f8f0c11fbaac4f5c96828ff88b6,e8f4438d0f47eeee2bde157e6b5f7376ac4cfbb4db92b71e2163457c9e43fa8d,memory; gpu,"Проверить владение, лимиты памяти и жизненный цикл буферов; Проверить передачу GPU-поверхностей и синхронизацию",False
Vanilagy/mp4-muxer,https://github.com/Vanilagy/mp4-muxer,container_metadata,"MP4 multiplexer in pure TypeScript with support for WebCodecs API, video & audio.",TypeScript,612,False,2025-09-21T15:55:01Z,MIT,metadata_manual_readme_automated,ok,fa848bcd3744c9df9fbffc4822c91aa1197f94ed,0e7043797caf399edbda574f3104190f19fcf2472c66feffe54d7fae0a2e7c82,gpu,Проверить передачу GPU-поверхностей и синхронизацию,False
vapoursynth/vapoursynth,https://github.com/vapoursynth/vapoursynth,processing_framework,A video processing framework with simplicity in mind,C++,2086,False,2026-09-04T16:04:47Z,LGPL-2.1,selected_source_excerpts,ok,fc3f965398fef3c414b0de5a5a78e220d0bac307,661f3a453165beef3c02f35ef74a6c22151618ae6fc27d860840dc28db7cd803,,Проверить применимость по назначению; README не дал архитектурных сигналов,False
vb000/Waveformer,https://github.com/vb000/Waveformer,audio_dsp,A deep neural network architecture for low-latency audio processing,Python,327,False,2023-08-15T09:47:20Z,MIT,metadata_manual_readme_automated,ok,f663bcf35ebc713d74cba0cc0961b2b54738ac58,a629605b442fe9eb5cbfcb9fc70fdb08e4986d35c6a94e7314a8fd7491ede427,scheduling; time,"Проверить очереди, ожидание и бюджет параллелизма; Проверить временные шкалы, задержку и discontinuity",False
versatica/mediasoup,https://github.com/versatica/mediasoup,streaming_transport,Cutting Edge WebRTC Video Conferencing,C++,7353,False,2026-09-04T12:20:47Z,ISC,metadata_manual_readme_automated,ok,aa0b1fd8eb4bd4675a7039e46987c10c250ce0ae,e6e9eff8babdcd0925099bb0df34d3a8e7e8073d20bf29274390eb1939509775,scheduling; quality,"Проверить очереди, ожидание и бюджет параллелизма; Проверить корпус, качество и воспроизводимость метрик",False
VERT-sh/vertd,https://github.com/VERT-sh/vertd,processing_framework,VERT's solution to crappy video conversion services.,Rust,447,False,2026-09-01T21:35:41Z,GPL-3.0,metadata_manual_readme_automated,ok,5ef4add1d91a95d091e55134eb1a3f920d02560e,998a18e6b4437abd47de9a5df317f537fd10933fe2be90bfd82a49ac906f38c7,,Проверить применимость по назначению; README не дал архитектурных сигналов,False
video-dev/video-transcoding-api,https://github.com/video-dev/video-transcoding-api,transcoding_product,Agnostic API to transcode media assets across different cloud services.,Go,649,True,2023-03-06T09:02:25Z,Apache-2.0,metadata_manual_readme_automated,ok,f73bea7c77712f61595b1f204833bb56b02f4f85,b2296b185b8abe34d46ed762834e0da43ac914f6a7000b4177d703d695538f8b,scheduling,"Проверить очереди, ожидание и бюджет параллелизма",False
videoflow/videoflow,https://github.com/videoflow/videoflow,processing_framework,Python framework that facilitates the quick development of complex video analysis applications and other series-processing based applications in a multiprocessing environment.,Python,1034,False,2026-07-29T17:46:39Z,MIT,metadata_manual_readme_automated,ok,ab63e2c6de41a9fc575d5731952982c41fa42985,0e1c7f33e4f90299e7a0d775f7f31e233fe8cdad8d4ede2458b7773eb815a5c1,memory; scheduling; gpu; time; modularity,"Проверить владение, лимиты памяти и жизненный цикл буферов; Проверить очереди, ожидание и бюджет параллелизма; Проверить передачу GPU-поверхностей и синхронизацию; Проверить временные шкалы, задержку и discontinuity; Проверить границы модулей и контракт расширений",False
videojs/v10,https://github.com/videojs/v10,playback,[Beta] Video.js v10 - open source media player framework for Web and React.,TypeScript,931,False,2026-09-04T00:51:58Z,NOASSERTION,metadata_manual_readme_automated,ok,05d780a731bf7c2b3672a9dab33adeadb2d1ef8f,5ffc294f721e624bf7a11b40176c66c6c6fc0a2adaf39939be09a1c5b52dbff0,modularity,Проверить границы модулей и контракт расширений,False
videolan/dav1d,https://github.com/videolan/dav1d,targeted_library_framework,A read-only mirror of dav1d source code repository. The origin is at https://code.videolan.org/videolan/dav1d/,Assembly,797,False,2026-09-03T15:17:14Z,BSD-2-Clause,metadata_manual_readme_automated,ok,caa6e486e9b510870884b5910a95b3e426618602,392f5b97fef0590409a372fac6dc6dc99284f0e05b189131973812fca3f0c1b9,scheduling; gpu; quality,"Проверить очереди, ожидание и бюджет параллелизма; Проверить передачу GPU-поверхностей и синхронизацию; Проверить корпус, качество и воспроизводимость метрик",False
videolan/vlc,https://github.com/videolan/vlc,targeted_library_framework,"VLC media player - plays everything, runs anywhere. Code here: https://code.videolan.org/videolan/vlc",C,19529,False,2026-09-04T14:24:19Z,GPL-2.0,metadata_manual_readme_automated,ok,e05738085b7564f66692bcc84545aa7394778fec,60c9053417bfcd6dac582a6a5e8bb6b1334e7199d4339e95f31094b30e5b1eee,modularity,Проверить границы модулей и контракт расширений,False
VienLi/CcClip,https://github.com/VienLi/CcClip,processing_framework,vue and ffmpeg based tool for video clips. 使用vue(vue3) + ffmpeg + wasm 实现纯前端音视频编辑，功能包括：视频剪辑、音频剪辑、音频合成裁剪、音波展示、视频抽帧、gif抽帧、帧播放器、字幕、贴图、时间轴、素材轨道,Vue,1843,False,2025-02-24T03:27:13Z,NOASSERTION,metadata_manual_readme_automated,ok,90aba9380413f377e9676b83f32a6651c2ccaf57,5e96a1a417b41c94db34961bad52ac7f9183d6ba1e151fc624771311515e1a2b,modularity,Проверить границы модулей и контракт расширений,False
ViliamVadocz/nvidia-video-codec-sdk,https://github.com/ViliamVadocz/nvidia-video-codec-sdk,integration_wrapper,Rust bindings for NVIDIA Video Codec SDK,Rust,31,False,2026-03-31T14:38:56Z,MIT,metadata_manual_readme_automated,ok,f72e363eda64ba352131fef06ecd60c147f61411,82b290da029ac9a7f0c7aa59bd1ed6493c5eb5b535e8181e31c3278cf3906ecd,gpu,Проверить передачу GPU-поверхностей и синхронизацию,False
vime-js/vime,https://github.com/vime-js/vime,playback,"Customizable, extensible, accessible and framework agnostic media player. Modern alternative to Video.js and Plyr. Supports HTML5, HLS, Dash, YouTube, Vimeo, Dailymotion...",TypeScript,2844,False,2024-11-17T10:34:11Z,MIT,metadata_manual_readme_automated,ok,89e7e1dbfbd7f34128f67e29366ffd14057e985a,93c9996bafba29d197af1eb35b294da2c0257dfd33ad2d4c55b7514c76fd62ed,,Проверить применимость по назначению; README не дал архитектурных сигналов,False
virinext/pipeviz,https://github.com/virinext/pipeviz,streaming_transport,Pipeviz is a gui tool for constructing and testing gstreamer pipelines,C++,124,False,2020-01-09T19:53:00Z,GPL-2.0,metadata_manual_readme_automated,ok,838fde4a48ec7dc41e29514421cb1e16bad9ecf9,4bc4d9e20cc22584076b038e0a853259ef2ab83d75eaf3aac84a2db50c9b811f,,Проверить применимость по назначению; README не дал архитектурных сигналов,False
vladmandic/stream-rtsp,https://github.com/vladmandic/stream-rtsp,transcoding_product,Transcode & Play RTSP Video Streams in Browser,JavaScript,122,True,2024-03-13T23:09:49Z,MIT,metadata_manual_readme_automated,ok,172baf2a3b71da97008498275d82a11ca26516d3,8dd99488763c023838c545d3a0e7192dfc0c6157329daa87259bc091412cdea3,time; modularity,"Проверить временные шкалы, задержку и discontinuity; Проверить границы модулей и контракт расширений",False
walterlow/freecut,https://github.com/walterlow/freecut,editor_compositor,"FreeCut is a professional-grade video editor that runs entirely in your browser. Professional video editing, zero installation. Create stunning videos with multi-track editing, keyframe animations, real-time preview, and high-quality exports.",TypeScript,2140,False,2026-08-31T23:50:48Z,MIT,metadata_manual_readme_automated,ok,70b7a12664748d90edc332790e5074177ae9c2f5,618ccca7a0e310c067ccf887c1f79817dabd4a2d20db5ddcff306afaa5239507,scheduling; gpu; modularity,"Проверить очереди, ожидание и бюджет параллелизма; Проверить передачу GPU-поверхностей и синхронизацию; Проверить границы модулей и контракт расширений",False
wang-bin/QtAV,https://github.com/wang-bin/QtAV,processing_framework,A cross-platform multimedia framework based on Qt and FFmpeg. 基于Qt和FFmpeg的跨平台高性能音视频播放框架. Recommand to use new sdk https://github.com/wang-bin/mdk-sdk,C++,4256,False,2025-08-15T16:20:01Z,UNKNOWN,metadata_manual_readme_automated,ok,5d88b20850237a0944464aea533150cf43b8cdbf,36558341617d15dd159882d6ef61abfc323713feb78114f2e5c68ed88096f653,gpu,Проверить передачу GPU-поверхностей и синхронизацию,False
wangdxh/netty-stream,https://github.com/wangdxh/netty-stream,streaming_transport,a media server by netty framework support rtsp httpflv websocketflv,Java,113,False,2023-07-18T03:04:36Z,Apache-2.0,metadata_manual_readme_automated,ok,7a1763d7286db3a4df40b03c7f6fc41c6d6956ae,dd15df8e066b02cc7acf09418de130c18f5dfa623598ffa040c20c0a830af17e,,Проверить применимость по назначению; README не дал архитектурных сигналов,False
wangrongding/WebCut,https://github.com/wangrongding/WebCut,editor_compositor,🎬 基于 web 端的音视频编辑器。(A web-based audio and video editor.),Vue,207,False,2024-05-03T16:56:17Z,LGPL-3.0,metadata_manual_readme_automated,ok,75cbbe16c49574a225bb0d4a446f23a22e891a12,a8f843982392ecac0aaa87b3748c22b8de6f430191c84ec4dea6eccb0dd98f8b,gpu,Проверить передачу GPU-поверхностей и синхронизацию,False
WangShuo1143368701/WSLiveDemo,https://github.com/WangShuo1143368701/WSLiveDemo,streaming_transport,音视频，直播SDK，rtmp推流，录制视频，滤镜。百万用户，线上迭代半年，已经稳定。,Java,2057,False,2022-04-04T06:24:43Z,UNKNOWN,metadata_manual_readme_automated,ok,d208538cd4168d2bc9b411c189e28863bd2f66d2,717d3f578e77d3c9621d0a24c8233255d6286be7eb51462d33bd6df92be9a542,gpu,Проверить передачу GPU-поверхностей и синхронизацию,False
wangyijin/GPUImage-x,https://github.com/wangyijin/GPUImage-x,processing_framework,"A Cross-platform (for both Android & iOS) Framework for GPU-based Filters, Video and Image Processing. ",C++,220,False,2020-08-04T10:44:06Z,NOASSERTION,metadata_manual_readme_automated,ok,15c33884e71e9d8e22a04524a718653e716633ca,aae652c55f204756daef47c4a01bc62ca566df959bf008b39370529369cb0954,scheduling; gpu,"Проверить очереди, ожидание и бюджет параллелизма; Проверить передачу GPU-поверхностей и синхронизацию",False
webmproject/libvpx,https://github.com/webmproject/libvpx,targeted_library_framework,Mirror only. Please do not send pull requests.,C,971,False,2026-09-01T15:22:48Z,BSD-3-Clause,metadata_manual_readme_automated,ok,7bcce8f0e8a3c26418b990e07dd5a3220c9e1a3d,0791de8b892beac7123a01b3c8fb734b7cdbfc9572085eee36197fcc02acc79d,scheduling,"Проверить очереди, ожидание и бюджет параллелизма",False
webRTC-io/webRTC.io,https://github.com/webRTC-io/webRTC.io,streaming_transport,An abstraction layer for webRTC. Aim is to simplify the HTML5 web standard webRTC in a similar manner to socket.io w/ websockets. Highly experimental technology,JavaScript,1603,False,2013-05-17T01:50:26Z,UNKNOWN,metadata_manual_readme_automated,ok,cbc67da6b4d923fd4ac4270fce272f7b08a55307,c4bcdec9ad387d19575ace9f2eacbec67e1ed60b8f569b2cf3931c9db56d1867,time,"Проверить временные шкалы, задержку и discontinuity",False
webrtc-rs/webrtc,https://github.com/webrtc-rs/webrtc,streaming_transport,Async-friendly WebRTC implementation in Rust,Rust,5142,False,2026-09-04T14:40:34Z,Apache-2.0,metadata_manual_readme_automated,ok,31a80c9572e84799842ab5e0d9a75489a00f482d,f670a188e3b9e41b43d1d94e1f1655e7eb20b586c4ce0d7869efd1bb05eece03,scheduling; quality; modularity,"Проверить очереди, ожидание и бюджет параллелизма; Проверить корпус, качество и воспроизводимость метрик; Проверить границы модулей и контракт расширений",False
webstream-labs/jmuxer,https://github.com/webstream-labs/jmuxer,container_metadata,jMuxer - a simple javascript mp4 muxer that works in both browser and node environment.,JavaScript,639,False,2026-09-03T12:11:28Z,NOASSERTION,metadata_manual_readme_automated,ok,80f2114833b861cf501408ca2d7e5ba3e9436a7a,88be1215ec19251e8c2dd65e13866b2068d71d92931a9c855ebad3542789e2ee,,Проверить применимость по назначению; README не дал архитектурных сигналов,False
welovemedia/ffmate,https://github.com/welovemedia/ffmate,transcoding_product,"FFmate is a modern and powerful automation layer built on top of FFmpeg - designed to make video and audio transcoding simpler, smarter, and easier to integrate",Go,597,False,2026-09-01T10:53:33Z,AGPL-3.0,metadata_manual_readme_automated,ok,af1b48e8c73b3529c207b14c017baed821a52b24,b52b9b153bbfcda779664e21558df148394b4c1ffcef9eaef6104fcca912e229,scheduling,"Проверить очереди, ожидание и бюджет параллелизма",False
whitphx/streamlit-webrtc,https://github.com/whitphx/streamlit-webrtc,audio_dsp,Real-time video and audio processing on Streamlit,Python,1706,False,2026-09-01T21:51:38Z,MIT,metadata_manual_readme_automated,ok,e60e51f70b69adf40eb0e54397f5d7030a5ac3fe,641f5cbe8c739bc50606b935eb22ec7b0ea1d4a5d86e45edf24fc4e84e3cf85f,memory; scheduling,"Проверить владение, лимиты памяти и жизненный цикл буферов; Проверить очереди, ожидание и бюджет параллелизма",False
wiedymi/mediafox,https://github.com/wiedymi/mediafox,playback,"Framework-agnostic, TypeScript-first media player powered by MediaBunny. Full control over rendering and UI.",TypeScript,72,False,2026-02-07T19:57:35Z,UNKNOWN,metadata_manual_readme_automated,ok,3269f9110f287c9225f4fefd02ad79c3d347cbb6,26e6cb174f181b96f37f3931d0c460bd07eda283a5798d964e89c073f81fe6c9,,Проверить применимость по назначению; README не дал архитектурных сигналов,False
winshining/nginx-http-flv-module,https://github.com/winshining/nginx-http-flv-module,streaming_transport,"A media streaming server based on nginx-rtmp-module. In addtion to the features nginx-rtmp-module provides, HTTP-FLV, GOP cache, VHosts (one IP for multi domain names) and JSON style statistics are supported now.",C,2933,False,2026-08-19T13:57:01Z,BSD-2-Clause,metadata_manual_readme_automated,ok,070d9a92b1226eb18e73157bd81785072c8b48e3,1304da60d28dfefa12bc324bd77596fa7a30e20d1ee81c8515d50dbecbd4a69e,scheduling; modularity,"Проверить очереди, ожидание и бюджет параллелизма; Проверить границы модулей и контракт расширений",False
wiseman/py-webrtcvad,https://github.com/wiseman/py-webrtcvad,integration_wrapper,Python interface to the WebRTC Voice Activity Detector ,C,2498,False,2024-07-04T02:23:24Z,NOASSERTION,metadata_manual_readme_automated,ok,f7d040c62c98592b7676cb09396702d299257f12,6077789b054d98d5522955f3ff4950a65bad24b93085239e55cfea6ca4a8f172,,Проверить применимость по назначению; README не дал архитектурных сигналов,False
wseemann/FFmpegMediaMetadataRetriever,https://github.com/wseemann/FFmpegMediaMetadataRetriever,container_metadata,FFmpegMediaMetadataRetriever provides a unified interface for retrieving frame and meta data from an input media file.,C,1784,False,2026-06-28T00:31:27Z,UNKNOWN,metadata_manual_readme_automated,ok,375c56b2e285fde62348e722ae1fa546a709c0ab,2ca4a2dd0ddc8a27847b0b2db6d1e96abd5917f9d1d742f0a12f64e2ec2ea32c,modularity,Проверить границы модулей и контракт расширений,False
WyattBlue/auto-editor,https://github.com/WyattBlue/auto-editor,editor_compositor,Effort free video editing!,Nim,5151,False,2026-09-03T01:47:12Z,Unlicense,metadata_manual_readme_automated,ok,7997c71a07a7af54ce76d9cfba541f9ca27edd2f,5f83405b988edc0972bb2d0e083159aae3b2e422c2d70f2563e04100900ec7c4,,Проверить применимость по назначению; README не дал архитектурных сигналов,False
xaus-group/nyx_converter,https://github.com/xaus-group/nyx_converter,transcoding_product,"A Flutter package for converting, inspecting, and previewing audio and video files with FFmpeg. Supports containers, codecs, bitrates, media info, thumbnails, and real-time progress tracking. https://xaus-group.github.io/nyx_converter/",Dart,23,False,2026-08-28T07:41:02Z,LGPL-3.0,metadata_manual_readme_automated,ok,aa5f56553158133364d7d380b0c5357353a73a70,adfa75a4667a5fba8a7c0f7cbc24ddd84992ded10cf09317820848204ad11172,,Проверить применимость по назначению; README не дал архитектурных сигналов,False
xiongyihui/python-webrtc-audio-processing,https://github.com/xiongyihui/python-webrtc-audio-processing,integration_wrapper,Python bindings of WebRTC Audio Processing,C++,215,False,2025-05-07T08:56:19Z,UNKNOWN,metadata_manual_readme_automated,ok,08a2307d09040e15246787bd0c662c3d58b5dfe9,a1945f06eddea7dd1f1701c470acfa8e2c0e523fc222d8bb897a775d5b708445,,Проверить применимость по назначению; README не дал архитектурных сигналов,False
xiph/daala,https://github.com/xiph/daala,targeted_library_framework,Modern video compression for the internet,C,561,False,2025-12-06T18:51:18Z,BSD-2-Clause,metadata_manual_readme_automated,ok,111c4af59031e475d53250350208f22c03ae44b9,62002e24914a5db378fc643026a74acea8d7e673d51b29610bff819b78c54eb0,,Проверить применимость по назначению; README не дал архитектурных сигналов,False
xiph/flac,https://github.com/xiph/flac,targeted_library_framework,Free Lossless Audio Codec,C,2409,False,2026-07-19T09:32:45Z,GFDL-1.3,metadata_manual_readme_automated,ok,2fb982d6244fbab51376588f22436101367a8c4e,60f6958863c656e55017928edfda20ec26f60b06d673a68cc0030fd24f27f544,quality; modularity,"Проверить корпус, качество и воспроизводимость метрик; Проверить границы модулей и контракт расширений",False
xiph/ogg,https://github.com/xiph/ogg,targeted_library_framework,Reference implementation of the Ogg media container,C,434,False,2026-03-03T12:59:51Z,BSD-3-Clause,metadata_manual_readme_automated,ok,eac482a7cc012c03e9c3d311e392f5579387d806,34f7cace65cf4e66de9d2bd820cdf83bec55502a44e067fb6a4aab9ce825aea0,,Проверить применимость по назначению; README не дал архитектурных сигналов,False
xiph/opus,https://github.com/xiph/opus,targeted_library_framework,Modern audio compression for the internet.,C,3301,False,2026-09-04T21:25:37Z,NOASSERTION,metadata_manual_readme_automated,ok,bcf2376db8df856ae58e0988c78c63fb58af0858,9bdf02594da8c33af8b7bdb7a2ac98f6fdc6abc71d5fb198e7b186286a681dca,time,"Проверить временные шкалы, задержку и discontinuity",False
xiph/rav1e,https://github.com/xiph/rav1e,targeted_library_framework,The fastest and safest AV1 encoder.,Assembly,4148,False,2026-09-02T20:51:01Z,BSD-2-Clause,metadata_manual_readme_automated,ok,5a7899138822bb6cc285180dba1713399cb8c862,6e1deb6fc6c8ce760b323082a8e259fe0001eda6cf51d8e226c473662c3e886c,,Проверить применимость по назначению; README не дал архитектурных сигналов,False
xiph/speexdsp,https://github.com/xiph/speexdsp,audio_dsp,"Speex audio processing library - THIS IS A MIRROR, DEVELOPMENT HAPPENS AT https://gitlab.xiph.org/xiph/speexdsp",C,726,False,2026-08-31T17:49:54Z,NOASSERTION,metadata_manual_readme_automated,ok,8d10b1c2541a9428371b79393d308bb5139e12bb,446f5683eaed88e73c4dc881898b46ee0cc5cba78b92b1b3dfcd3148d802a2de,,Проверить применимость по назначению; README не дал архитектурных сигналов,False
xiph/vorbis,https://github.com/xiph/vorbis,targeted_library_framework,Reference implementation of the Ogg Vorbis audio format.,C,578,False,2026-08-04T10:59:08Z,BSD-3-Clause,metadata_manual_readme_automated,ok,30c88d391d928b2fccca9690fcaee05299aa4e44,d408e3a8d5eeb70e4dec13fffefbd21c4d4c0b584ae3d6fe4245ef7673a2a739,,Проверить применимость по назначению; README не дал архитектурных сигналов,False
yangjie10930/EpMedia,https://github.com/yangjie10930/EpMedia,integration_wrapper,"Android上基于FFmpeg开发的视频处理框架，简单易用，体积小，帮助使用者快速实现视频处理功能。包含以下功能：剪辑，裁剪，旋转，镜像，合并，分离，变速，添加LOGO，添加滤镜，添加背景音乐，加速减速视频，倒放音视频。 The video processing framework based on FFmpeg developed on Android is simple, easy to use, and small in size, helping users quickly realize video processing functions. Contains the following functions: editing, cropping, rotating, mirroring, merging, separating, variable speed, adding LOGO, adding filters, adding background music, accelerating and decelerating video, rewinding audio and video.",C,2508,False,2021-08-09T08:11:06Z,MIT,metadata_manual_readme_automated,ok,b7150ade31b9e2a026fb559d57f76e5236202bc5,69a10e2dc6514beef9d11c889cc9a359884d8872f72677d1e1fe42fae8e0fe50,,Проверить применимость по назначению; README не дал архитектурных сигналов,False
yangkun19921001/AVEditor,https://github.com/yangkun19921001/AVEditor,editor_compositor,"这是一款短视频编辑 SDK，仿 DouYin 音视频处理。功能包含有美颜、滤镜、贴纸、特效、录制、分段录制、速率录制、变声、配乐、rtmp 直播推流、图片转视频、剪辑,mp4/flv 格式封装等功能。动态库用的我另一个项目编译好的 https://github.com/yangkun19921001/AVFFmpegLib",C,382,False,2020-10-12T10:19:43Z,UNKNOWN,metadata_manual_readme_automated,ok,e648e89d225e636efc5225007481b826ad8a4ba1,75445af89216aecb85e71aa1641e7963b9ed6c36b8889c9bb6c99b9630a7306f,gpu,Проверить передачу GPU-поверхностей и синхронизацию,False
yapingcat/gomedia,https://github.com/yapingcat/gomedia,container_metadata,"golang library for rtmp, mpeg-ts,mpeg-ps,flv,mp4,ogg,rtsp",Go,502,False,2024-09-06T16:27:32Z,MIT,metadata_manual_readme_automated,ok,cf0ee330f566853b74db0a29604f5dac8162488b,8539db21ded1b60a45a9f7fbac1c966515e79f62eba98ee9d46216bd648dc776,,Проверить применимость по назначению; README не дал архитектурных сигналов,False
YeautyYE/ez-ffmpeg,https://github.com/YeautyYE/ez-ffmpeg,processing_framework,"A safe and ergonomic Rust interface for FFmpeg integration, designed for ease of use.",Rust,354,False,2026-09-01T19:23:17Z,Apache-2.0,metadata_manual_readme_automated,ok,d4fb725cc334d7967fb2be02af32cd74ad415bbc,bc8be7e56691f60c9ec6e1c0a027a13ec08063b07b139dffefe7a9b33f6dd766,scheduling; gpu,"Проверить очереди, ожидание и бюджет параллелизма; Проверить передачу GPU-поверхностей и синхронизацию",False
yellowcath/VideoProcessor,https://github.com/yellowcath/VideoProcessor,codec_hardware,process video(cut & scale & increase & decrease & reverse) with mediacodec,Java,991,False,2023-04-13T02:41:26Z,Apache-2.0,metadata_manual_readme_automated,ok,1b784029cb30556b0244e4f26a258e3b508d90b3,18cdfeac157c3936b19bf7bf3aa8a7d57bbd8b2132e4d27439e826f4a35df1a1,,Проверить применимость по назначению; README не дал архитектурных сигналов,False
yohhoy/av1parser,https://github.com/yohhoy/av1parser,codec_hardware,AV1 video codec bitstream parser (not decoder!),Rust,42,False,2021-09-29T22:48:36Z,MIT,metadata_manual_readme_automated,ok,8a08afeac3280ebbcfcdaedb8088a522abca0445,f9825f41b54f8c630844f9b1eddbe6aa8592b380caf2416783372b54b9f838e2,,Проверить применимость по назначению; README не дал архитектурных сигналов,False
ypresto/android-transcoder,https://github.com/ypresto/android-transcoder,container_metadata,"MP4 video transcode using Android MediaCodec API, pure Java (not LGPL nor patent issue!). Supports API >= 18.",Java,853,False,2022-12-20T15:08:26Z,Apache-2.0,metadata_manual_readme_automated,ok,ca7e0a67ace040dc2848ee2811a32ac0dca7f70c,995cc11e0bd748eeebfbac2d8a9632a6f38749755a141ef586a9d2dc07466c2d,,Проверить применимость по назначению; README не дал архитектурных сигналов,False
yuanqing/vdx,https://github.com/yuanqing/vdx,processing_framework,":film_strip: An intuitive CLI for processing video, powered by FFmpeg",TypeScript,1659,False,2021-02-27T07:45:42Z,MIT,metadata_manual_readme_automated,ok,84fb789d19d735ec046200b9ee4ed6b0a564bff1,532129fae73ed21ecb1f32c455170e75bf3f9d791e8b908016f61cc466758a27,scheduling; time,"Проверить очереди, ожидание и бюджет параллелизма; Проверить временные шкалы, задержку и discontinuity",False
zamaudio/zam-plugins,https://github.com/zamaudio/zam-plugins,audio_dsp,Collection of LADSPA/LV2/VST/JACK audio plugins for high-quality processing,C++,321,False,2026-07-28T08:05:32Z,GPL-2.0,metadata_manual_readme_automated,ok,23f49abcbd89c45bb1352854fb525114b7aa13b6,01ac02f906b35dbb1389a4a7ae6026c76bb299d79b2f86a090aed3da52dd59ed,modularity,Проверить границы модулей и контракт расширений,False
zaps166/QMPlay2,https://github.com/zaps166/QMPlay2,codec_hardware,QMPlay2 is a video and audio player which can play most formats and codecs.,C++,1178,False,2026-08-30T15:44:46Z,LGPL-3.0,metadata_manual_readme_automated,ok,10e5d6dc856f720bc79f5e679001da717e268657,52994112fba4f9cd391f70ae4dc45499af6d63bb3ac4b81d6d2ddb5dd57ade36,gpu; modularity,Проверить передачу GPU-поверхностей и синхронизацию; Проверить границы модулей и контракт расширений,False
zhongyang219/MusicPlayer2,https://github.com/zhongyang219/MusicPlayer2,audio_dsp,MusicPlayer2是一款功能强大的本地音乐播放软件，旨在为用户提供最佳的本地音乐播放体验。它支持歌词显示、歌词卡拉OK样式显示、歌词在线下载、歌词编辑、歌曲标签识别、专辑封面显示、专辑封面在线下载、频谱分析、音效设置、任务栏缩略图按钮、主题颜色、格式转换等功能，支持高度自定义的界面布局，支持多种播放内核（BASS和FFMpeg）。播放器支持大部分常见的音频格式。,C++,6645,False,2026-08-31T10:02:41Z,GPL-3.0,metadata_manual_readme_automated,ok,89b66cd7f6cc0fc48bf534683d30833b75535af9,04c6fe5c063e8656f87aa1a2799e6e35a146dd7d395a61a6c2ac0d4bf7bc9acb,,Проверить применимость по назначению; README не дал архитектурных сигналов,False
ZLMediaKit/ZLMediaKit,https://github.com/ZLMediaKit/ZLMediaKit,container_metadata,WebRTC/RTSP/RTMP/HTTP/HLS/HTTP-FLV/WebSocket-FLV/HTTP-TS/HTTP-fMP4/WebSocket-TS/WebSocket-fMP4/GB28181/SRT/STUN/TURN server and client framework based on C++11,C++,17495,False,2026-09-03T13:22:25Z,NOASSERTION,metadata_manual_readme_automated,ok,87ae92c150ed1f45d644554538be5d8202d66951,52d659c9883e412389b48ca8d67d4c32d68a67c35862b3de96cfe78e3964003a,gpu,Проверить передачу GPU-поверхностей и синхронизацию,False
zmwangx/rust-ffmpeg,https://github.com/zmwangx/rust-ffmpeg,integration_wrapper,Safe FFmpeg wrapper.,Rust,1990,False,2026-08-30T20:16:26Z,WTFPL,metadata_manual_readme_automated,ok,237d24199e347185bdd4f859f66fea2c9f939bc4,fa1f1b3b2227597ca0ea230ea47e30021f4cf0573b6e0083a3bcaa0a21558c31,modularity,Проверить границы модулей и контракт расширений,False
